Temp_C,Dew Point Temp_C,Rel Hum_%,Wind Speed_km/h,Visibility_km,Press_kPa,Year,Month,Day,Hour,Weekday,IsWeekend,Hour_sin,Hour_cos
2.4,-7.4,48.0,6.0,26.349999999999998,103.135,2012,11,17,15,5,1,-0.7071067811865471,-0.7071067811865479
0.4,-1.0,90.0,19.0,22.750000000000004,99.015,2012,2,25,4,5,1,0.8660254037844386,0.5000000000000001
10.9,1.8,53.0,19.0,25.0,100.91,2012,4,20,1,4,0,0.25881904510252074,0.9659258262890683
-7.7,-10.9,78.0,19.0,22.750000000000004,101.14,2012,1,31,19,1,0,-0.9659258262890684,0.2588190451025203
26.8,17.3,56.0,15.0,24.1,100.45,2012,9,6,12,3,0,1.2246467991473532e-16,-1.0
-8.9,-13.1,72.0,36.5,22.750000000000004,99.67,2012,1,14,0,5,1,0.0,1.0
28.1,20.7,64.0,13.0,24.1,100.43,2012,7,16,14,0,0,-0.4999999999999997,-0.8660254037844388
11.9,2.3,52.0,36.5,26.349999999999998,101.19,2012,4,17,6,1,0,1.0,6.123233995736766e-17
27.9,13.3,41.0,11.0,26.349999999999998,101.68,2012,8,24,16,4,0,-0.8660254037844385,-0.5000000000000004
-10.5,-12.6,85.0,19.0,25.0,101.47,2012,12,25,3,1,0,0.7071067811865476,0.7071067811865476
-15.8,-23.2,53.0,22.0,24.1,101.58,2012,1,3,17,1,0,-0.9659258262890683,-0.25881904510252063
9.5,7.0,84.0,6.0,22.750000000000004,101.13,2012,5,1,11,1,0,0.258819045102521,-0.9659258262890682
22.5,15.1,63.0,15.0,26.349999999999998,101.59,2012,7,13,7,4,0,0.9659258262890683,-0.25881904510252063
0.6,0.3,98.0,19.0,22.750000000000004,99.34,2012,12,10,13,0,0,-0.2588190451025208,-0.9659258262890683
3.3,-0.6,76.0,26.0,24.1,100.03,2012,4,27,5,4,0,0.9659258262890683,0.25881904510252074
11.0,7.4,78.0,9.0,25.0,101.56,2012,3,22,3,3,0,0.7071067811865476,0.7071067811865476
2.6,-2.3,70.0,32.0,25.0,99.21,2012,1,2,5,0,0,0.9659258262890683,0.25881904510252074
-4.4,-6.6,85.0,15.0,22.750000000000004,100.83,2012,12,28,1,4,0,0.25881904510252074,0.9659258262890683
12.0,-3.2,34.0,11.0,25.0,101.47,2012,4,30,22,0,0,-0.5000000000000004,0.8660254037844384
28.9,20.7,61.0,19.0,24.1,100.87,2012,7,31,12,1,0,1.2246467991473532e-16,-1.0
-2.0,-12.4,45.0,6.0,26.349999999999998,101.03,2012,4,3,6,1,0,1.0,6.123233995736766e-17
2.5,1.3,92.0,6.0,26.349999999999998,101.83,2012,10,8,7,0,0,0.9659258262890683,-0.25881904510252063
1.5,-7.4,52.0,36.5,24.1,99.64,2012,11,24,13,5,1,-0.2588190451025208,-0.9659258262890683
-18.3,-22.5,70.0,0.0,25.0,102.57,2012,1,22,0,6,1,0.0,1.0
6.2,0.0,64.0,17.0,25.0,101.36,2012,4,14,5,5,1,0.9659258262890683,0.25881904510252074
4.7,0.5,74.0,17.0,25.0,100.79,2012,11,3,22,5,1,-0.5000000000000004,0.8660254037844384
-10.7,-16.9,60.0,19.0,26.349999999999998,102.17,2012,1,16,12,0,0,1.2246467991473532e-16,-1.0
20.1,2.6,31.0,22.0,26.349999999999998,101.73,2012,5,18,14,4,0,-0.4999999999999997,-0.8660254037844388
11.0,7.7,80.0,9.0,25.0,101.06,2012,8,29,3,2,0,0.7071067811865476,0.7071067811865476
1.0,0.0,93.0,19.0,22.750000000000004,100.09,2012,12,10,7,0,0,0.9659258262890683,-0.25881904510252063
-1.7,-2.5,94.0,6.0,25.0,100.47,2012,4,2,5,0,0,0.9659258262890683,0.25881904510252074
18.5,12.4,68.0,11.0,24.1,101.78,2012,8,24,7,4,0,0.9659258262890683,-0.25881904510252063
0.7,-0.7,90.0,6.0,25.0,101.94,2012,2,16,3,3,0,0.7071067811865476,0.7071067811865476
-7.8,-10.8,79.0,4.0,22.750000000000004,100.12,2012,1,7,3,5,1,0.7071067811865476,0.7071067811865476
0.4,-1.2,89.0,11.0,22.750000000000004,100.22,2012,4,2,0,0,0,0.0,1.0
1.5,-5.8,58.0,19.0,26.349999999999998,100.71,2012,2,18,15,5,1,-0.7071067811865471,-0.7071067811865479
18.8,12.2,65.0,20.0,26.349999999999998,100.83,2012,7,8,7,6,1,0.9659258262890683,-0.25881904510252063
4.0,1.0,81.0,11.0,22.750000000000004,100.61,2012,3,13,7,1,0,0.9659258262890683,-0.25881904510252063
2.8,-1.5,73.0,17.0,24.1,101.33,2012,12,14,12,4,0,1.2246467991473532e-16,-1.0
19.1,12.9,67.0,9.0,25.0,100.67,2012,7,1,23,6,1,-0.25881904510252157,0.9659258262890681
-8.5,-14.8,60.0,20.0,26.349999999999998,102.54,2012,12,15,16,5,1,-0.8660254037844385,-0.5000000000000004
0.9,-4.8,66.0,22.0,25.0,100.87,2012,2,10,17,4,0,-0.9659258262890683,-0.25881904510252063
32.2,20.0,49.0,26.0,24.1,100.74,2012,6,20,16,2,0,-0.8660254037844385,-0.5000000000000004
-3.2,-8.4,67.0,24.0,25.0,99.59,2012,2,25,17,5,1,-0.9659258262890683,-0.25881904510252063
19.6,12.4,63.0,13.0,25.0,101.64,2012,8,24,3,4,0,0.7071067811865476,0.7071067811865476
-4.1,-6.5,83.0,9.0,22.750000000000004,100.21,2012,1,5,4,3,0,0.8660254037844386,0.5000000000000001
-0.9,-6.5,66.0,9.0,25.0,101.9,2012,11,7,1,2,0,0.25881904510252074,0.9659258262890683
-2.9,-11.7,51.0,13.0,24.1,101.89,2012,2,29,14,2,0,-0.4999999999999997,-0.8660254037844388
-6.1,-14.5,51.0,6.0,26.349999999999998,103.01,2012,3,10,10,5,1,0.49999999999999994,-0.8660254037844387
19.7,9.4,51.0,7.0,25.0,101.53,2012,9,2,21,6,1,-0.7071067811865477,0.7071067811865474
-1.2,-6.6,67.0,20.0,25.0,100.62,2012,3,9,2,4,0,0.49999999999999994,0.8660254037844387
19.9,18.9,94.0,13.0,25.0,100.65,2012,8,11,20,5,1,-0.8660254037844386,0.5000000000000001
-11.9,-16.0,72.0,13.0,25.0,100.86,2012,2,14,1,1,0,0.25881904510252074,0.9659258262890683
2.8,0.6,85.0,9.0,25.0,100.86,2012,10,17,1,2,0,0.25881904510252074,0.9659258262890683
14.6,10.6,77.0,6.0,25.0,101.11,2012,7,19,2,3,0,0.49999999999999994,0.8660254037844387
-0.1,-7.0,60.0,7.0,25.0,103.135,2012,11,17,20,5,1,-0.8660254037844386,0.5000000000000001
17.5,12.7,73.0,6.0,25.0,101.2,2012,5,14,22,0,0,-0.5000000000000004,0.8660254037844384
6.4,-7.1,37.0,11.0,26.349999999999998,101.16,2012,3,31,12,5,1,1.2246467991473532e-16,-1.0
30.8,20.0,53.0,13.0,24.1,100.42,2012,6,21,11,3,0,0.258819045102521,-0.9659258262890682
12.2,-3.7,33.0,13.0,25.0,101.49,2012,4,30,21,0,0,-0.7071067811865477,0.7071067811865474
22.5,13.8,58.0,24.0,25.0,101.05,2012,5,21,21,0,0,-0.7071067811865477,0.7071067811865474
27.4,16.3,51.0,20.0,26.349999999999998,101.02,2012,6,17,16,6,1,-0.8660254037844385,-0.5000000000000004
13.3,11.4,88.0,0.0,25.0,100.58,2012,5,16,3,2,0,0.7071067811865476,0.7071067811865476
14.9,10.8,76.0,17.0,25.0,100.81,2012,5,22,22,1,0,-0.5000000000000004,0.8660254037844384
1.3,-4.0,68.0,28.0,24.1,100.94,2012,2,10,15,4,0,-0.7071067811865471,-0.7071067811865479
15.9,15.3,96.0,4.0,25.0,100.1,2012,7,27,3,4,0,0.7071067811865476,0.7071067811865476
20.0,18.6,92.0,13.0,22.750000000000004,100.35,2012,9,5,1,2,0,0.25881904510252074,0.9659258262890683
18.0,8.8,55.0,4.0,26.349999999999998,101.42,2012,6,10,7,6,1,0.9659258262890683,-0.25881904510252063
5.6,-7.7,38.0,26.0,25.0,100.82,2012,4,5,19,3,0,-0.9659258262890684,0.2588190451025203
18.4,1.7,33.0,20.0,26.349999999999998,100.88,2012,4,19,13,3,0,-0.2588190451025208,-0.9659258262890683
6.1,0.1,65.0,13.0,24.1,99.1,2012,4,9,6,0,0,1.0,6.123233995736766e-17
-3.7,-7.5,75.0,6.0,25.0,101.83,2012,11,6,6,1,0,1.0,6.123233995736766e-17
8.0,-6.7,35.0,7.0,26.349999999999998,101.36,2012,4,7,15,5,1,-0.7071067811865471,-0.7071067811865479
-1.1,-7.9,60.0,17.0,26.349999999999998,101.45,2012,3,9,15,4,0,-0.7071067811865471,-0.7071067811865479
19.4,14.7,74.0,17.0,24.1,100.68,2012,7,5,7,3,0,0.9659258262890683,-0.25881904510252063
19.3,15.3,78.0,0.0,25.0,100.88,2012,9,17,21,0,0,-0.7071067811865477,0.7071067811865474
18.9,13.5,71.0,15.0,25.0,101.31,2012,8,23,4,3,0,0.8660254037844386,0.5000000000000001
11.7,11.2,97.0,11.0,22.750000000000004,100.21,2012,9,30,17,6,1,-0.9659258262890683,-0.25881904510252063
-6.8,-14.1,56.0,26.0,24.1,102.6,2012,3,10,6,5,1,1.0,6.123233995736766e-17
24.8,16.1,58.0,9.0,25.0,101.55,2012,8,26,21,6,1,-0.7071067811865477,0.7071067811865474
1.0,-0.7,88.0,4.0,22.750000000000004,101.86,2012,11,21,23,2,0,-0.25881904510252157,0.9659258262890681
16.6,7.9,56.0,20.0,26.349999999999998,101.44,2012,9,15,13,5,1,-0.2588190451025208,-0.9659258262890683
2.3,-2.4,71.0,6.0,26.349999999999998,101.33,2012,1,23,12,0,0,1.2246467991473532e-16,-1.0
12.4,-4.3,31.0,11.0,26.349999999999998,102.01,2012,4,30,13,0,0,-0.2588190451025208,-0.9659258262890683
23.9,11.8,47.0,17.0,25.0,101.59,2012,5,20,22,6,1,-0.5000000000000004,0.8660254037844384
5.2,-3.3,54.0,20.0,24.1,101.18,2012,11,8,15,3,0,-0.7071067811865471,-0.7071067811865479
14.9,4.0,48.0,6.0,24.1,102.02,2012,3,20,11,1,0,0.258819045102521,-0.9659258262890682
24.8,18.9,70.0,24.0,22.750000000000004,100.13,2012,7,4,11,2,0,0.258819045102521,-0.9659258262890682
11.0,0.1,47.0,9.0,25.0,100.82,2012,4,14,22,5,1,-0.5000000000000004,0.8660254037844384
3.9,-9.9,36.0,24.0,26.349999999999998,101.71,2012,4,28,11,5,1,0.258819045102521,-0.9659258262890682
-3.2,-6.3,79.0,35.0,22.750000000000004,99.05,2012,2,25,14,5,1,-0.4999999999999997,-0.8660254037844388
3.3,-1.0,73.0,28.0,24.1,101.27,2012,4,22,9,6,1,0.7071067811865476,-0.7071067811865475
26.0,13.6,46.0,6.0,26.349999999999998,101.84,2012,6,16,15,5,1,-0.7071067811865471,-0.7071067811865479
-4.8,-10.8,63.0,13.0,26.349999999999998,101.39,2012,3,30,6,4,0,1.0,6.123233995736766e-17
23.8,13.4,52.0,22.0,25.0,101.05,2012,5,21,20,0,0,-0.8660254037844386,0.5000000000000001
11.0,8.4,84.0,13.0,24.1,101.29,2012,5,3,5,3,0,0.9659258262890683,0.25881904510252074
11.6,10.9,95.0,20.0,22.750000000000004,100.36,2012,9,30,15,6,1,-0.7071067811865471,-0.7071067811865479
23.8,5.6,31.0,20.0,26.349999999999998,100.67,2012,6,9,15,5,1,-0.7071067811865471,-0.7071067811865479
4.8,-1.6,63.0,13.0,25.0,101.72,2012,3,11,21,6,1,-0.7071067811865477,0.7071067811865474
16.3,10.8,70.0,7.0,25.0,100.31,2012,5,31,1,3,0,0.25881904510252074,0.9659258262890683
16.8,10.7,67.0,13.0,25.0,101.15,2012,7,29,4,6,1,0.8660254037844386,0.5000000000000001
16.8,14.6,87.0,11.0,25.0,100.46,2012,7,5,3,3,0,0.7071067811865476,0.7071067811865476
20.9,8.4,45.0,13.0,26.349999999999998,101.51,2012,9,2,19,6,1,-0.9659258262890684,0.2588190451025203
5.9,2.9,81.0,19.0,25.0,99.99,2012,10,16,5,1,0,0.9659258262890683,0.25881904510252074
26.1,18.7,64.0,6.0,22.750000000000004,99.87,2012,5,29,13,1,0,-0.2588190451025208,-0.9659258262890683
10.2,7.4,83.0,33.0,25.0,100.72,2012,10,29,6,0,0,1.0,6.123233995736766e-17
9.7,8.7,93.0,13.0,24.1,100.32,2012,10,6,10,5,1,0.49999999999999994,-0.8660254037844387
18.8,14.1,74.0,9.0,24.1,101.19,2012,6,19,6,1,0,1.0,6.123233995736766e-17
-0.3,-1.1,94.0,11.0,22.750000000000004,101.95,2012,11,12,4,0,0,0.8660254037844386,0.5000000000000001
26.9,12.3,40.0,15.0,26.349999999999998,100.58,2012,7,3,15,1,0,-0.7071067811865471,-0.7071067811865479
15.0,4.4,49.0,7.0,26.349999999999998,101.71,2012,10,9,13,1,0,-0.2588190451025208,-0.9659258262890683
10.6,0.3,49.0,6.0,24.1,101.99,2012,3,12,11,0,0,0.258819045102521,-0.9659258262890682
-6.1,-9.1,79.0,11.0,22.750000000000004,100.39,2012,1,5,8,3,0,0.8660254037844387,-0.4999999999999998
-3.7,-6.0,84.0,24.0,22.750000000000004,99.9,2012,1,17,15,1,0,-0.7071067811865471,-0.7071067811865479
27.2,16.7,53.0,19.0,24.1,100.72,2012,5,25,17,4,0,-0.9659258262890683,-0.25881904510252063
10.5,10.2,98.0,19.0,22.750000000000004,101.15,2012,9,29,19,5,1,-0.9659258262890684,0.2588190451025203
-1.5,-9.6,54.0,26.0,24.1,101.67,2012,4,28,5,5,1,0.9659258262890683,0.25881904510252074
29.4,19.7,56.0,9.0,26.349999999999998,101.06,2012,7,15,12,6,1,1.2246467991473532e-16,-1.0
-0.5,-2.9,84.0,11.0,24.1,102.16,2012,12,9,8,6,1,0.8660254037844387,-0.4999999999999998
-9.1,-10.4,90.0,11.0,22.750000000000004,100.3,2012,12,30,3,6,1,0.7071067811865476,0.7071067811865476
11.6,3.8,59.0,6.0,25.0,101.21,2012,6,1,0,4,0,0.0,1.0
-6.7,-12.4,64.0,4.0,25.0,101.55,2012,2,20,0,0,0,0.0,1.0
18.1,17.3,95.0,0.0,24.1,101.03,2012,8,8,6,2,0,1.0,6.123233995736766e-17
-4.6,-6.5,87.0,13.0,22.750000000000004,101.09,2012,3,2,13,4,0,-0.2588190451025208,-0.9659258262890683
19.3,16.5,84.0,13.0,25.0,100.21,2012,7,4,2,2,0,0.49999999999999994,0.8660254037844387
20.1,7.7,45.0,11.0,26.349999999999998,101.5,2012,5,14,10,0,0,0.49999999999999994,-0.8660254037844387
4.3,-2.9,59.0,9.0,26.349999999999998,99.51,2012,3,28,13,2,0,-0.2588190451025208,-0.9659258262890683
-10.4,-18.0,54.0,30.0,26.349999999999998,101.32,2012,1,18,15,2,0,-0.7071067811865471,-0.7071067811865479
12.3,-1.1,39.0,15.0,26.349999999999998,101.84,2012,5,6,10,6,1,0.49999999999999994,-0.8660254037844387
-6.0,-10.3,72.0,0.0,25.0,101.43,2012,2,19,3,6,1,0.7071067811865476,0.7071067811865476
-15.1,-22.4,54.0,22.0,24.1,101.34,2012,1,3,13,1,0,-0.2588190451025208,-0.9659258262890683
11.5,8.6,82.0,4.0,25.0,101.2,2012,9,17,0,0,0,0.0,1.0
0.9,-7.8,52.0,17.0,25.0,101.49,2012,11,5,17,0,0,-0.9659258262890683,-0.25881904510252063
-8.8,-15.8,57.0,11.0,26.349999999999998,103.135,2012,11,30,15,4,0,-0.7071067811865471,-0.7071067811865479
13.3,9.7,79.0,0.0,25.0,101.41,2012,9,2,4,6,1,0.8660254037844386,0.5000000000000001
21.2,18.3,84.0,9.0,25.0,100.25,2012,7,4,21,2,0,-0.7071067811865477,0.7071067811865474
7.9,4.1,77.0,17.0,24.1,99.07,2012,4,9,12,0,0,1.2246467991473532e-16,-1.0
-5.2,-14.3,49.0,15.0,24.1,101.73,2012,2,7,13,1,0,-0.2588190451025208,-0.9659258262890683
13.6,4.5,54.0,11.0,26.349999999999998,101.99,2012,9,27,13,3,0,-0.2588190451025208,-0.9659258262890683
16.0,9.6,66.0,22.0,24.1,101.51,2012,9,15,10,5,1,0.49999999999999994,-0.8660254037844387
4.6,-2.1,62.0,9.0,25.0,101.77,2012,3,12,2,0,0,0.49999999999999994,0.8660254037844387
8.4,6.2,86.0,9.0,25.0,101.57,2012,9,11,0,1,0,0.0,1.0
19.7,-0.7,25.0,22.0,26.349999999999998,101.75,2012,5,18,13,4,0,-0.2588190451025208,-0.9659258262890683
12.1,11.8,98.0,7.0,22.750000000000004,100.82,2012,10,2,3,1,0,0.7071067811865476,0.7071067811865476
1.0,-3.8,70.0,26.0,25.0,100.7,2012,2,6,5,0,0,0.9659258262890683,0.25881904510252074
-5.4,-9.1,75.0,17.0,24.1,101.19,2012,2,9,7,3,0,0.9659258262890683,-0.25881904510252063
-9.8,-14.8,67.0,19.0,26.349999999999998,102.25,2012,2,27,8,0,0,0.8660254037844387,-0.4999999999999998
24.1,13.1,50.0,22.0,24.1,100.96,2012,6,18,18,0,0,-1.0,-1.8369701987210297e-16
14.0,9.6,75.0,36.5,25.0,99.65,2012,10,29,19,0,0,-0.9659258262890684,0.2588190451025203
20.8,19.7,93.0,7.0,22.750000000000004,100.7,2012,9,4,19,1,0,-0.9659258262890684,0.2588190451025203
14.6,9.8,73.0,11.0,25.0,101.46,2012,7,20,2,4,0,0.49999999999999994,0.8660254037844387
-4.4,-9.0,70.0,7.0,25.0,102.02,2012,11,27,5,1,0,0.9659258262890683,0.25881904510252074
19.8,13.1,65.0,22.0,24.1,100.1,2012,6,25,11,0,0,0.258819045102521,-0.9659258262890682
28.8,13.2,38.0,28.0,24.1,99.66,2012,6,30,15,5,1,-0.7071067811865471,-0.7071067811865479
20.2,4.1,35.0,19.0,26.349999999999998,101.03,2012,6,1,17,4,0,-0.9659258262890683,-0.25881904510252063
-10.1,-19.1,48.0,20.0,25.0,102.01,2012,3,5,19,0,0,-0.9659258262890684,0.2588190451025203
17.6,15.6,88.0,11.0,24.1,100.75,2012,9,26,15,2,0,-0.7071067811865471,-0.7071067811865479
-8.4,-14.6,61.0,20.0,25.0,100.3,2012,2,13,4,0,0,0.8660254037844386,0.5000000000000001
3.7,1.1,83.0,36.5,24.1,99.23,2012,4,23,10,0,0,0.49999999999999994,-0.8660254037844387
17.5,10.5,63.0,4.0,25.0,101.31,2012,5,28,0,0,0,0.0,1.0
9.1,-1.3,48.0,20.0,25.0,101.37,2012,4,13,23,4,0,-0.25881904510252157,0.9659258262890681
1.9,1.5,97.0,15.0,22.750000000000004,99.6,2012,12,10,11,0,0,0.258819045102521,-0.9659258262890682
3.9,2.4,90.0,7.0,25.0,101.66,2012,3,18,3,6,1,0.7071067811865476,0.7071067811865476
7.3,2.4,71.0,19.0,25.0,100.3,2012,5,11,3,4,0,0.7071067811865476,0.7071067811865476
21.8,17.8,78.0,19.0,25.0,100.69,2012,8,12,23,6,1,-0.25881904510252157,0.9659258262890681
5.6,3.5,86.0,36.5,25.0,99.015,2012,4,23,21,0,0,-0.7071067811865477,0.7071067811865474
-3.0,-12.0,50.0,9.0,25.0,100.87,2012,4,3,3,1,0,0.7071067811865476,0.7071067811865476
6.5,1.1,68.0,7.0,25.0,100.74,2012,3,13,4,1,0,0.8660254037844386,0.5000000000000001
27.0,10.7,36.0,11.0,26.349999999999998,100.44,2012,7,3,18,1,0,-1.0,-1.8369701987210297e-16
15.0,10.8,76.0,4.0,25.0,100.85,2012,8,21,1,1,0,0.25881904510252074,0.9659258262890683
1.1,0.7,97.0,17.0,22.750000000000004,101.41,2012,3,16,9,4,0,0.7071067811865476,-0.7071067811865475
-2.5,-12.6,46.0,19.0,24.1,101.27,2012,2,8,18,2,0,-1.0,-1.8369701987210297e-16
12.9,-3.8,31.0,9.0,26.349999999999998,101.79,2012,4,30,16,0,0,-0.8660254037844385,-0.5000000000000004
20.5,18.9,91.0,7.0,24.1,99.8,2012,7,24,6,1,0,1.0,6.123233995736766e-17
-8.3,-13.7,65.0,9.0,25.0,102.59,2012,2,27,3,0,0,0.7071067811865476,0.7071067811865476
16.2,13.2,82.0,11.0,24.1,100.76,2012,7,25,6,2,0,1.0,6.123233995736766e-17
20.0,4.3,36.0,24.0,26.349999999999998,100.62,2012,4,19,17,3,0,-0.9659258262890683,-0.25881904510252063
-2.2,-7.3,68.0,13.0,25.0,103.135,2012,11,17,5,5,1,0.9659258262890683,0.25881904510252074
5.9,3.7,86.0,6.0,24.1,100.54,2012,3,25,12,6,1,1.2246467991473532e-16,-1.0
11.0,1.3,51.0,15.0,22.750000000000004,99.8,2012,4,26,17,3,0,-0.9659258262890683,-0.25881904510252063
25.1,19.2,70.0,19.0,25.0,101.19,2012,8,5,1,6,1,0.25881904510252074,0.9659258262890683
22.2,12.3,53.0,13.0,24.1,101.33,2012,3,22,16,3,0,-0.8660254037844385,-0.5000000000000004
11.6,-1.2,41.0,32.0,26.349999999999998,101.69,2012,4,17,16,1,0,-0.8660254037844385,-0.5000000000000004
-1.4,-3.6,85.0,6.0,25.0,102.29,2012,11,19,20,0,0,-0.8660254037844386,0.5000000000000001
22.6,15.4,64.0,13.0,24.1,101.56,2012,9,14,10,4,0,0.49999999999999994,-0.8660254037844387
23.5,11.0,45.0,13.0,26.349999999999998,100.74,2012,8,19,16,6,1,-0.8660254037844385,-0.5000000000000004
26.3,17.7,59.0,15.0,26.349999999999998,102.07,2012,8,26,10,6,1,0.49999999999999994,-0.8660254037844387
10.9,-4.1,35.0,15.0,25.0,101.61,2012,5,6,1,6,1,0.25881904510252074,0.9659258262890683
2.1,-8.4,46.0,17.0,26.349999999999998,101.37,2012,4,6,9,4,0,0.7071067811865476,-0.7071067811865475
-4.5,-5.9,90.0,33.0,22.750000000000004,99.015,2012,12,22,12,5,1,1.2246467991473532e-16,-1.0
15.4,12.8,84.0,15.0,22.750000000000004,99.8,2012,6,26,23,1,0,-0.25881904510252157,0.9659258262890681
20.4,10.9,54.0,9.0,24.1,101.16,2012,5,23,20,2,0,-0.8660254037844386,0.5000000000000001
9.3,-4.1,39.0,13.0,24.1,101.41,2012,3,7,14,2,0,-0.4999999999999997,-0.8660254037844388
1.8,-1.3,80.0,0.0,22.750000000000004,101.91,2012,2,16,9,3,0,0.7071067811865476,-0.7071067811865475
22.3,7.2,38.0,13.0,26.349999999999998,101.01,2012,7,9,19,0,0,-0.9659258262890684,0.2588190451025203
-6.8,-9.3,82.0,19.0,22.750000000000004,100.61,2012,2,1,2,2,0,0.49999999999999994,0.8660254037844387
-11.2,-15.0,73.0,6.0,25.0,102.06,2012,1,26,6,3,0,1.0,6.123233995736766e-17
21.5,11.8,54.0,32.0,24.1,100.69,2012,6,24,17,6,1,-0.9659258262890683,-0.25881904510252063
13.5,11.6,88.0,11.0,22.750000000000004,99.62,2012,10,15,5,0,0,0.9659258262890683,0.25881904510252074
13.7,10.5,81.0,36.5,25.0,99.32,2012,10,30,5,1,0,0.9659258262890683,0.25881904510252074
20.5,13.4,64.0,13.0,25.0,101.07,2012,6,18,1,0,0,0.25881904510252074,0.9659258262890683
-8.1,-11.1,79.0,4.0,22.750000000000004,100.15,2012,1,7,2,5,1,0.49999999999999994,0.8660254037844387
1.8,-11.9,35.0,26.0,26.349999999999998,101.64,2012,4,29,7,6,1,0.9659258262890683,-0.25881904510252063
26.5,18.2,60.0,13.0,25.0,101.28,2012,8,4,22,5,1,-0.5000000000000004,0.8660254037844384
17.7,13.7,77.0,11.0,26.349999999999998,100.27,2012,6,28,6,3,0,1.0,6.123233995736766e-17
10.9,1.3,51.0,24.0,26.349999999999998,99.8,2012,11,23,13,4,0,-0.2588190451025208,-0.9659258262890683
5.9,-0.1,65.0,22.0,26.349999999999998,101.27,2012,4,22,14,6,1,-0.4999999999999997,-0.8660254037844388
12.5,10.3,86.0,7.0,22.750000000000004,100.48,2012,6,2,11,5,1,0.258819045102521,-0.9659258262890682
-1.5,-3.5,86.0,13.0,25.0,102.84,2012,11,16,23,4,0,-0.25881904510252157,0.9659258262890681
27.7,13.5,42.0,11.0,26.349999999999998,101.71,2012,8,24,14,4,0,-0.4999999999999997,-0.8660254037844388
-1.0,-4.8,75.0,19.0,24.1,102.93,2012,11,15,9,3,0,0.7071067811865476,-0.7071067811865475
-4.1,-9.3,67.0,30.0,25.0,100.2,2012,11,25,4,6,1,0.8660254037844386,0.5000000000000001
16.5,15.8,96.0,22.0,22.750000000000004,101.06,2012,9,14,20,4,0,-0.8660254037844386,0.5000000000000001
5.9,3.3,83.0,9.0,24.1,101.29,2012,10,7,8,6,1,0.8660254037844387,-0.4999999999999998
25.8,11.9,42.0,17.0,26.349999999999998,101.1,2012,7,28,16,5,1,-0.8660254037844385,-0.5000000000000004
24.3,8.5,37.0,15.0,26.349999999999998,100.72,2012,7,8,15,6,1,-0.7071067811865471,-0.7071067811865479
25.3,7.5,32.0,9.0,26.349999999999998,101.47,2012,6,10,20,6,1,-0.8660254037844386,0.5000000000000001
-8.6,-15.6,57.0,19.0,25.0,101.44,2012,1,10,23,1,0,-0.25881904510252157,0.9659258262890681
16.6,-1.7,29.0,11.0,26.349999999999998,101.57,2012,5,6,17,6,1,-0.9659258262890683,-0.25881904510252063
-12.6,-20.1,53.0,24.0,25.0,100.68,2012,1,3,4,1,0,0.8660254037844386,0.5000000000000001
10.9,9.0,88.0,9.0,22.750000000000004,100.26,2012,5,29,6,1,0,1.0,6.123233995736766e-17
12.0,7.9,76.0,9.0,26.349999999999998,100.32,2012,10,6,17,5,1,-0.9659258262890683,-0.25881904510252063
0.0,-6.8,60.0,19.0,26.349999999999998,101.38,2012,2,21,12,1,0,1.2246467991473532e-16,-1.0
2.2,-3.5,66.0,30.0,24.1,99.19,2012,1,2,11,0,0,0.258819045102521,-0.9659258262890682
5.3,2.5,82.0,19.0,22.750000000000004,100.8,2012,4,21,16,5,1,-0.8660254037844385,-0.5000000000000004
26.0,20.4,71.0,19.0,24.1,99.84,2012,7,17,18,1,0,-1.0,-1.8369701987210297e-16
13.7,9.9,78.0,0.0,25.0,101.08,2012,6,10,2,6,1,0.49999999999999994,0.8660254037844387
11.0,6.1,72.0,13.0,25.0,100.07,2012,10,20,21,5,1,-0.7071067811865477,0.7071067811865474
24.5,6.0,30.0,9.0,26.349999999999998,102.08,2012,6,15,18,4,0,-1.0,-1.8369701987210297e-16
2.8,-1.8,72.0,28.0,25.0,99.58,2012,11,24,6,5,1,1.0,6.123233995736766e-17
17.4,17.1,98.0,4.0,22.750000000000004,100.92,2012,8,8,3,2,0,0.7071067811865476,0.7071067811865476
21.8,14.0,61.0,15.0,25.0,101.05,2012,5,21,23,0,0,-0.25881904510252157,0.9659258262890681
3.6,-1.5,69.0,26.0,24.1,100.95,2012,12,5,9,2,0,0.7071067811865476,-0.7071067811865475
0.7,-4.5,68.0,22.0,25.0,100.71,2012,2,18,1,5,1,0.25881904510252074,0.9659258262890683
12.9,12.2,96.0,15.0,22.750000000000004,99.97,2012,10,20,1,5,1,0.25881904510252074,0.9659258262890683
27.1,17.6,56.0,19.0,26.349999999999998,101.11,2012,6,11,19,0,0,-0.9659258262890684,0.2588190451025203
-6.1,-8.7,82.0,7.0,22.750000000000004,100.15,2012,1,7,9,5,1,0.7071067811865476,-0.7071067811865475
-16.6,-23.8,54.0,11.0,25.0,100.6,2012,2,12,4,6,1,0.8660254037844386,0.5000000000000001
-9.4,-15.0,64.0,26.0,25.0,101.08,2012,1,12,2,3,0,0.49999999999999994,0.8660254037844387
-6.5,-7.7,91.0,4.0,22.750000000000004,102.48,2012,11,16,5,4,0,0.9659258262890683,0.25881904510252074
18.4,8.4,52.0,0.0,25.0,101.34,2012,5,27,21,6,1,-0.7071067811865477,0.7071067811865474
27.9,13.7,42.0,24.0,26.349999999999998,101.82,2012,9,13,14,3,0,-0.4999999999999997,-0.8660254037844388
18.5,11.1,62.0,9.0,26.349999999999998,100.98,2012,7,3,6,1,0,1.0,6.123233995736766e-17
25.2,11.7,43.0,11.0,24.1,100.62,2012,8,20,14,0,0,-0.4999999999999997,-0.8660254037844388
22.1,11.8,52.0,15.0,24.1,100.25,2012,7,24,18,1,0,-1.0,-1.8369701987210297e-16
-2.7,-5.1,84.0,11.0,25.0,101.75,2012,12,2,5,6,1,0.9659258262890683,0.25881904510252074
-0.4,-4.5,74.0,4.0,25.0,100.65,2012,4,1,5,6,1,0.9659258262890683,0.25881904510252074
2.3,-4.9,59.0,7.0,24.1,100.97,2012,2,14,16,1,0,-0.8660254037844385,-0.5000000000000004
26.5,11.0,38.0,7.0,26.349999999999998,101.77,2012,6,16,16,5,1,-0.8660254037844385,-0.5000000000000004
7.7,5.3,85.0,22.0,25.0,100.74,2012,10,12,0,4,0,0.0,1.0
6.5,-2.1,54.0,13.0,26.349999999999998,101.46,2012,4,12,8,3,0,0.8660254037844387,-0.4999999999999998
-3.8,-10.0,62.0,15.0,25.0,101.81,2012,11,26,19,0,0,-0.9659258262890684,0.2588190451025203
14.0,9.7,75.0,17.0,25.0,100.96,2012,9,26,1,2,0,0.25881904510252074,0.9659258262890683
23.6,7.0,34.0,6.0,26.349999999999998,101.54,2012,9,1,13,5,1,-0.2588190451025208,-0.9659258262890683
11.2,5.6,68.0,26.0,26.349999999999998,101.01,2012,10,22,10,0,0,0.49999999999999994,-0.8660254037844387
15.6,7.9,60.0,20.0,25.0,101.24,2012,9,20,20,3,0,-0.8660254037844386,0.5000000000000001
23.5,5.4,31.0,6.0,26.349999999999998,100.88,2012,6,23,20,5,1,-0.8660254037844386,0.5000000000000001
1.0,-10.8,41.0,6.0,22.750000000000004,101.58,2012,3,28,0,2,0,0.0,1.0
12.3,-1.0,40.0,6.0,25.0,101.57,2012,5,6,21,6,1,-0.7071067811865477,0.7071067811865474
6.2,-1.2,59.0,4.0,24.1,102.5,2012,11,19,15,0,0,-0.7071067811865471,-0.7071067811865479
19.6,13.2,67.0,32.0,26.349999999999998,100.93,2012,8,30,9,3,0,0.7071067811865476,-0.7071067811865475
13.8,4.9,55.0,13.0,25.0,100.83,2012,6,5,0,1,0,0.0,1.0
0.7,-2.3,80.0,17.0,25.0,101.77,2012,12,13,23,3,0,-0.25881904510252157,0.9659258262890681
-1.3,-3.0,88.0,7.0,22.750000000000004,101.45,2012,2,15,5,2,0,0.9659258262890683,0.25881904510252074
22.5,16.1,67.0,7.0,24.1,100.69,2012,8,15,19,2,0,-0.9659258262890684,0.2588190451025203
3.2,1.4,88.0,11.0,25.0,100.26,2012,4,11,2,2,0,0.49999999999999994,0.8660254037844387
-15.9,-21.9,60.0,7.0,25.0,102.23,2012,1,21,3,5,1,0.7071067811865476,0.7071067811865476
11.1,3.8,61.0,0.0,24.1,101.62,2012,10,23,12,1,0,1.2246467991473532e-16,-1.0
-17.1,-24.6,52.0,20.0,25.0,101.86,2012,1,3,22,1,0,-0.5000000000000004,0.8660254037844384
15.6,4.5,48.0,26.0,26.349999999999998,101.0,2012,9,23,12,6,1,1.2246467991473532e-16,-1.0
16.1,15.6,97.0,13.0,25.0,100.33,2012,9,22,18,5,1,-1.0,-1.8369701987210297e-16
25.5,10.7,39.0,20.0,26.349999999999998,101.6,2012,5,21,10,0,0,0.49999999999999994,-0.8660254037844387
15.5,11.0,75.0,11.0,25.0,100.8,2012,4,15,20,6,1,-0.8660254037844386,0.5000000000000001
25.5,19.3,69.0,9.0,25.0,100.86,2012,6,19,22,1,0,-0.5000000000000004,0.8660254037844384
22.1,13.5,58.0,9.0,25.0,101.03,2012,8,6,20,0,0,-0.8660254037844386,0.5000000000000001
16.6,12.7,78.0,6.0,24.1,100.76,2012,7,2,5,0,0,0.9659258262890683,0.25881904510252074
11.0,8.5,85.0,7.0,25.0,99.59,2012,5,10,2,3,0,0.49999999999999994,0.8660254037844387
-7.1,-13.7,59.0,17.0,26.349999999999998,101.98,2012,12,25,15,1,0,-0.7071067811865471,-0.7071067811865479
-15.5,-24.1,48.0,30.0,26.349999999999998,101.98,2012,1,20,14,4,0,-0.4999999999999997,-0.8660254037844388
2.7,-6.5,51.0,22.0,26.349999999999998,101.01,2012,2,9,16,3,0,-0.8660254037844385,-0.5000000000000004
3.5,1.6,87.0,11.0,22.750000000000004,100.57,2012,3,13,11,1,0,0.258819045102521,-0.9659258262890682
-4.8,-8.3,76.0,6.0,22.750000000000004,102.34,2012,2,3,13,4,0,-0.2588190451025208,-0.9659258262890683
17.6,11.2,66.0,15.0,26.349999999999998,101.27,2012,7,29,6,6,1,1.0,6.123233995736766e-17
3.4,-3.6,60.0,22.0,26.349999999999998,101.31,2012,11,9,12,4,0,1.2246467991473532e-16,-1.0
-6.9,-14.7,54.0,17.0,24.1,100.7,2012,1,19,17,3,0,-0.9659258262890683,-0.25881904510252063
9.5,-2.7,42.0,17.0,26.349999999999998,102.14,2012,10,13,16,5,1,-0.8660254037844385,-0.5000000000000004
20.2,16.6,80.0,0.0,25.0,100.86,2012,8,7,22,1,0,-0.5000000000000004,0.8660254037844384
26.0,16.2,55.0,7.0,25.0,101.38,2012,7,13,23,4,0,-0.25881904510252157,0.9659258262890681
14.2,6.6,60.0,9.0,25.0,101.68,2012,5,19,1,5,1,0.25881904510252074,0.9659258262890683
7.8,6.7,93.0,24.0,22.750000000000004,100.53,2012,12,5,3,2,0,0.7071067811865476,0.7071067811865476
24.9,17.2,62.0,7.0,24.1,100.67,2012,8,14,17,1,0,-0.9659258262890683,-0.25881904510252063
3.6,-0.4,75.0,24.0,24.1,101.3,2012,10,12,6,4,0,1.0,6.123233995736766e-17
21.8,10.3,48.0,4.0,26.349999999999998,101.52,2012,9,2,11,6,1,0.258819045102521,-0.9659258262890682
14.0,10.7,80.0,9.0,24.1,101.32,2012,5,24,4,3,0,0.8660254037844386,0.5000000000000001
23.5,17.7,70.0,15.0,24.1,100.77,2012,9,4,16,1,0,-0.8660254037844385,-0.5000000000000004
16.4,12.9,80.0,22.0,24.1,100.49,2012,9,18,6,1,0,1.0,6.123233995736766e-17
-5.7,-8.5,81.0,28.0,22.750000000000004,99.97,2012,1,12,14,3,0,-0.4999999999999997,-0.8660254037844388
15.9,13.1,83.0,13.0,25.0,100.68,2012,6,8,0,4,0,0.0,1.0
2.8,-3.4,64.0,36.5,25.0,99.07,2012,3,3,22,5,1,-0.5000000000000004,0.8660254037844384
17.4,9.6,60.0,9.0,24.1,101.04,2012,6,6,20,2,0,-0.8660254037844386,0.5000000000000001
-7.3,-14.7,55.0,20.0,26.349999999999998,101.22,2012,1,19,13,3,0,-0.2588190451025208,-0.9659258262890683
9.9,3.8,66.0,7.0,25.0,101.7,2012,5,17,23,3,0,-0.25881904510252157,0.9659258262890681
-6.5,-14.0,55.0,17.0,24.1,99.96,2012,3,4,11,6,1,0.258819045102521,-0.9659258262890682
25.5,17.8,62.0,4.0,24.1,101.13,2012,9,14,16,4,0,-0.8660254037844385,-0.5000000000000004
10.0,-2.3,42.0,6.0,25.0,101.88,2012,10,24,21,2,0,-0.7071067811865477,0.7071067811865474
18.6,9.5,55.0,20.0,26.349999999999998,101.54,2012,9,1,8,5,1,0.8660254037844387,-0.4999999999999998
6.8,5.3,90.0,28.0,25.0,100.99,2012,12,3,2,0,0,0.49999999999999994,0.8660254037844387
16.6,12.5,77.0,6.0,25.0,100.72,2012,7,2,3,0,0,0.7071067811865476,0.7071067811865476
20.2,3.9,34.0,28.0,26.349999999999998,100.69,2012,4,19,15,3,0,-0.7071067811865471,-0.7071067811865479
15.9,15.4,97.0,13.0,22.750000000000004,101.13,2012,9,14,23,4,0,-0.25881904510252157,0.9659258262890681
17.9,16.1,89.0,20.0,22.750000000000004,100.52,2012,6,12,19,1,0,-0.9659258262890684,0.2588190451025203
18.5,6.5,45.0,7.0,25.0,101.45,2012,7,11,0,2,0,0.0,1.0
-4.4,-11.2,59.0,22.0,24.1,101.94,2012,1,25,15,2,0,-0.7071067811865471,-0.7071067811865479
-7.4,-8.9,89.0,4.0,22.750000000000004,101.05,2012,12,31,10,0,0,0.49999999999999994,-0.8660254037844387
7.2,-10.5,27.0,35.0,26.349999999999998,101.5,2012,4,28,15,5,1,-0.7071067811865471,-0.7071067811865479
-14.8,-15.9,91.0,4.0,22.750000000000004,101.25,2012,12,29,5,5,1,0.9659258262890683,0.25881904510252074
0.0,-1.6,89.0,33.0,22.750000000000004,99.015,2012,2,25,6,5,1,1.0,6.123233995736766e-17
-3.6,-6.1,83.0,9.0,25.0,101.95,2012,11,7,3,2,0,0.7071067811865476,0.7071067811865476
-0.3,-3.4,80.0,7.0,26.349999999999998,100.74,2012,1,28,12,5,1,1.2246467991473532e-16,-1.0
8.4,0.0,55.0,28.0,24.1,100.43,2012,10,16,16,1,0,-0.8660254037844385,-0.5000000000000004
31.5,18.4,46.0,15.0,24.1,101.19,2012,7,14,18,5,1,-1.0,-1.8369701987210297e-16
-0.1,-0.9,94.0,17.0,22.750000000000004,102.17,2012,3,14,21,2,0,-0.7071067811865477,0.7071067811865474
13.9,9.1,73.0,6.0,26.349999999999998,101.24,2012,6,10,5,6,1,0.9659258262890683,0.25881904510252074
1.9,0.1,88.0,6.0,22.750000000000004,101.72,2012,2,15,15,2,0,-0.7071067811865471,-0.7071067811865479
1.1,-4.8,65.0,26.0,24.1,101.23,2012,12,5,12,2,0,1.2246467991473532e-16,-1.0
11.5,11.4,99.0,9.0,22.750000000000004,100.09,2012,9,30,19,6,1,-0.9659258262890684,0.2588190451025203
17.3,8.9,58.0,7.0,25.0,100.18,2012,5,30,21,2,0,-0.7071067811865477,0.7071067811865474
5.5,0.9,72.0,7.0,26.349999999999998,100.72,2012,4,26,7,3,0,0.9659258262890683,-0.25881904510252063
24.6,16.9,62.0,11.0,24.1,100.8,2012,8,13,18,0,0,-1.0,-1.8369701987210297e-16
-3.8,-10.1,62.0,13.0,25.0,101.47,2012,2,19,20,6,1,-0.8660254037844386,0.5000000000000001
20.0,18.8,93.0,9.0,25.0,100.71,2012,8,11,23,5,1,-0.25881904510252157,0.9659258262890681
1.3,-6.0,58.0,17.0,25.0,101.29,2012,11,5,2,0,0,0.49999999999999994,0.8660254037844387
0.5,-4.4,70.0,0.0,25.0,100.2,2012,2,21,23,1,0,-0.25881904510252157,0.9659258262890681
16.3,11.6,74.0,20.0,22.750000000000004,100.07,2012,6,26,14,1,0,-0.4999999999999997,-0.8660254037844388
16.3,10.9,70.0,11.0,24.1,99.68,2012,5,9,19,2,0,-0.9659258262890684,0.2588190451025203
18.2,11.2,64.0,7.0,25.0,101.04,2012,7,10,0,1,0,0.0,1.0
-5.8,-7.5,88.0,4.0,22.750000000000004,100.78,2012,12,31,12,0,0,1.2246467991473532e-16,-1.0
18.3,11.6,65.0,17.0,24.1,100.83,2012,8,18,10,5,1,0.49999999999999994,-0.8660254037844387
9.2,4.1,70.0,32.0,24.1,101.13,2012,9,19,9,2,0,0.7071067811865476,-0.7071067811865475
23.7,10.6,44.0,13.0,26.349999999999998,100.73,2012,8,19,17,6,1,-0.9659258262890683,-0.25881904510252063
9.9,7.2,83.0,30.0,25.0,100.77,2012,10,29,4,0,0,0.8660254037844386,0.5000000000000001
22.6,15.1,63.0,13.0,26.349999999999998,100.6,2012,8,28,11,1,0,0.258819045102521,-0.9659258262890682
33.0,19.0,44.0,24.0,24.1,100.2,2012,6,21,15,3,0,-0.7071067811865471,-0.7071067811865479
28.9,16.4,47.0,22.0,26.349999999999998,100.28,2012,7,7,15,5,1,-0.7071067811865471,-0.7071067811865479
4.8,-1.5,64.0,9.0,26.349999999999998,101.7,2012,3,11,20,6,1,-0.8660254037844386,0.5000000000000001
-13.4,-19.8,59.0,15.0,24.1,102.01,2012,1,21,13,5,1,-0.2588190451025208,-0.9659258262890683
-5.8,-13.3,55.0,11.0,26.349999999999998,102.65,2012,2,28,12,1,0,1.2246467991473532e-16,-1.0
6.9,3.5,79.0,24.0,25.0,100.46,2012,4,20,20,4,0,-0.8660254037844386,0.5000000000000001
24.2,8.0,36.0,32.0,26.349999999999998,100.87,2012,8,29,15,2,0,-0.7071067811865471,-0.7071067811865479
21.1,15.2,69.0,19.0,25.0,101.39,2012,5,24,23,3,0,-0.25881904510252157,0.9659258262890681
-7.5,-16.4,49.0,9.0,26.349999999999998,102.31,2012,3,27,6,1,0,1.0,6.123233995736766e-17
-0.7,-3.5,81.0,0.0,25.0,101.39,2012,2,15,4,2,0,0.8660254037844386,0.5000000000000001
5.9,-1.4,59.0,7.0,25.0,99.09,2012,4,9,5,0,0,0.9659258262890683,0.25881904510252074
8.4,4.0,74.0,6.0,25.0,101.92,2012,9,20,1,3,0,0.25881904510252074,0.9659258262890683
14.6,10.2,75.0,36.5,25.0,99.28,2012,10,30,0,1,0,0.0,1.0
2.6,-1.1,77.0,22.0,24.1,100.29,2012,1,10,11,1,0,0.258819045102521,-0.9659258262890682
18.3,17.6,96.0,4.0,22.750000000000004,100.91,2012,8,8,2,2,0,0.49999999999999994,0.8660254037844387
22.6,8.9,42.0,11.0,26.349999999999998,100.69,2012,6,7,17,3,0,-0.9659258262890683,-0.25881904510252063
21.5,11.6,53.0,7.0,24.1,101.11,2012,5,23,19,2,0,-0.9659258262890684,0.2588190451025203
18.9,10.5,58.0,7.0,25.0,101.47,2012,6,11,2,0,0,0.49999999999999994,0.8660254037844387
20.0,14.3,70.0,7.0,24.1,100.22,2012,6,8,17,4,0,-0.9659258262890683,-0.25881904510252063
2.3,-0.2,84.0,24.0,25.0,101.86,2012,3,15,20,3,0,-0.8660254037844386,0.5000000000000001
20.8,19.2,91.0,7.0,25.0,100.52,2012,7,16,3,0,0,0.7071067811865476,0.7071067811865476
-6.2,-13.3,57.0,19.0,24.1,101.64,2012,2,7,9,1,0,0.7071067811865476,-0.7071067811865475
10.0,-1.0,46.0,15.0,26.349999999999998,101.4,2012,4,12,13,3,0,-0.2588190451025208,-0.9659258262890683
6.9,5.3,90.0,13.0,22.750000000000004,99.59,2012,4,26,23,3,0,-0.25881904510252157,0.9659258262890681
2.7,-6.7,50.0,0.0,25.0,100.82,2012,3,31,22,5,1,-0.5000000000000004,0.8660254037844384
1.3,-0.3,89.0,19.0,22.750000000000004,100.71,2012,2,16,23,3,0,-0.25881904510252157,0.9659258262890681
1.2,0.0,92.0,7.0,22.750000000000004,101.98,2012,2,15,22,2,0,-0.5000000000000004,0.8660254037844384
-6.0,-6.8,94.0,4.0,22.750000000000004,102.63,2012,12,13,5,3,0,0.9659258262890683,0.25881904510252074
2.1,-2.3,73.0,20.0,24.1,99.47,2012,2,23,12,3,0,1.2246467991473532e-16,-1.0
16.3,15.7,96.0,22.0,22.750000000000004,100.29,2012,9,22,14,5,1,-0.4999999999999997,-0.8660254037844388
13.6,10.9,84.0,9.0,24.1,100.25,2012,6,3,6,6,1,1.0,6.123233995736766e-17
-1.5,-3.3,88.0,7.0,22.750000000000004,101.23,2012,1,1,4,6,1,0.8660254037844386,0.5000000000000001
10.1,7.8,86.0,6.0,25.0,101.18,2012,9,17,2,0,0,0.49999999999999994,0.8660254037844387
23.6,20.2,81.0,13.0,24.1,100.83,2012,8,27,16,0,0,-0.8660254037844385,-0.5000000000000004
-8.6,-16.5,53.0,0.0,25.0,102.68,2012,2,26,22,6,1,-0.5000000000000004,0.8660254037844384
20.9,19.3,91.0,11.0,25.0,100.42,2012,8,28,4,1,0,0.8660254037844386,0.5000000000000001
0.7,-8.3,51.0,20.0,24.1,100.67,2012,1,29,16,6,1,-0.8660254037844385,-0.5000000000000004
20.8,13.4,63.0,11.0,25.0,100.29,2012,7,25,23,2,0,-0.25881904510252157,0.9659258262890681
0.6,0.2,97.0,24.0,22.750000000000004,101.39,2012,3,16,6,4,0,1.0,6.123233995736766e-17
2.1,-1.7,76.0,24.0,25.0,99.95,2012,1,28,21,5,1,-0.7071067811865477,0.7071067811865474
22.0,9.3,44.0,20.0,26.349999999999998,100.79,2012,8,18,15,5,1,-0.7071067811865471,-0.7071067811865479
21.1,16.2,74.0,6.0,24.1,99.91,2012,7,26,12,3,0,1.2246467991473532e-16,-1.0
-0.6,-4.5,75.0,6.0,25.0,100.35,2012,2,21,22,1,0,-0.5000000000000004,0.8660254037844384
16.8,15.2,90.0,15.0,24.1,100.28,2012,9,22,16,5,1,-0.8660254037844385,-0.5000000000000004
17.5,16.7,95.0,22.0,22.750000000000004,100.53,2012,8,11,3,5,1,0.7071067811865476,0.7071067811865476
3.0,-3.7,61.0,30.0,24.1,100.58,2012,4,27,11,4,0,0.258819045102521,-0.9659258262890682
-1.8,-3.9,86.0,4.0,22.750000000000004,101.24,2012,1,1,0,6,1,0.0,1.0
16.9,13.0,78.0,9.0,24.1,100.72,2012,5,4,15,4,0,-0.7071067811865471,-0.7071067811865479
-9.0,-12.2,78.0,6.0,22.750000000000004,100.8,2012,1,17,4,1,0,0.8660254037844386,0.5000000000000001
1.0,-3.2,73.0,22.0,25.0,100.12,2012,3,3,0,5,1,0.0,1.0
5.3,3.7,89.0,13.0,25.0,101.09,2012,10,7,4,6,1,0.8660254037844386,0.5000000000000001
6.6,-8.1,34.0,9.0,25.0,101.28,2012,3,24,21,5,1,-0.7071067811865477,0.7071067811865474
19.6,6.5,42.0,20.0,25.0,100.77,2012,6,1,22,4,0,-0.5000000000000004,0.8660254037844384
0.4,-1.6,86.0,22.0,22.750000000000004,102.31,2012,3,15,10,3,0,0.49999999999999994,-0.8660254037844387
2.7,-1.0,77.0,9.0,25.0,101.07,2012,12,8,5,5,1,0.9659258262890683,0.25881904510252074
0.0,-7.0,59.0,33.0,24.1,99.41,2012,1,2,15,0,0,-0.7071067811865471,-0.7071067811865479
5.2,-1.5,62.0,4.0,22.750000000000004,101.98,2012,11,21,10,2,0,0.49999999999999994,-0.8660254037844387
17.9,13.9,77.0,9.0,24.1,101.1,2012,10,2,17,1,0,-0.9659258262890683,-0.25881904510252063
-0.7,-2.2,90.0,6.0,22.750000000000004,102.16,2012,11,19,23,0,0,-0.25881904510252157,0.9659258262890681
25.3,18.3,65.0,11.0,25.0,101.15,2012,7,29,21,6,1,-0.7071067811865477,0.7071067811865474
14.3,-5.1,26.0,22.0,26.349999999999998,101.24,2012,4,13,18,4,0,-1.0,-1.8369701987210297e-16
10.2,5.1,71.0,26.0,24.1,99.6,2012,5,10,17,3,0,-0.9659258262890683,-0.25881904510252063
2.9,-1.6,72.0,7.0,22.750000000000004,102.01,2012,11,21,9,2,0,0.7071067811865476,-0.7071067811865475
-3.9,-6.7,81.0,22.0,22.750000000000004,100.98,2012,3,1,21,3,0,-0.7071067811865477,0.7071067811865474
16.9,15.6,92.0,22.0,22.750000000000004,100.23,2012,9,22,12,5,1,1.2246467991473532e-16,-1.0
25.9,11.6,41.0,11.0,24.1,101.57,2012,5,20,20,6,1,-0.8660254037844386,0.5000000000000001
10.1,5.3,72.0,15.0,25.0,100.72,2012,10,21,22,6,1,-0.5000000000000004,0.8660254037844384
1.2,-11.4,38.0,20.0,26.349999999999998,101.58,2012,4,29,6,6,1,1.0,6.123233995736766e-17
21.1,17.7,81.0,15.0,22.750000000000004,100.24,2012,7,4,7,2,0,0.9659258262890683,-0.25881904510252063
1.4,0.0,90.0,7.0,22.750000000000004,101.97,2012,2,15,23,2,0,-0.25881904510252157,0.9659258262890681
19.7,13.9,69.0,20.0,22.750000000000004,100.64,2012,5,22,16,1,0,-0.8660254037844385,-0.5000000000000004
11.8,6.4,69.0,7.0,26.349999999999998,101.7,2012,5,19,5,5,1,0.9659258262890683,0.25881904510252074
0.1,-0.9,93.0,22.0,22.750000000000004,100.3,2012,12,10,6,0,0,1.0,6.123233995736766e-17
20.8,13.2,62.0,22.0,26.349999999999998,101.13,2012,8,6,10,0,0,0.49999999999999994,-0.8660254037844387
1.9,-8.1,47.0,13.0,26.349999999999998,101.87,2012,11,6,16,1,0,-0.8660254037844385,-0.5000000000000004
-4.5,-10.9,61.0,11.0,25.0,100.77,2012,11,26,6,0,0,1.0,6.123233995736766e-17
-12.9,-17.2,70.0,11.0,25.0,102.14,2012,1,23,1,0,0,0.25881904510252074,0.9659258262890683
16.6,9.9,65.0,13.0,25.0,100.98,2012,8,19,1,6,1,0.25881904510252074,0.9659258262890683
14.2,12.2,88.0,30.0,25.0,101.12,2012,9,15,4,5,1,0.8660254037844386,0.5000000000000001
16.6,12.1,75.0,6.0,25.0,101.23,2012,5,15,1,1,0,0.25881904510252074,0.9659258262890683
2.9,-1.2,74.0,17.0,24.1,101.12,2012,11,4,9,6,1,0.7071067811865476,-0.7071067811865475
-1.0,-4.8,75.0,13.0,22.750000000000004,101.28,2012,3,28,2,2,0,0.49999999999999994,0.8660254037844387
27.0,20.1,66.0,24.0,22.750000000000004,100.07,2012,7,4,13,2,0,-0.2588190451025208,-0.9659258262890683
-15.3,-22.2,56.0,24.0,24.1,101.29,2012,1,3,10,1,0,0.49999999999999994,-0.8660254037844387
21.3,3.8,32.0,15.0,26.349999999999998,100.93,2012,6,5,13,1,0,-0.2588190451025208,-0.9659258262890683
28.5,15.5,45.0,15.0,26.349999999999998,101.17,2012,7,30,13,0,0,-0.2588190451025208,-0.9659258262890683
11.4,8.9,85.0,6.0,22.750000000000004,99.55,2012,5,10,3,3,0,0.7071067811865476,0.7071067811865476
21.2,10.4,50.0,20.0,26.349999999999998,100.85,2012,8,18,13,5,1,-0.2588190451025208,-0.9659258262890683
3.8,-0.9,71.0,15.0,24.1,100.76,2012,3,25,6,6,1,1.0,6.123233995736766e-17
6.0,-1.8,57.0,11.0,25.0,101.22,2012,3,7,19,2,0,-0.9659258262890684,0.2588190451025203
-2.1,-4.2,86.0,19.0,22.750000000000004,99.8,2012,1,27,6,4,0,1.0,6.123233995736766e-17
4.2,-0.3,72.0,11.0,25.0,101.47,2012,11,9,20,4,0,-0.8660254037844386,0.5000000000000001
-4.7,-7.7,79.0,28.0,22.750000000000004,100.69,2012,3,1,3,3,0,0.7071067811865476,0.7071067811865476
-11.3,-13.7,82.0,9.0,22.750000000000004,102.59,2012,2,3,7,4,0,0.9659258262890683,-0.25881904510252063
20.9,-2.0,21.0,11.0,26.349999999999998,101.14,2012,5,7,16,0,0,-0.8660254037844385,-0.5000000000000004
16.6,9.6,63.0,0.0,26.349999999999998,101.36,2012,6,10,6,6,1,1.0,6.123233995736766e-17
14.4,3.5,48.0,13.0,25.0,101.84,2012,5,27,4,6,1,0.8660254037844386,0.5000000000000001
27.9,19.1,59.0,19.0,24.1,100.93,2012,6,19,18,1,0,-1.0,-1.8369701987210297e-16
-1.4,-3.6,85.0,9.0,22.750000000000004,101.23,2012,1,1,8,6,1,0.8660254037844387,-0.4999999999999998
8.5,6.4,87.0,7.0,25.0,101.49,2012,10,26,1,4,0,0.25881904510252074,0.9659258262890683
22.2,15.8,67.0,19.0,26.349999999999998,100.82,2012,9,7,10,4,0,0.49999999999999994,-0.8660254037844387
18.2,13.6,75.0,17.0,24.1,101.11,2012,9,17,10,0,0,0.49999999999999994,-0.8660254037844387
2.2,0.2,87.0,6.0,22.750000000000004,101.75,2012,2,15,16,2,0,-0.8660254037844385,-0.5000000000000004
-6.3,-12.7,60.0,13.0,26.349999999999998,102.11,2012,2,4,13,5,1,-0.2588190451025208,-0.9659258262890683
-11.1,-13.9,80.0,15.0,25.0,101.23,2012,12,24,7,0,0,0.9659258262890683,-0.25881904510252063
-3.2,-12.4,49.0,22.0,25.0,101.28,2012,2,8,19,2,0,-0.9659258262890684,0.2588190451025203
6.2,3.2,81.0,19.0,24.1,99.71,2012,4,10,15,1,0,-0.7071067811865471,-0.7071067811865479
-3.4,-5.7,84.0,6.0,22.750000000000004,100.57,2012,12,31,14,0,0,-0.4999999999999997,-0.8660254037844388
11.4,4.5,62.0,19.0,25.0,101.36,2012,10,9,21,1,0,-0.7071067811865477,0.7071067811865474
7.4,-1.2,54.0,6.0,25.0,101.69,2012,3,11,19,6,1,-0.9659258262890684,0.2588190451025203
10.4,6.0,74.0,26.0,24.1,99.46,2012,5,10,13,3,0,-0.2588190451025208,-0.9659258262890683
-11.2,-12.9,87.0,6.0,25.0,102.42,2012,12,26,1,2,0,0.25881904510252074,0.9659258262890683
17.5,10.9,65.0,6.0,25.0,101.79,2012,3,20,19,1,0,-0.9659258262890684,0.2588190451025203
23.3,12.1,49.0,19.0,24.1,101.43,2012,3,22,13,3,0,-0.2588190451025208,-0.9659258262890683
26.0,16.3,55.0,6.0,26.349999999999998,101.33,2012,6,17,12,6,1,1.2246467991473532e-16,-1.0
21.3,17.3,78.0,22.0,25.0,100.68,2012,8,13,0,0,0,0.0,1.0
22.8,20.3,86.0,7.0,25.0,100.78,2012,8,27,18,0,0,-1.0,-1.8369701987210297e-16
20.8,17.6,82.0,7.0,25.0,100.74,2012,7,5,23,3,0,-0.25881904510252157,0.9659258262890681
19.2,10.4,57.0,17.0,25.0,99.61,2012,10,30,18,1,0,-1.0,-1.8369701987210297e-16
14.9,13.3,90.0,4.0,22.750000000000004,100.66,2012,4,16,2,0,0,0.49999999999999994,0.8660254037844387
8.0,0.4,59.0,28.0,26.349999999999998,99.26,2012,4,24,17,1,0,-0.9659258262890683,-0.25881904510252063
-8.5,-11.3,80.0,30.0,25.0,101.31,2012,12,27,2,3,0,0.49999999999999994,0.8660254037844387
17.4,13.4,77.0,9.0,24.1,101.46,2012,6,17,4,6,1,0.8660254037844386,0.5000000000000001
24.5,13.5,50.0,17.0,25.0,99.61,2012,6,29,23,4,0,-0.25881904510252157,0.9659258262890681
16.4,9.3,63.0,15.0,25.0,100.97,2012,6,5,23,1,0,-0.25881904510252157,0.9659258262890681
-5.4,-9.7,72.0,20.0,22.750000000000004,101.98,2012,2,28,5,1,0,0.9659258262890683,0.25881904510252074
-1.5,-6.4,69.0,6.0,25.0,101.96,2012,11,6,23,1,0,-0.25881904510252157,0.9659258262890681
6.1,-9.9,31.0,11.0,25.0,101.27,2012,4,6,23,4,0,-0.25881904510252157,0.9659258262890681
19.9,13.9,68.0,9.0,26.349999999999998,100.79,2012,9,7,8,4,0,0.8660254037844387,-0.4999999999999998
4.9,3.6,91.0,22.0,22.750000000000004,99.78,2012,11,2,16,4,0,-0.8660254037844385,-0.5000000000000004
6.5,-6.5,39.0,28.0,26.349999999999998,99.83,2012,4,4,9,2,0,0.7071067811865476,-0.7071067811865475
0.6,-0.5,92.0,19.0,22.750000000000004,100.44,2012,12,18,0,1,0,0.0,1.0
27.3,16.4,51.0,9.0,26.349999999999998,101.27,2012,9,14,14,4,0,-0.4999999999999997,-0.8660254037844388
13.9,8.5,70.0,13.0,24.1,102.16,2012,6,16,5,5,1,0.9659258262890683,0.25881904510252074
13.9,6.9,63.0,11.0,25.0,101.76,2012,5,27,2,6,1,0.49999999999999994,0.8660254037844387
-1.7,-7.8,63.0,11.0,25.0,101.09,2012,2,18,20,5,1,-0.8660254037844386,0.5000000000000001
27.8,17.7,54.0,11.0,26.349999999999998,101.09,2012,7,29,15,6,1,-0.7071067811865471,-0.7071067811865479
22.3,20.2,88.0,15.0,25.0,100.63,2012,8,27,22,0,0,-0.5000000000000004,0.8660254037844384
2.6,-2.3,70.0,4.0,26.349999999999998,101.98,2012,3,12,7,0,0,0.9659258262890683,-0.25881904510252063
-16.7,-24.6,50.0,17.0,24.1,100.72,2012,2,12,9,6,1,0.7071067811865476,-0.7071067811865475
24.1,19.8,77.0,22.0,24.1,101.02,2012,8,5,5,6,1,0.9659258262890683,0.25881904510252074
-2.1,-3.5,90.0,33.0,22.750000000000004,99.015,2012,2,25,11,5,1,0.258819045102521,-0.9659258262890682
3.8,3.2,96.0,0.0,22.750000000000004,101.77,2012,3,16,19,4,0,-0.9659258262890684,0.2588190451025203
3.4,-1.3,71.0,11.0,26.349999999999998,102.57,2012,10,13,8,5,1,0.8660254037844387,-0.4999999999999998
16.6,4.2,44.0,4.0,25.0,101.59,2012,5,18,20,4,0,-0.8660254037844386,0.5000000000000001
14.6,10.2,75.0,17.0,24.1,101.0,2012,9,26,18,2,0,-1.0,-1.8369701987210297e-16
-4.3,-5.8,89.0,4.0,22.750000000000004,102.45,2012,12,12,23,2,0,-0.25881904510252157,0.9659258262890681
16.1,12.5,79.0,13.0,24.1,99.99,2012,6,26,17,1,0,-0.9659258262890683,-0.25881904510252063
-14.9,-19.9,66.0,6.0,25.0,101.93,2012,1,18,23,2,0,-0.25881904510252157,0.9659258262890681
4.0,-1.2,69.0,7.0,25.0,101.9,2012,10,24,2,2,0,0.49999999999999994,0.8660254037844387
7.9,5.6,85.0,9.0,25.0,101.5,2012,9,15,23,5,1,-0.25881904510252157,0.9659258262890681
2.8,-2.4,69.0,36.5,24.1,100.73,2012,1,24,13,1,0,-0.2588190451025208,-0.9659258262890683
12.4,10.5,88.0,4.0,25.0,101.92,2012,3,21,1,2,0,0.25881904510252074,0.9659258262890683
1.5,-2.8,73.0,11.0,25.0,101.78,2012,3,12,3,0,0,0.7071067811865476,0.7071067811865476
23.6,13.0,51.0,15.0,26.349999999999998,100.51,2012,7,1,19,6,1,-0.9659258262890684,0.2588190451025203
6.8,2.4,73.0,19.0,24.1,99.83,2012,4,10,17,1,0,-0.9659258262890683,-0.25881904510252063
-5.0,-9.7,70.0,15.0,24.1,101.31,2012,3,9,7,4,0,0.9659258262890683,-0.25881904510252063
3.5,-2.7,64.0,19.0,24.1,101.39,2012,2,16,14,3,0,-0.4999999999999997,-0.8660254037844388
19.8,17.0,84.0,20.0,25.0,100.77,2012,8,9,23,3,0,-0.25881904510252157,0.9659258262890681
24.3,16.2,61.0,22.0,24.1,99.79,2012,6,30,18,5,1,-1.0,-1.8369701987210297e-16
-7.2,-10.0,80.0,11.0,22.750000000000004,100.4,2012,12,23,18,6,1,-1.0,-1.8369701987210297e-16
-5.4,-8.3,80.0,9.0,22.750000000000004,100.28,2012,1,5,2,3,0,0.49999999999999994,0.8660254037844387
1.1,-1.1,85.0,36.5,25.0,100.32,2012,4,23,2,0,0,0.49999999999999994,0.8660254037844387
2.9,-2.8,66.0,13.0,25.0,100.51,2012,2,6,17,0,0,-0.9659258262890683,-0.25881904510252063
-1.5,-7.8,62.0,28.0,25.0,99.96,2012,11,24,21,5,1,-0.7071067811865477,0.7071067811865474
2.2,-4.7,60.0,19.0,25.0,101.07,2012,3,29,20,3,0,-0.8660254037844386,0.5000000000000001
-2.1,-8.5,62.0,20.0,26.349999999999998,101.44,2012,3,9,12,4,0,1.2246467991473532e-16,-1.0
-7.9,-12.4,70.0,20.0,24.1,102.82,2012,12,1,16,5,1,-0.8660254037844385,-0.5000000000000004
-1.7,-5.2,77.0,4.0,25.0,102.42,2012,11,15,22,3,0,-0.5000000000000004,0.8660254037844384
0.4,-0.7,92.0,20.0,22.750000000000004,100.79,2012,12,17,9,0,0,0.7071067811865476,-0.7071067811865475
16.6,14.9,90.0,0.0,25.0,101.71,2012,9,14,1,4,0,0.25881904510252074,0.9659258262890683
6.1,-10.3,30.0,13.0,26.349999999999998,101.47,2012,3,24,17,5,1,-0.9659258262890683,-0.25881904510252063
14.7,14.1,96.0,11.0,22.750000000000004,101.56,2012,10,4,2,3,0,0.49999999999999994,0.8660254037844387
11.2,9.8,91.0,15.0,22.750000000000004,100.91,2012,10,19,6,4,0,1.0,6.123233995736766e-17
24.3,16.9,63.0,11.0,25.0,101.0,2012,7,30,21,0,0,-0.7071067811865477,0.7071067811865474
1.3,-9.6,44.0,13.0,25.0,101.31,2012,3,31,1,5,1,0.25881904510252074,0.9659258262890683
2.3,-0.9,79.0,20.0,25.0,99.23,2012,2,23,0,3,0,0.0,1.0
16.8,8.6,58.0,0.0,26.349999999999998,100.72,2012,5,31,12,3,0,1.2246467991473532e-16,-1.0
28.3,18.5,55.0,20.0,26.349999999999998,101.09,2012,7,22,14,6,1,-0.4999999999999997,-0.8660254037844388
12.5,11.0,91.0,0.0,22.750000000000004,100.27,2012,5,9,0,2,0,0.0,1.0
19.6,15.0,75.0,9.0,25.0,100.55,2012,9,6,22,3,0,-0.5000000000000004,0.8660254037844384
29.4,19.3,55.0,17.0,24.1,100.47,2012,6,21,10,3,0,0.49999999999999994,-0.8660254037844387
2.2,-1.2,78.0,17.0,24.1,101.11,2012,11,4,8,6,1,0.8660254037844387,-0.4999999999999998
-5.2,-9.7,71.0,9.0,25.0,102.38,2012,12,6,5,3,0,0.9659258262890683,0.25881904510252074
10.5,9.9,96.0,24.0,22.750000000000004,101.13,2012,9,29,20,5,1,-0.8660254037844386,0.5000000000000001
10.3,7.8,84.0,11.0,25.0,101.18,2012,10,10,1,2,0,0.25881904510252074,0.9659258262890683
18.7,14.2,75.0,32.0,25.0,100.53,2012,10,5,19,4,0,-0.9659258262890684,0.2588190451025203
-7.6,-11.6,73.0,7.0,22.750000000000004,100.54,2012,1,4,21,2,0,-0.7071067811865477,0.7071067811865474
0.8,-0.7,90.0,15.0,22.750000000000004,99.015,2012,2,25,1,5,1,0.25881904510252074,0.9659258262890683
-9.8,-15.4,64.0,36.5,22.750000000000004,100.22,2012,1,18,7,2,0,0.9659258262890683,-0.25881904510252063
10.8,9.7,93.0,17.0,22.750000000000004,101.06,2012,9,29,23,5,1,-0.25881904510252157,0.9659258262890681
-1.1,-3.9,81.0,13.0,25.0,101.78,2012,12,20,5,3,0,0.9659258262890683,0.25881904510252074
-3.4,-7.6,73.0,15.0,25.0,100.85,2012,1,29,23,6,1,-0.25881904510252157,0.9659258262890681
-0.2,-2.0,88.0,9.0,22.750000000000004,100.79,2012,1,1,12,6,1,1.2246467991473532e-16,-1.0
-8.3,-17.4,48.0,26.0,26.349999999999998,102.41,2012,2,26,13,6,1,-0.2588190451025208,-0.9659258262890683
-2.1,-10.7,52.0,22.0,26.349999999999998,101.74,2012,4,28,6,5,1,1.0,6.123233995736766e-17
-6.8,-9.1,84.0,4.0,22.750000000000004,101.38,2012,2,27,23,0,0,-0.25881904510252157,0.9659258262890681
-15.0,-22.4,53.0,11.0,25.0,100.66,2012,2,12,0,6,1,0.0,1.0
15.7,13.8,88.0,7.0,22.750000000000004,100.32,2012,6,25,2,0,0,0.49999999999999994,0.8660254037844387
5.1,3.2,88.0,4.0,25.0,102.08,2012,10,9,5,1,0,0.9659258262890683,0.25881904510252074
6.0,3.2,82.0,26.0,25.0,100.68,2012,10,11,4,3,0,0.8660254037844386,0.5000000000000001
17.5,13.5,77.0,13.0,22.750000000000004,101.4,2012,10,3,13,2,0,-0.2588190451025208,-0.9659258262890683
-0.6,-9.2,52.0,13.0,25.0,101.3,2012,3,31,5,5,1,0.9659258262890683,0.25881904510252074
19.0,16.6,86.0,6.0,24.1,100.38,2012,7,18,4,2,0,0.8660254037844386,0.5000000000000001
9.2,6.6,84.0,26.0,25.0,100.82,2012,10,29,2,0,0,0.49999999999999994,0.8660254037844387
29.6,17.4,48.0,22.0,26.349999999999998,101.2,2012,6,11,16,0,0,-0.8660254037844385,-0.5000000000000004
-6.2,-9.6,77.0,35.0,22.750000000000004,100.46,2012,1,12,10,3,0,0.49999999999999994,-0.8660254037844387
6.9,0.5,64.0,15.0,25.0,101.34,2012,11,22,18,3,0,-1.0,-1.8369701987210297e-16
22.9,9.0,41.0,13.0,26.349999999999998,101.21,2012,7,19,15,3,0,-0.7071067811865471,-0.7071067811865479
11.9,8.3,79.0,4.0,25.0,99.65,2012,5,9,23,2,0,-0.25881904510252157,0.9659258262890681
17.4,12.7,74.0,15.0,24.1,100.8,2012,6,23,6,5,1,1.0,6.123233995736766e-17
0.1,-3.3,78.0,30.0,25.0,100.77,2012,2,6,3,0,0,0.7071067811865476,0.7071067811865476
15.3,12.7,84.0,9.0,22.750000000000004,99.69,2012,6,27,3,2,0,0.7071067811865476,0.7071067811865476
17.5,10.6,64.0,19.0,25.0,100.96,2012,8,30,0,3,0,0.0,1.0
11.3,6.0,70.0,17.0,25.0,100.85,2012,9,25,5,1,0,0.9659258262890683,0.25881904510252074
8.3,6.3,87.0,9.0,25.0,101.54,2012,9,27,1,3,0,0.25881904510252074,0.9659258262890683
20.5,19.0,91.0,7.0,24.1,100.79,2012,8,12,7,6,1,0.9659258262890683,-0.25881904510252063
24.4,6.7,32.0,15.0,26.349999999999998,102.22,2012,6,15,13,4,0,-0.2588190451025208,-0.9659258262890683
4.6,-1.2,66.0,22.0,25.0,101.36,2012,11,9,17,4,0,-0.9659258262890683,-0.25881904510252063
-1.0,-5.1,74.0,26.0,24.1,101.44,2012,11,8,7,3,0,0.9659258262890683,-0.25881904510252063
15.4,12.0,80.0,20.0,24.1,100.88,2012,9,26,9,2,0,0.7071067811865476,-0.7071067811865475
-9.1,-15.1,62.0,17.0,25.0,102.54,2012,12,15,18,5,1,-1.0,-1.8369701987210297e-16
-5.9,-10.5,70.0,13.0,22.750000000000004,101.74,2012,1,9,8,0,0,0.8660254037844387,-0.4999999999999998
3.1,1.3,88.0,15.0,22.750000000000004,99.68,2012,1,1,19,6,1,-0.9659258262890684,0.2588190451025203
24.6,17.6,65.0,17.0,24.1,100.4,2012,6,22,9,4,0,0.7071067811865476,-0.7071067811865475
-4.8,-11.6,59.0,17.0,25.0,99.84,2012,3,4,6,6,1,1.0,6.123233995736766e-17
-0.7,-4.0,78.0,22.0,25.0,101.07,2012,2,10,6,4,0,1.0,6.123233995736766e-17
18.7,7.7,49.0,24.0,26.349999999999998,101.31,2012,9,20,16,3,0,-0.8660254037844385,-0.5000000000000004
19.5,8.7,50.0,22.0,25.0,100.93,2012,8,29,22,2,0,-0.5000000000000004,0.8660254037844384
-1.1,-5.2,74.0,22.0,25.0,100.09,2012,12,11,2,1,0,0.49999999999999994,0.8660254037844387
2.4,0.3,86.0,9.0,25.0,101.05,2012,12,8,6,5,1,1.0,6.123233995736766e-17
6.3,2.0,74.0,0.0,24.1,101.06,2012,10,17,8,2,0,0.8660254037844387,-0.4999999999999998
20.4,14.1,67.0,11.0,26.349999999999998,100.27,2012,6,28,9,3,0,0.7071067811865476,-0.7071067811865475
3.5,-5.1,53.0,28.0,24.1,100.62,2012,2,17,14,4,0,-0.4999999999999997,-0.8660254037844388
-10.7,-15.6,67.0,13.0,26.349999999999998,102.69,2012,12,15,8,5,1,0.8660254037844387,-0.4999999999999998
11.5,9.6,88.0,17.0,22.750000000000004,100.35,2012,5,8,13,1,0,-0.2588190451025208,-0.9659258262890683
-0.3,-1.8,90.0,11.0,22.750000000000004,99.13,2012,1,27,18,4,0,-1.0,-1.8369701987210297e-16
26.8,16.9,55.0,6.0,26.349999999999998,101.05,2012,7,29,18,6,1,-1.0,-1.8369701987210297e-16
23.1,9.4,42.0,19.0,24.1,101.49,2012,5,26,17,5,1,-0.9659258262890683,-0.25881904510252063
15.3,14.3,94.0,13.0,22.750000000000004,101.31,2012,9,14,21,4,0,-0.7071067811865477,0.7071067811865474
-0.1,-7.3,58.0,24.0,26.349999999999998,101.19,2012,2,9,12,3,0,1.2246467991473532e-16,-1.0
15.7,11.2,75.0,15.0,24.1,101.1,2012,5,23,8,2,0,0.8660254037844387,-0.4999999999999998
4.5,-9.3,36.0,11.0,26.349999999999998,101.51,2012,4,7,8,5,1,0.8660254037844387,-0.4999999999999998
21.9,10.7,49.0,17.0,26.349999999999998,101.39,2012,6,13,15,2,0,-0.7071067811865471,-0.7071067811865479
14.5,4.0,49.0,13.0,26.349999999999998,101.57,2012,10,9,16,1,0,-0.8660254037844385,-0.5000000000000004
1.1,-3.6,71.0,32.0,25.0,100.63,2012,2,6,6,0,0,1.0,6.123233995736766e-17
22.7,17.2,71.0,19.0,24.1,100.28,2012,6,22,6,4,0,1.0,6.123233995736766e-17
11.9,6.0,67.0,17.0,25.0,101.02,2012,9,25,0,1,0,0.0,1.0
18.2,16.1,88.0,11.0,25.0,100.32,2012,8,17,4,4,0,0.8660254037844386,0.5000000000000001
-14.3,-17.4,77.0,6.0,25.0,101.86,2012,1,19,2,3,0,0.49999999999999994,0.8660254037844387
13.1,3.8,53.0,6.0,24.1,101.58,2012,10,23,14,1,0,-0.4999999999999997,-0.8660254037844388
22.1,13.8,59.0,20.0,26.349999999999998,99.86,2012,6,30,7,5,1,0.9659258262890683,-0.25881904510252063
19.3,12.7,66.0,13.0,25.0,100.19,2012,6,27,21,2,0,-0.7071067811865477,0.7071067811865474
0.0,-2.1,86.0,30.0,22.750000000000004,99.89,2012,12,31,23,0,0,-0.25881904510252157,0.9659258262890681
-14.8,-23.8,46.0,24.0,26.349999999999998,100.61,2012,2,12,12,6,1,1.2246467991473532e-16,-1.0
22.9,12.5,52.0,11.0,24.1,100.23,2012,5,16,12,2,0,1.2246467991473532e-16,-1.0
12.6,8.9,78.0,7.0,25.0,101.39,2012,3,18,22,6,1,-0.5000000000000004,0.8660254037844384
20.1,14.6,71.0,20.0,24.1,101.02,2012,5,15,13,1,0,-0.2588190451025208,-0.9659258262890683
10.2,4.4,67.0,6.0,24.1,102.07,2012,3,17,15,5,1,-0.7071067811865471,-0.7071067811865479
-11.3,-19.1,52.0,6.0,26.349999999999998,103.1,2012,3,6,9,1,0,0.7071067811865476,-0.7071067811865475
20.1,12.2,60.0,13.0,24.1,101.15,2012,5,23,13,2,0,-0.2588190451025208,-0.9659258262890683
5.1,-10.7,31.0,15.0,25.0,102.05,2012,4,29,22,6,1,-0.5000000000000004,0.8660254037844384
18.3,14.2,77.0,6.0,25.0,100.68,2012,9,7,4,4,0,0.8660254037844386,0.5000000000000001
12.7,5.7,62.0,15.0,25.0,100.96,2012,10,18,23,3,0,-0.25881904510252157,0.9659258262890681
-11.9,-20.1,51.0,26.0,24.1,101.56,2012,1,11,17,2,0,-0.9659258262890683,-0.25881904510252063
22.4,8.4,41.0,20.0,26.349999999999998,100.06,2012,5,30,18,2,0,-1.0,-1.8369701987210297e-16
2.1,-7.4,49.0,26.0,24.1,101.88,2012,11,7,12,2,0,1.2246467991473532e-16,-1.0
-11.0,-16.9,62.0,26.0,26.349999999999998,101.56,2012,1,19,11,3,0,0.258819045102521,-0.9659258262890682
-2.2,-8.3,63.0,24.0,25.0,101.63,2012,11,29,17,3,0,-0.9659258262890683,-0.25881904510252063
26.1,10.6,38.0,13.0,26.349999999999998,101.09,2012,7,10,16,1,0,-0.8660254037844385,-0.5000000000000004
16.3,8.6,60.0,32.0,26.349999999999998,100.93,2012,9,25,9,1,0,0.7071067811865476,-0.7071067811865475
15.9,7.1,56.0,22.0,24.1,100.71,2012,6,4,17,0,0,-0.9659258262890683,-0.25881904510252063
-9.2,-15.4,61.0,7.0,25.0,100.8,2012,1,5,19,3,0,-0.9659258262890684,0.2588190451025203
20.4,17.6,84.0,13.0,25.0,100.67,2012,8,13,2,0,0,0.49999999999999994,0.8660254037844387
20.2,14.3,69.0,13.0,24.1,100.46,2012,7,27,8,4,0,0.8660254037844387,-0.4999999999999998
-4.8,-6.9,85.0,7.0,25.0,103.135,2012,11,18,4,6,1,0.8660254037844386,0.5000000000000001
14.5,9.3,71.0,13.0,26.349999999999998,101.51,2012,7,20,5,4,0,0.9659258262890683,0.25881904510252074
6.3,-7.4,37.0,9.0,25.0,101.35,2012,3,24,20,5,1,-0.8660254037844386,0.5000000000000001
0.4,-0.9,91.0,24.0,22.750000000000004,100.24,2012,12,18,3,1,0,0.7071067811865476,0.7071067811865476
1.8,-6.1,56.0,9.0,25.0,102.53,2012,11,10,21,5,1,-0.7071067811865477,0.7071067811865474
15.7,12.9,83.0,13.0,22.750000000000004,99.72,2012,6,27,1,2,0,0.25881904510252074,0.9659258262890683
10.4,1.5,54.0,24.0,26.349999999999998,99.71,2012,11,23,14,4,0,-0.4999999999999997,-0.8660254037844388
16.4,7.4,55.0,19.0,25.0,101.17,2012,5,28,5,0,0,0.9659258262890683,0.25881904510252074
21.9,13.2,58.0,11.0,26.349999999999998,102.02,2012,9,12,10,2,0,0.49999999999999994,-0.8660254037844387
22.6,11.4,49.0,15.0,25.0,99.68,2012,6,30,1,5,1,0.25881904510252074,0.9659258262890683
17.9,6.3,47.0,15.0,26.349999999999998,100.94,2012,10,18,11,3,0,0.258819045102521,-0.9659258262890682
-17.4,-21.7,69.0,0.0,25.0,102.54,2012,1,21,23,5,1,-0.25881904510252157,0.9659258262890681
14.3,6.5,59.0,20.0,26.349999999999998,100.99,2012,6,5,7,1,0,0.9659258262890683,-0.25881904510252063
22.5,18.3,77.0,13.0,24.1,100.74,2012,8,3,6,4,0,1.0,6.123233995736766e-17
14.2,9.9,75.0,13.0,24.1,101.44,2012,5,3,10,3,0,0.49999999999999994,-0.8660254037844387
23.0,7.8,38.0,24.0,26.349999999999998,100.79,2012,7,8,12,6,1,1.2246467991473532e-16,-1.0
-4.5,-8.0,76.0,20.0,25.0,100.38,2012,12,11,4,1,0,0.8660254037844386,0.5000000000000001
11.6,8.8,83.0,36.5,24.1,100.8,2012,10,10,7,2,0,0.9659258262890683,-0.25881904510252063
-6.2,-13.4,57.0,19.0,24.1,101.69,2012,2,7,10,1,0,0.49999999999999994,-0.8660254037844387
8.7,-9.1,27.0,11.0,26.349999999999998,100.76,2012,4,3,13,1,0,-0.2588190451025208,-0.9659258262890683
8.4,2.2,65.0,36.5,25.0,101.13,2012,10,11,19,3,0,-0.9659258262890684,0.2588190451025203
25.0,12.9,47.0,11.0,26.349999999999998,101.78,2012,9,12,18,2,0,-1.0,-1.8369701987210297e-16
19.0,12.3,65.0,19.0,25.0,100.45,2012,7,24,22,1,0,-0.5000000000000004,0.8660254037844384
-4.9,-7.3,83.0,20.0,22.750000000000004,99.015,2012,1,13,13,4,0,-0.2588190451025208,-0.9659258262890683
16.8,11.8,72.0,20.0,24.1,100.95,2012,8,30,7,3,0,0.9659258262890683,-0.25881904510252063
18.2,16.3,89.0,20.0,22.750000000000004,100.57,2012,6,12,17,1,0,-0.9659258262890683,-0.25881904510252063
14.1,8.9,71.0,26.0,24.1,100.79,2012,4,15,9,6,1,0.7071067811865476,-0.7071067811865475
6.0,-8.2,35.0,9.0,25.0,100.22,2012,4,4,0,2,0,0.0,1.0
5.6,4.9,95.0,22.0,22.750000000000004,100.75,2012,12,2,15,6,1,-0.7071067811865471,-0.7071067811865479
28.1,19.0,58.0,19.0,24.1,100.52,2012,6,21,9,3,0,0.7071067811865476,-0.7071067811865475
0.4,-1.9,85.0,24.0,22.750000000000004,101.38,2012,11,28,21,2,0,-0.7071067811865477,0.7071067811865474
6.8,3.9,82.0,7.0,25.0,101.76,2012,10,23,22,1,0,-0.5000000000000004,0.8660254037844384
10.0,9.3,95.0,15.0,22.750000000000004,100.31,2012,10,14,20,6,1,-0.8660254037844386,0.5000000000000001
23.2,7.2,36.0,7.0,26.349999999999998,100.68,2012,6,9,14,5,1,-0.4999999999999997,-0.8660254037844388
17.0,11.7,71.0,24.0,24.1,101.09,2012,6,13,9,2,0,0.7071067811865476,-0.7071067811865475
-4.7,-6.0,91.0,4.0,22.750000000000004,102.68,2012,12,13,9,3,0,0.7071067811865476,-0.7071067811865475
20.8,12.9,61.0,11.0,25.0,100.84,2012,8,31,23,4,0,-0.25881904510252157,0.9659258262890681
18.6,17.5,93.0,0.0,25.0,99.99,2012,7,26,23,3,0,-0.25881904510252157,0.9659258262890681
1.5,0.2,91.0,19.0,22.750000000000004,99.53,2012,3,28,17,2,0,-0.9659258262890683,-0.25881904510252063
-16.8,-22.2,63.0,26.0,25.0,100.73,2012,1,14,7,5,1,0.9659258262890683,-0.25881904510252063
6.4,-0.4,62.0,11.0,24.1,101.0,2012,4,11,19,2,0,-0.9659258262890684,0.2588190451025203
1.9,-2.3,74.0,7.0,25.0,101.81,2012,11,20,22,1,0,-0.5000000000000004,0.8660254037844384
13.1,6.0,62.0,20.0,24.1,101.06,2012,10,28,15,6,1,-0.7071067811865471,-0.7071067811865479
16.6,7.5,55.0,7.0,25.0,101.71,2012,5,26,21,5,1,-0.7071067811865477,0.7071067811865474
26.5,9.3,34.0,15.0,26.349999999999998,101.39,2012,6,10,18,6,1,-1.0,-1.8369701987210297e-16
14.5,12.2,86.0,7.0,25.0,100.69,2012,7,25,4,2,0,0.8660254037844386,0.5000000000000001
2.7,-5.0,57.0,36.5,24.1,100.76,2012,4,27,13,4,0,-0.2588190451025208,-0.9659258262890683
20.4,13.9,66.0,13.0,25.0,100.18,2012,7,26,1,3,0,0.25881904510252074,0.9659258262890683
-14.8,-20.7,61.0,11.0,26.349999999999998,103.0,2012,3,6,7,1,0,0.9659258262890683,-0.25881904510252063
-11.8,-18.9,56.0,11.0,24.1,102.06,2012,1,21,15,5,1,-0.7071067811865471,-0.7071067811865479
29.1,20.0,58.0,20.0,24.1,101.0,2012,6,20,12,2,0,1.2246467991473532e-16,-1.0
14.2,11.2,82.0,15.0,22.750000000000004,101.38,2012,10,26,20,4,0,-0.8660254037844386,0.5000000000000001
1.5,-4.9,62.0,9.0,25.0,101.28,2012,11,5,0,0,0,0.0,1.0
-4.0,-12.0,54.0,17.0,24.1,100.91,2012,1,10,17,1,0,-0.9659258262890683,-0.25881904510252063
8.8,1.2,59.0,26.0,24.1,99.015,2012,4,24,11,1,0,0.258819045102521,-0.9659258262890682
25.9,15.7,53.0,17.0,26.349999999999998,101.33,2012,8,23,17,3,0,-0.9659258262890683,-0.25881904510252063
0.1,-2.2,84.0,17.0,25.0,101.6,2012,12,20,1,3,0,0.25881904510252074,0.9659258262890683
18.4,8.9,54.0,4.0,26.349999999999998,100.79,2012,6,9,8,5,1,0.8660254037844387,-0.4999999999999998
14.9,9.1,68.0,0.0,25.0,101.02,2012,6,24,3,6,1,0.7071067811865476,0.7071067811865476
5.2,-0.4,67.0,20.0,26.349999999999998,101.3,2012,4,22,13,6,1,-0.2588190451025208,-0.9659258262890683
17.5,13.9,79.0,9.0,24.1,100.54,2012,5,16,8,2,0,0.8660254037844387,-0.4999999999999998
8.1,5.4,83.0,7.0,25.0,101.34,2012,10,22,22,0,0,-0.5000000000000004,0.8660254037844384
26.2,17.6,59.0,11.0,24.1,100.47,2012,9,5,15,2,0,-0.7071067811865471,-0.7071067811865479
-0.6,-2.3,88.0,22.0,22.750000000000004,99.015,2012,1,27,17,4,0,-0.9659258262890683,-0.25881904510252063
27.2,17.2,54.0,13.0,24.1,101.72,2012,8,4,10,5,1,0.49999999999999994,-0.8660254037844387
1.8,-5.1,60.0,9.0,25.0,101.3,2012,11,4,22,6,1,-0.5000000000000004,0.8660254037844384
-7.0,-14.2,56.0,22.0,26.349999999999998,101.83,2012,1,30,12,0,0,1.2246467991473532e-16,-1.0
19.0,17.7,92.0,19.0,22.750000000000004,100.58,2012,8,10,5,4,0,0.9659258262890683,0.25881904510252074
2.6,0.9,89.0,22.0,25.0,99.54,2012,12,10,19,0,0,-0.9659258262890684,0.2588190451025203
15.5,8.2,62.0,0.0,25.0,101.5,2012,7,11,1,2,0,0.25881904510252074,0.9659258262890683
1.9,-2.8,71.0,35.0,24.1,100.57,2012,2,6,11,0,0,0.258819045102521,-0.9659258262890682
1.5,-0.5,87.0,15.0,25.0,100.88,2012,2,16,21,3,0,-0.7071067811865477,0.7071067811865474
0.5,-5.1,66.0,17.0,26.349999999999998,100.81,2012,2,18,11,5,1,0.258819045102521,-0.9659258262890682
16.0,5.1,48.0,17.0,25.0,100.8,2012,10,18,18,3,0,-1.0,-1.8369701987210297e-16
21.7,15.5,68.0,17.0,25.0,101.07,2012,6,12,1,1,0,0.25881904510252074,0.9659258262890683
11.2,6.9,75.0,6.0,24.1,101.03,2012,6,6,4,2,0,0.8660254037844386,0.5000000000000001
5.4,2.7,83.0,24.0,24.1,100.52,2012,11,3,15,5,1,-0.7071067811865471,-0.7071067811865479
-14.9,-17.9,78.0,6.0,25.0,101.86,2012,2,5,4,6,1,0.8660254037844386,0.5000000000000001
0.0,-0.5,96.0,6.0,22.750000000000004,99.41,2012,12,10,16,0,0,-0.8660254037844385,-0.5000000000000004
-0.8,-5.2,72.0,24.0,25.0,100.8,2012,2,6,1,0,0,0.25881904510252074,0.9659258262890683
5.0,2.6,84.0,22.0,25.0,99.45,2012,11,2,2,4,0,0.49999999999999994,0.8660254037844387
27.6,13.4,42.0,9.0,25.0,99.51,2012,6,29,20,4,0,-0.8660254037844386,0.5000000000000001
17.9,13.2,74.0,19.0,22.750000000000004,100.22,2012,5,16,14,2,0,-0.4999999999999997,-0.8660254037844388
13.2,7.1,66.0,13.0,25.0,100.54,2012,5,28,23,0,0,-0.25881904510252157,0.9659258262890681
18.7,4.5,39.0,22.0,26.349999999999998,100.63,2012,4,19,18,3,0,-1.0,-1.8369701987210297e-16
4.1,-10.3,34.0,13.0,25.0,102.09,2012,4,29,23,6,1,-0.25881904510252157,0.9659258262890681
23.7,17.0,66.0,17.0,22.750000000000004,100.91,2012,8,9,15,3,0,-0.7071067811865471,-0.7071067811865479
14.0,7.1,63.0,15.0,25.0,100.66,2012,5,28,22,0,0,-0.5000000000000004,0.8660254037844384
2.7,-7.3,48.0,13.0,25.0,102.34,2012,11,11,1,6,1,0.25881904510252074,0.9659258262890683
-7.6,-13.2,64.0,19.0,22.750000000000004,101.74,2012,2,2,8,3,0,0.8660254037844387,-0.4999999999999998
-14.0,-19.5,63.0,19.0,25.0,100.95,2012,1,3,7,1,0,0.9659258262890683,-0.25881904510252063
27.8,16.5,50.0,26.0,26.349999999999998,100.65,2012,8,30,14,3,0,-0.4999999999999997,-0.8660254037844388
0.0,-0.8,94.0,15.0,22.750000000000004,101.37,2012,11,28,15,2,0,-0.7071067811865471,-0.7071067811865479
3.3,2.8,97.0,6.0,22.750000000000004,101.38,2012,3,16,13,4,0,-0.2588190451025208,-0.9659258262890683
-7.4,-15.7,51.0,13.0,26.349999999999998,101.9,2012,1,30,17,0,0,-0.9659258262890683,-0.25881904510252063
-6.3,-9.6,77.0,4.0,22.750000000000004,101.45,2012,2,2,2,3,0,0.49999999999999994,0.8660254037844387
23.9,14.0,54.0,20.0,26.349999999999998,101.26,2012,7,28,11,5,1,0.258819045102521,-0.9659258262890682
16.6,11.2,70.0,20.0,24.1,100.77,2012,4,15,18,6,1,-1.0,-1.8369701987210297e-16
-0.8,-7.7,59.0,33.0,24.1,100.84,2012,1,29,11,6,1,0.258819045102521,-0.9659258262890682
6.7,5.3,91.0,9.0,26.349999999999998,102.09,2012,10,9,7,1,0,0.9659258262890683,-0.25881904510252063
16.4,-6.8,20.0,15.0,26.349999999999998,101.63,2012,3,23,15,4,0,-0.7071067811865471,-0.7071067811865479
10.4,6.6,77.0,11.0,26.349999999999998,101.81,2012,3,18,9,6,1,0.7071067811865476,-0.7071067811865475
16.7,12.9,78.0,13.0,26.349999999999998,101.17,2012,9,21,10,4,0,0.49999999999999994,-0.8660254037844387
-18.4,-23.0,67.0,0.0,22.750000000000004,102.75,2012,1,22,3,6,1,0.7071067811865476,0.7071067811865476
4.2,-1.5,66.0,15.0,25.0,102.66,2012,11,16,18,4,0,-1.0,-1.8369701987210297e-16
-6.3,-13.7,56.0,17.0,26.349999999999998,101.93,2012,2,8,11,2,0,0.258819045102521,-0.9659258262890682
20.0,12.6,62.0,15.0,26.349999999999998,100.89,2012,6,23,8,5,1,0.8660254037844387,-0.4999999999999998
-5.5,-8.8,78.0,4.0,22.750000000000004,101.59,2012,2,2,4,3,0,0.8660254037844386,0.5000000000000001
-10.8,-14.8,72.0,19.0,25.0,100.8,2012,2,13,23,0,0,-0.25881904510252157,0.9659258262890681
21.6,14.8,65.0,9.0,25.0,100.45,2012,9,7,22,4,0,-0.5000000000000004,0.8660254037844384
28.9,16.5,47.0,13.0,26.349999999999998,101.74,2012,8,25,18,5,1,-1.0,-1.8369701987210297e-16
25.3,18.0,64.0,19.0,26.349999999999998,101.1,2012,6,20,8,2,0,0.8660254037844387,-0.4999999999999998
14.5,5.4,54.0,11.0,25.0,101.85,2012,6,14,0,3,0,0.0,1.0
-3.4,-12.5,49.0,11.0,24.1,101.6,2012,1,26,14,3,0,-0.4999999999999997,-0.8660254037844388
21.2,13.8,63.0,13.0,25.0,100.29,2012,7,25,22,2,0,-0.5000000000000004,0.8660254037844384
22.2,13.2,57.0,11.0,25.0,101.91,2012,9,12,21,2,0,-0.7071067811865477,0.7071067811865474
1.2,-2.8,75.0,19.0,25.0,99.96,2012,3,3,1,5,1,0.25881904510252074,0.9659258262890683
-2.9,-9.3,61.0,26.0,25.0,100.08,2012,11,25,1,6,1,0.25881904510252074,0.9659258262890683
3.3,-2.7,65.0,19.0,24.1,101.53,2012,2,16,13,3,0,-0.2588190451025208,-0.9659258262890683
3.5,0.1,78.0,20.0,24.1,101.99,2012,3,15,16,3,0,-0.8660254037844385,-0.5000000000000004
15.8,11.2,74.0,11.0,25.0,100.94,2012,8,19,3,6,1,0.7071067811865476,0.7071067811865476
21.8,17.7,78.0,17.0,25.0,100.7,2012,8,12,22,6,1,-0.5000000000000004,0.8660254037844384
-1.8,-9.0,58.0,24.0,26.349999999999998,101.56,2012,11,26,16,0,0,-0.8660254037844385,-0.5000000000000004
2.9,0.3,83.0,19.0,24.1,99.31,2012,2,22,16,2,0,-0.8660254037844385,-0.5000000000000004
24.7,16.4,60.0,15.0,24.1,101.73,2012,8,4,9,5,1,0.7071067811865476,-0.7071067811865475
12.8,12.6,99.0,9.0,25.0,100.76,2012,10,2,1,1,0,0.25881904510252074,0.9659258262890683
17.6,-2.2,26.0,15.0,25.0,100.77,2012,5,7,23,0,0,-0.25881904510252157,0.9659258262890681
-4.2,-6.8,82.0,15.0,24.1,102.11,2012,12,2,1,6,1,0.25881904510252074,0.9659258262890683
11.7,1.6,50.0,19.0,26.349999999999998,100.63,2012,5,11,9,4,0,0.7071067811865476,-0.7071067811865475
-3.8,-5.6,87.0,4.0,22.750000000000004,102.4,2012,12,12,22,2,0,-0.5000000000000004,0.8660254037844384
23.3,16.3,65.0,6.0,26.349999999999998,100.68,2012,7,5,12,3,0,1.2246467991473532e-16,-1.0
9.1,8.7,97.0,6.0,22.750000000000004,100.35,2012,10,6,6,5,1,1.0,6.123233995736766e-17
24.9,14.4,52.0,7.0,24.1,100.49,2012,8,16,18,3,0,-1.0,-1.8369701987210297e-16
21.7,16.4,72.0,7.0,24.1,99.86,2012,7,26,17,3,0,-0.9659258262890683,-0.25881904510252063
0.8,-6.9,56.0,15.0,25.0,100.88,2012,2,18,18,5,1,-1.0,-1.8369701987210297e-16
-13.7,-20.7,55.0,4.0,25.0,102.55,2012,3,6,2,1,0,0.49999999999999994,0.8660254037844387
22.8,7.9,38.0,11.0,26.349999999999998,101.21,2012,7,19,16,3,0,-0.8660254037844385,-0.5000000000000004
25.4,18.1,64.0,24.0,26.349999999999998,101.07,2012,6,20,7,2,0,0.9659258262890683,-0.25881904510252063
6.1,-9.9,31.0,13.0,26.349999999999998,101.46,2012,3,24,18,5,1,-1.0,-1.8369701987210297e-16
24.1,15.6,59.0,6.0,24.1,100.56,2012,7,27,12,4,0,1.2246467991473532e-16,-1.0
4.8,-4.1,52.0,7.0,26.349999999999998,100.91,2012,4,8,6,6,1,1.0,6.123233995736766e-17
24.1,13.5,52.0,11.0,24.1,99.89,2012,6,28,20,3,0,-0.8660254037844386,0.5000000000000001
11.9,-4.7,31.0,19.0,25.0,99.69,2012,4,8,18,6,1,-1.0,-1.8369701987210297e-16
20.6,15.1,71.0,15.0,25.0,100.9,2012,9,17,19,0,0,-0.9659258262890684,0.2588190451025203
7.4,4.2,80.0,24.0,25.0,100.9,2012,10,22,5,0,0,0.9659258262890683,0.25881904510252074
20.7,14.6,68.0,9.0,25.0,101.11,2012,9,4,5,1,0,0.9659258262890683,0.25881904510252074
0.0,-7.5,57.0,6.0,26.349999999999998,101.89,2012,11,6,17,1,0,-0.9659258262890683,-0.25881904510252063
0.4,-0.7,92.0,22.0,22.750000000000004,101.36,2012,11,28,17,2,0,-0.9659258262890683,-0.25881904510252063
-6.3,-12.8,60.0,15.0,26.349999999999998,101.59,2012,2,27,12,0,0,1.2246467991473532e-16,-1.0
9.5,-2.8,42.0,24.0,26.349999999999998,101.79,2012,4,17,18,1,0,-1.0,-1.8369701987210297e-16
15.5,8.7,64.0,11.0,25.0,101.62,2012,3,22,1,3,0,0.25881904510252074,0.9659258262890683
6.7,6.6,99.0,11.0,22.750000000000004,100.7,2012,12,2,21,6,1,-0.7071067811865477,0.7071067811865474
-1.6,-3.6,86.0,7.0,26.349999999999998,101.36,2012,11,9,8,4,0,0.8660254037844387,-0.4999999999999998
3.2,-0.6,76.0,4.0,24.1,101.97,2012,3,20,6,1,0,1.0,6.123233995736766e-17
3.8,1.2,83.0,19.0,25.0,101.71,2012,12,4,3,1,0,0.7071067811865476,0.7071067811865476
27.3,13.7,43.0,6.0,26.349999999999998,101.7,2012,8,24,17,4,0,-0.9659258262890683,-0.25881904510252063
13.7,8.9,73.0,6.0,25.0,101.59,2012,9,3,2,0,0,0.49999999999999994,0.8660254037844387
-2.7,-8.6,64.0,15.0,25.0,101.89,2012,3,10,1,5,1,0.25881904510252074,0.9659258262890683
17.1,12.3,73.0,9.0,26.349999999999998,101.19,2012,7,10,6,1,0,1.0,6.123233995736766e-17
-1.2,-4.6,78.0,11.0,25.0,100.85,2012,1,28,7,5,1,0.9659258262890683,-0.25881904510252063
20.8,14.8,69.0,0.0,25.0,100.32,2012,7,3,23,1,0,-0.25881904510252157,0.9659258262890681
12.5,12.0,97.0,4.0,22.750000000000004,99.84,2012,10,20,5,5,1,0.9659258262890683,0.25881904510252074
2.2,-3.3,67.0,6.0,25.0,101.17,2012,12,7,19,4,0,-0.9659258262890684,0.2588190451025203
10.6,7.8,83.0,20.0,24.1,100.82,2012,9,23,7,6,1,0.9659258262890683,-0.25881904510252063
22.0,16.4,71.0,13.0,24.1,101.38,2012,8,27,6,0,0,1.0,6.123233995736766e-17
-5.1,-7.7,82.0,20.0,22.750000000000004,99.06,2012,1,13,5,4,0,0.9659258262890683,0.25881904510252074
13.0,11.1,88.0,0.0,22.750000000000004,100.56,2012,5,16,5,2,0,0.9659258262890683,0.25881904510252074
12.6,2.6,50.0,4.0,24.1,102.07,2012,3,20,10,1,0,0.49999999999999994,-0.8660254037844387
-13.4,-19.2,62.0,17.0,25.0,101.83,2012,1,18,20,2,0,-0.8660254037844386,0.5000000000000001
17.9,17.0,94.0,20.0,22.750000000000004,100.57,2012,8,11,0,5,1,0.0,1.0
15.3,-0.3,34.0,24.0,26.349999999999998,101.21,2012,4,14,12,5,1,1.2246467991473532e-16,-1.0
-12.0,-18.9,56.0,19.0,25.0,101.57,2012,1,11,2,2,0,0.49999999999999994,0.8660254037844387
6.2,2.2,76.0,30.0,24.1,99.31,2012,4,9,18,0,0,-1.0,-1.8369701987210297e-16
17.2,9.3,60.0,11.0,25.0,101.45,2012,7,20,0,4,0,0.0,1.0
21.8,11.2,51.0,9.0,25.0,101.5,2012,7,11,22,2,0,-0.5000000000000004,0.8660254037844384
-5.1,-10.0,68.0,15.0,25.0,100.99,2012,1,30,2,0,0,0.49999999999999994,0.8660254037844387
-2.9,-5.9,80.0,20.0,22.750000000000004,100.8,2012,3,1,17,3,0,-0.9659258262890683,-0.25881904510252063
20.7,12.3,59.0,19.0,26.349999999999998,101.25,2012,7,28,9,5,1,0.7071067811865476,-0.7071067811865475
23.4,7.7,37.0,19.0,26.349999999999998,101.64,2012,5,19,12,5,1,1.2246467991473532e-16,-1.0
26.1,14.0,47.0,13.0,26.349999999999998,101.87,2012,9,12,13,2,0,-0.2588190451025208,-0.9659258262890683
-2.9,-6.0,79.0,13.0,25.0,102.94,2012,11,15,5,3,0,0.9659258262890683,0.25881904510252074
25.6,7.8,32.0,15.0,26.349999999999998,101.52,2012,5,19,15,5,1,-0.7071067811865471,-0.7071067811865479
16.5,13.6,83.0,0.0,25.0,100.75,2012,8,20,1,0,0,0.25881904510252074,0.9659258262890683
13.6,9.6,77.0,17.0,24.1,101.42,2012,5,3,9,3,0,0.7071067811865476,-0.7071067811865475
0.4,-8.9,50.0,15.0,26.349999999999998,101.3,2012,4,6,7,4,0,0.9659258262890683,-0.25881904510252063
21.1,17.3,79.0,11.0,24.1,100.66,2012,5,22,14,1,0,-0.4999999999999997,-0.8660254037844388
17.0,7.2,52.0,26.0,24.1,101.05,2012,5,28,13,0,0,-0.2588190451025208,-0.9659258262890683
9.0,-12.0,21.0,32.0,26.349999999999998,101.63,2012,4,29,15,6,1,-0.7071067811865471,-0.7071067811865479
15.3,12.8,85.0,15.0,24.1,99.9,2012,6,26,20,1,0,-0.8660254037844386,0.5000000000000001
10.6,4.4,65.0,0.0,25.0,102.0,2012,9,27,19,3,0,-0.9659258262890684,0.2588190451025203
-7.9,-11.8,74.0,32.0,25.0,100.27,2012,12,23,1,6,1,0.25881904510252074,0.9659258262890683
4.4,-0.3,71.0,15.0,25.0,99.77,2012,4,25,3,2,0,0.7071067811865476,0.7071067811865476
25.5,18.9,67.0,7.0,25.0,101.32,2012,7,15,0,6,1,0.0,1.0
5.2,-6.2,44.0,6.0,26.349999999999998,103.135,2012,11,14,14,2,0,-0.4999999999999997,-0.8660254037844388
13.2,9.7,79.0,9.0,24.1,100.95,2012,5,23,5,2,0,0.9659258262890683,0.25881904510252074
-1.0,-9.8,51.0,20.0,25.0,101.21,2012,3,30,1,4,0,0.25881904510252074,0.9659258262890683
2.6,0.5,86.0,24.0,22.750000000000004,101.06,2012,4,21,20,5,1,-0.8660254037844386,0.5000000000000001
-4.7,-11.7,58.0,20.0,24.1,102.01,2012,1,25,13,2,0,-0.2588190451025208,-0.9659258262890683
-0.8,-4.4,77.0,20.0,25.0,101.1,2012,2,10,4,4,0,0.8660254037844386,0.5000000000000001
27.0,16.9,54.0,7.0,26.349999999999998,101.03,2012,7,29,17,6,1,-0.9659258262890683,-0.25881904510252063
12.2,10.2,88.0,4.0,25.0,100.82,2012,5,23,1,2,0,0.25881904510252074,0.9659258262890683
22.2,14.0,60.0,15.0,25.0,99.83,2012,6,29,0,4,0,0.0,1.0
11.6,10.4,92.0,11.0,24.1,99.26,2012,10,31,7,2,0,0.9659258262890683,-0.25881904510252063
16.6,9.2,62.0,17.0,24.1,101.36,2012,9,15,16,5,1,-0.8660254037844385,-0.5000000000000004
27.2,15.4,48.0,19.0,25.0,100.52,2012,8,2,20,3,0,-0.8660254037844386,0.5000000000000001
18.6,13.6,73.0,19.0,25.0,100.67,2012,6,24,21,6,1,-0.7071067811865477,0.7071067811865474
24.5,18.0,67.0,11.0,24.1,100.78,2012,8,13,17,0,0,-0.9659258262890683,-0.25881904510252063
25.5,16.3,57.0,36.5,25.0,100.49,2012,8,30,19,3,0,-0.9659258262890684,0.2588190451025203
13.6,2.7,48.0,24.0,26.349999999999998,101.41,2012,9,19,13,2,0,-0.2588190451025208,-0.9659258262890683
24.1,17.8,68.0,19.0,24.1,100.81,2012,9,4,15,1,0,-0.7071067811865471,-0.7071067811865479
15.4,12.5,83.0,11.0,25.0,100.65,2012,7,25,3,2,0,0.7071067811865476,0.7071067811865476
22.9,16.7,68.0,17.0,26.349999999999998,100.76,2012,8,12,10,6,1,0.49999999999999994,-0.8660254037844387
4.1,-3.5,58.0,19.0,24.1,100.81,2012,3,29,15,3,0,-0.7071067811865471,-0.7071067811865479
3.6,-4.6,55.0,19.0,25.0,100.24,2012,4,4,23,2,0,-0.25881904510252157,0.9659258262890681
2.1,-1.8,75.0,28.0,22.750000000000004,101.09,2012,12,5,10,2,0,0.49999999999999994,-0.8660254037844387
26.4,5.7,27.0,13.0,26.349999999999998,100.86,2012,6,23,15,5,1,-0.7071067811865471,-0.7071067811865479
21.3,19.2,88.0,19.0,22.750000000000004,100.7,2012,8,10,13,4,0,-0.2588190451025208,-0.9659258262890683
20.4,13.7,65.0,15.0,26.349999999999998,101.22,2012,7,10,8,1,0,0.8660254037844387,-0.4999999999999998
23.5,11.3,46.0,6.0,26.349999999999998,101.11,2012,5,14,17,0,0,-0.9659258262890683,-0.25881904510252063
24.3,6.5,32.0,22.0,26.349999999999998,101.01,2012,7,9,14,0,0,-0.4999999999999997,-0.8660254037844388
25.7,15.8,54.0,11.0,25.0,101.56,2012,8,26,20,6,1,-0.8660254037844386,0.5000000000000001
21.8,16.7,73.0,6.0,25.0,101.45,2012,7,13,0,4,0,0.0,1.0
12.7,-5.0,29.0,13.0,25.0,101.64,2012,5,5,23,5,1,-0.25881904510252157,0.9659258262890681
21.6,14.2,63.0,17.0,26.349999999999998,100.77,2012,8,20,10,0,0,0.49999999999999994,-0.8660254037844387
18.0,4.1,40.0,15.0,26.349999999999998,100.69,2012,4,19,19,3,0,-0.9659258262890684,0.2588190451025203
2.8,-1.2,75.0,32.0,24.1,100.67,2012,2,17,8,4,0,0.8660254037844387,-0.4999999999999998
4.6,3.4,92.0,20.0,22.750000000000004,101.51,2012,10,14,1,6,1,0.25881904510252074,0.9659258262890683
-7.5,-13.6,62.0,13.0,24.1,102.65,2012,2,28,10,1,0,0.49999999999999994,-0.8660254037844387
20.6,18.6,88.0,19.0,22.750000000000004,100.08,2012,7,17,5,1,0,0.9659258262890683,0.25881904510252074
11.7,11.2,97.0,13.0,22.750000000000004,100.28,2012,9,30,16,6,1,-0.8660254037844385,-0.5000000000000004
0.9,-3.5,72.0,4.0,26.349999999999998,100.58,2012,1,28,13,5,1,-0.2588190451025208,-0.9659258262890683
19.5,13.1,66.0,7.0,25.0,101.16,2012,7,28,22,5,1,-0.5000000000000004,0.8660254037844384
-1.7,-6.3,71.0,11.0,25.0,100.64,2012,1,9,21,0,0,-0.7071067811865477,0.7071067811865474
11.2,-0.6,44.0,19.0,26.349999999999998,99.98,2012,4,26,15,3,0,-0.7071067811865471,-0.7071067811865479
22.2,7.9,40.0,15.0,26.349999999999998,102.35,2012,6,15,11,4,0,0.258819045102521,-0.9659258262890682
19.7,17.2,85.0,6.0,25.0,101.16,2012,7,30,1,0,0,0.25881904510252074,0.9659258262890683
26.5,18.9,63.0,35.0,22.750000000000004,99.27,2012,9,8,11,5,1,0.258819045102521,-0.9659258262890682
-11.6,-18.0,59.0,4.0,24.1,101.12,2012,2,14,9,1,0,0.7071067811865476,-0.7071067811865475
14.9,11.1,78.0,13.0,25.0,100.74,2012,4,15,23,6,1,-0.25881904510252157,0.9659258262890681
18.5,14.5,78.0,6.0,25.0,100.68,2012,9,7,3,4,0,0.7071067811865476,0.7071067811865476
7.0,-2.0,53.0,17.0,25.0,101.67,2012,5,6,3,6,1,0.7071067811865476,0.7071067811865476
23.9,9.2,39.0,7.0,26.349999999999998,101.74,2012,7,11,10,2,0,0.49999999999999994,-0.8660254037844387
7.1,0.1,61.0,15.0,25.0,101.35,2012,11,22,17,3,0,-0.9659258262890683,-0.25881904510252063
20.5,16.6,78.0,6.0,25.0,100.21,2012,9,8,1,5,1,0.25881904510252074,0.9659258262890683
8.4,-0.2,55.0,17.0,24.1,100.92,2012,4,11,18,2,0,-1.0,-1.8369701987210297e-16
13.6,11.5,87.0,19.0,24.1,99.56,2012,10,15,6,0,0,1.0,6.123233995736766e-17
22.0,14.4,62.0,17.0,26.349999999999998,101.15,2012,6,18,9,0,0,0.7071067811865476,-0.7071067811865475
19.0,14.1,73.0,6.0,24.1,100.89,2012,9,21,16,4,0,-0.8660254037844385,-0.5000000000000004
0.7,-1.9,83.0,6.0,24.1,100.44,2012,3,29,6,3,0,1.0,6.123233995736766e-17
-9.3,-10.6,90.0,13.0,22.750000000000004,100.28,2012,12,30,4,6,1,0.8660254037844386,0.5000000000000001
-3.9,-6.6,81.0,28.0,22.750000000000004,100.67,2012,3,1,14,3,0,-0.4999999999999997,-0.8660254037844388
19.5,17.3,87.0,9.0,25.0,100.74,2012,8,13,4,0,0,0.8660254037844386,0.5000000000000001
7.7,6.5,92.0,6.0,25.0,101.95,2012,9,20,5,3,0,0.9659258262890683,0.25881904510252074
1.5,-0.3,88.0,13.0,25.0,101.59,2012,12,9,4,6,1,0.8660254037844386,0.5000000000000001
7.6,-5.9,38.0,19.0,24.1,100.67,2012,4,5,15,3,0,-0.7071067811865471,-0.7071067811865479
-1.1,-3.3,85.0,19.0,22.750000000000004,100.3,2012,12,31,17,0,0,-0.9659258262890683,-0.25881904510252063
0.7,-9.0,48.0,4.0,25.0,102.14,2012,4,30,4,0,0,0.8660254037844386,0.5000000000000001
24.9,15.8,57.0,30.0,24.1,100.11,2012,8,17,15,4,0,-0.7071067811865471,-0.7071067811865479
25.0,10.7,41.0,15.0,26.349999999999998,101.21,2012,7,10,11,1,0,0.258819045102521,-0.9659258262890682
27.2,17.5,55.0,28.0,24.1,100.97,2012,5,25,13,4,0,-0.2588190451025208,-0.9659258262890683
0.0,-5.2,68.0,17.0,25.0,100.91,2012,2,10,19,4,0,-0.9659258262890684,0.2588190451025203
-3.7,-6.8,79.0,7.0,22.750000000000004,102.15,2012,12,12,11,2,0,0.258819045102521,-0.9659258262890682
5.2,1.0,74.0,28.0,24.1,100.05,2012,10,16,6,1,0,1.0,6.123233995736766e-17
14.6,7.4,62.0,9.0,25.0,101.77,2012,5,27,1,6,1,0.25881904510252074,0.9659258262890683
18.8,16.4,86.0,4.0,22.750000000000004,100.9,2012,5,22,5,1,0,0.9659258262890683,0.25881904510252074
12.0,6.8,70.0,24.0,26.349999999999998,100.9,2012,9,23,9,6,1,0.7071067811865476,-0.7071067811865475
17.6,15.3,86.0,7.0,25.0,100.3,2012,8,17,5,4,0,0.9659258262890683,0.25881904510252074
-3.2,-9.6,61.0,9.0,25.0,101.65,2012,11,5,23,0,0,-0.25881904510252157,0.9659258262890681
1.5,-0.3,88.0,13.0,22.750000000000004,99.59,2012,2,22,6,2,0,1.0,6.123233995736766e-17
-1.0,-2.3,91.0,0.0,22.750000000000004,101.48,2012,2,15,6,2,0,1.0,6.123233995736766e-17
23.0,18.1,74.0,19.0,24.1,101.01,2012,6,20,5,2,0,0.9659258262890683,0.25881904510252074
1.7,1.3,97.0,13.0,22.750000000000004,101.77,2012,3,14,15,2,0,-0.7071067811865471,-0.7071067811865479
22.6,8.2,40.0,26.0,26.349999999999998,101.01,2012,8,29,12,2,0,1.2246467991473532e-16,-1.0
1.2,-2.1,79.0,20.0,25.0,99.78,2012,12,10,23,0,0,-0.25881904510252157,0.9659258262890681
26.5,17.4,57.0,6.0,26.349999999999998,101.08,2012,7,29,19,6,1,-0.9659258262890684,0.2588190451025203
12.7,6.3,65.0,13.0,25.0,100.82,2012,6,5,2,1,0,0.49999999999999994,0.8660254037844387
27.9,17.5,53.0,11.0,24.1,100.41,2012,9,6,13,3,0,-0.2588190451025208,-0.9659258262890683
3.0,-1.0,75.0,15.0,24.1,101.44,2012,12,14,15,4,0,-0.7071067811865471,-0.7071067811865479
15.1,9.8,71.0,6.0,22.750000000000004,101.54,2012,10,26,10,4,0,0.49999999999999994,-0.8660254037844387
11.8,6.8,71.0,6.0,25.0,101.53,2012,5,14,0,0,0,0.0,1.0
11.6,8.9,83.0,17.0,25.0,101.16,2012,5,3,0,3,0,0.0,1.0
22.6,9.5,43.0,6.0,26.349999999999998,101.51,2012,7,20,12,4,0,1.2246467991473532e-16,-1.0
20.1,4.6,36.0,19.0,24.1,100.98,2012,6,1,18,4,0,-1.0,-1.8369701987210297e-16
8.6,0.7,58.0,22.0,24.1,99.14,2012,4,9,15,0,0,-0.7071067811865471,-0.7071067811865479
23.1,11.9,49.0,17.0,26.349999999999998,101.14,2012,8,21,16,1,0,-0.8660254037844385,-0.5000000000000004
9.8,-1.1,47.0,17.0,26.349999999999998,101.81,2012,5,6,8,6,1,0.8660254037844387,-0.4999999999999998
15.3,5.2,51.0,28.0,26.349999999999998,101.06,2012,9,24,17,0,0,-0.9659258262890683,-0.25881904510252063
7.7,-1.8,51.0,13.0,26.349999999999998,101.5,2012,4,12,9,3,0,0.7071067811865476,-0.7071067811865475
23.1,17.4,70.0,30.0,25.0,100.58,2012,8,5,23,6,1,-0.25881904510252157,0.9659258262890681
17.2,12.4,73.0,0.0,25.0,101.4,2012,7,21,1,5,1,0.25881904510252074,0.9659258262890683
25.3,18.0,64.0,9.0,24.1,100.72,2012,8,15,13,2,0,-0.2588190451025208,-0.9659258262890683
10.2,6.0,75.0,19.0,24.1,99.55,2012,5,10,16,3,0,-0.8660254037844385,-0.5000000000000004
12.2,8.4,78.0,15.0,25.0,99.66,2012,5,10,0,3,0,0.0,1.0
18.2,15.3,83.0,13.0,25.0,100.96,2012,8,7,3,1,0,0.7071067811865476,0.7071067811865476
23.6,6.9,34.0,13.0,26.349999999999998,101.0,2012,7,9,18,0,0,-1.0,-1.8369701987210297e-16
-2.5,-10.9,52.0,22.0,26.349999999999998,101.3,2012,11,26,11,0,0,0.258819045102521,-0.9659258262890682
13.1,9.8,80.0,7.0,25.0,101.32,2012,9,28,21,4,0,-0.7071067811865477,0.7071067811865474
-1.7,-4.5,81.0,13.0,24.1,101.98,2012,12,20,9,3,0,0.7071067811865476,-0.7071067811865475
6.9,2.5,74.0,9.0,26.349999999999998,101.3,2012,10,7,9,6,1,0.7071067811865476,-0.7071067811865475
25.1,9.8,38.0,13.0,26.349999999999998,100.85,2012,6,23,12,5,1,1.2246467991473532e-16,-1.0
27.4,11.5,37.0,28.0,24.1,100.12,2012,4,16,15,0,0,-0.7071067811865471,-0.7071067811865479
-0.5,-3.9,78.0,20.0,24.1,101.09,2012,2,10,7,4,0,0.9659258262890683,-0.25881904510252063
27.2,12.6,40.0,19.0,26.349999999999998,99.92,2012,6,28,17,3,0,-0.9659258262890683,-0.25881904510252063
19.3,17.4,89.0,6.0,26.349999999999998,101.09,2012,8,8,7,2,0,0.9659258262890683,-0.25881904510252063
29.6,19.8,56.0,17.0,26.349999999999998,101.44,2012,7,14,11,5,1,0.258819045102521,-0.9659258262890682
23.3,18.9,76.0,11.0,24.1,100.59,2012,9,5,10,2,0,0.49999999999999994,-0.8660254037844387
-8.4,-11.7,77.0,6.0,25.0,101.85,2012,11,29,5,3,0,0.9659258262890683,0.25881904510252074
-8.2,-13.9,63.0,35.0,24.1,101.71,2012,12,16,11,6,1,0.258819045102521,-0.9659258262890682
10.8,9.8,94.0,20.0,22.750000000000004,101.12,2012,9,29,18,5,1,-1.0,-1.8369701987210297e-16
1.7,-1.1,82.0,11.0,25.0,99.18,2012,2,23,1,3,0,0.25881904510252074,0.9659258262890683
20.6,15.1,71.0,11.0,25.0,101.05,2012,8,6,23,0,0,-0.25881904510252157,0.9659258262890681
20.7,15.0,70.0,13.0,24.1,101.06,2012,5,15,12,1,0,1.2246467991473532e-16,-1.0
-4.9,-7.6,81.0,26.0,22.750000000000004,100.13,2012,1,27,4,4,0,0.8660254037844386,0.5000000000000001
5.1,2.1,81.0,30.0,25.0,99.61,2012,11,24,2,5,1,0.49999999999999994,0.8660254037844387
21.4,15.3,68.0,17.0,24.1,100.29,2012,9,7,23,4,0,-0.25881904510252157,0.9659258262890681
-9.6,-13.5,73.0,17.0,22.750000000000004,101.6,2012,1,31,7,1,0,0.9659258262890683,-0.25881904510252063
-3.7,-10.1,61.0,19.0,26.349999999999998,101.48,2012,3,9,10,4,0,0.49999999999999994,-0.8660254037844387
23.3,11.3,47.0,13.0,26.349999999999998,100.9,2012,8,19,13,6,1,-0.2588190451025208,-0.9659258262890683
17.4,9.0,58.0,35.0,26.349999999999998,100.92,2012,9,25,10,1,0,0.49999999999999994,-0.8660254037844387
20.7,7.3,42.0,0.0,25.0,101.34,2012,5,12,20,5,1,-0.8660254037844386,0.5000000000000001
11.3,11.2,99.0,15.0,22.750000000000004,99.5,2012,10,1,2,0,0,0.49999999999999994,0.8660254037844387
26.1,16.7,56.0,9.0,24.1,101.44,2012,5,24,11,3,0,0.258819045102521,-0.9659258262890682
2.2,-7.4,49.0,24.0,24.1,101.75,2012,11,7,14,2,0,-0.4999999999999997,-0.8660254037844388
25.8,14.2,49.0,6.0,24.1,101.71,2012,8,24,18,4,0,-1.0,-1.8369701987210297e-16
14.7,12.6,87.0,17.0,22.750000000000004,100.94,2012,10,5,3,4,0,0.7071067811865476,0.7071067811865476
6.0,3.5,84.0,7.0,25.0,100.32,2012,4,21,5,5,1,0.9659258262890683,0.25881904510252074
-9.5,-16.8,55.0,17.0,25.0,101.43,2012,1,11,0,2,0,0.0,1.0
17.4,9.3,59.0,9.0,25.0,101.04,2012,6,6,22,2,0,-0.5000000000000004,0.8660254037844384
0.5,-0.8,91.0,20.0,22.750000000000004,100.78,2012,12,17,10,0,0,0.49999999999999994,-0.8660254037844387
11.6,-3.2,35.0,13.0,24.1,101.52,2012,11,22,13,3,0,-0.2588190451025208,-0.9659258262890683
5.7,1.4,74.0,19.0,25.0,99.4,2012,4,9,20,0,0,-0.8660254037844386,0.5000000000000001
-8.0,-15.0,57.0,22.0,25.0,100.33,2012,2,13,5,0,0,0.9659258262890683,0.25881904510252074
-2.6,-9.0,61.0,30.0,25.0,100.04,2012,11,25,0,6,1,0.0,1.0
16.8,11.2,70.0,13.0,25.0,100.51,2012,10,6,0,5,1,0.0,1.0
27.7,17.6,54.0,22.0,26.349999999999998,100.52,2012,7,6,12,4,0,1.2246467991473532e-16,-1.0
-8.0,-13.7,64.0,30.0,25.0,100.81,2012,1,12,5,3,0,0.9659258262890683,0.25881904510252074
-7.2,-9.9,81.0,24.0,26.349999999999998,101.22,2012,12,28,12,4,0,1.2246467991473532e-16,-1.0
21.3,10.8,51.0,13.0,26.349999999999998,101.57,2012,7,20,10,4,0,0.49999999999999994,-0.8660254037844387
19.6,12.0,61.0,0.0,25.0,101.36,2012,7,20,21,4,0,-0.7071067811865477,0.7071067811865474
23.3,16.3,65.0,17.0,24.1,100.4,2012,7,7,8,5,1,0.8660254037844387,-0.4999999999999998
5.5,2.6,82.0,20.0,24.1,100.47,2012,11,3,14,5,1,-0.4999999999999997,-0.8660254037844388
21.2,7.7,42.0,13.0,26.349999999999998,101.44,2012,5,14,11,0,0,0.258819045102521,-0.9659258262890682
20.6,9.8,50.0,4.0,26.349999999999998,100.94,2012,6,6,14,2,0,-0.4999999999999997,-0.8660254037844388
-7.1,-10.4,77.0,19.0,22.750000000000004,100.95,2012,1,31,22,1,0,-0.5000000000000004,0.8660254037844384
26.9,13.5,44.0,17.0,26.349999999999998,101.84,2012,9,12,14,2,0,-0.4999999999999997,-0.8660254037844388
13.5,10.7,83.0,13.0,25.0,100.85,2012,5,4,0,4,0,0.0,1.0
29.9,19.1,52.0,9.0,24.1,100.15,2012,7,23,16,0,0,-0.8660254037844385,-0.5000000000000004
-2.9,-4.9,86.0,26.0,22.750000000000004,99.015,2012,1,17,21,1,0,-0.7071067811865477,0.7071067811865474
24.5,18.5,69.0,4.0,25.0,100.37,2012,7,16,21,0,0,-0.7071067811865477,0.7071067811865474
20.9,11.8,56.0,33.0,24.1,99.47,2012,10,30,15,1,0,-0.7071067811865471,-0.7071067811865479
16.7,8.0,56.0,22.0,24.1,101.21,2012,11,12,16,0,0,-0.8660254037844385,-0.5000000000000004
-0.1,-1.6,90.0,22.0,22.750000000000004,99.38,2012,2,24,16,4,0,-0.8660254037844385,-0.5000000000000004
31.7,19.7,49.0,22.0,26.349999999999998,101.41,2012,7,14,12,5,1,1.2246467991473532e-16,-1.0
16.2,7.5,56.0,22.0,24.1,101.39,2012,9,15,14,5,1,-0.4999999999999997,-0.8660254037844388
2.8,-2.4,69.0,22.0,24.1,101.34,2012,12,14,10,4,0,0.49999999999999994,-0.8660254037844387
26.7,12.8,42.0,19.0,26.349999999999998,100.61,2012,7,2,14,0,0,-0.4999999999999997,-0.8660254037844388
5.2,-0.6,66.0,17.0,24.1,101.49,2012,5,5,5,5,1,0.9659258262890683,0.25881904510252074
16.2,9.3,64.0,15.0,26.349999999999998,102.25,2012,6,16,7,5,1,0.9659258262890683,-0.25881904510252063
21.7,12.0,54.0,6.0,25.0,100.61,2012,9,7,19,4,0,-0.9659258262890684,0.2588190451025203
0.9,-0.9,88.0,20.0,22.750000000000004,101.36,2012,11,28,20,2,0,-0.8660254037844386,0.5000000000000001
7.4,5.9,90.0,15.0,25.0,100.34,2012,10,10,20,2,0,-0.8660254037844386,0.5000000000000001
-4.8,-7.2,83.0,26.0,22.750000000000004,99.015,2012,1,13,10,4,0,0.49999999999999994,-0.8660254037844387
0.4,-4.9,68.0,13.0,24.1,102.32,2012,11,10,8,5,1,0.8660254037844387,-0.4999999999999998
-1.7,-5.8,74.0,7.0,24.1,101.27,2012,1,9,13,0,0,-0.2588190451025208,-0.9659258262890683
2.8,-3.3,64.0,11.0,25.0,101.14,2012,12,7,17,4,0,-0.9659258262890683,-0.25881904510252063
-6.2,-13.5,56.0,11.0,26.349999999999998,101.97,2012,2,4,17,5,1,-0.9659258262890683,-0.25881904510252063
14.2,10.8,80.0,13.0,25.0,101.04,2012,5,3,21,3,0,-0.7071067811865477,0.7071067811865474
13.8,11.1,84.0,19.0,24.1,99.53,2012,10,15,7,0,0,0.9659258262890683,-0.25881904510252063
-2.4,-8.1,65.0,9.0,25.0,101.16,2012,2,18,21,5,1,-0.7071067811865477,0.7071067811865474
22.2,16.9,72.0,7.0,22.750000000000004,100.08,2012,5,29,11,1,0,0.258819045102521,-0.9659258262890682
24.6,10.2,40.0,0.0,26.349999999999998,100.64,2012,9,7,17,4,0,-0.9659258262890683,-0.25881904510252063
14.4,9.0,70.0,9.0,25.0,100.84,2012,7,9,1,0,0,0.25881904510252074,0.9659258262890683
6.6,4.2,85.0,22.0,25.0,100.93,2012,10,11,21,3,0,-0.7071067811865477,0.7071067811865474
24.3,13.0,49.0,15.0,26.349999999999998,100.97,2012,6,24,10,6,1,0.49999999999999994,-0.8660254037844387
21.1,16.0,73.0,9.0,25.0,101.2,2012,9,4,1,1,0,0.25881904510252074,0.9659258262890683
19.1,7.8,48.0,28.0,26.349999999999998,100.98,2012,5,28,14,0,0,-0.4999999999999997,-0.8660254037844388
23.4,18.0,72.0,9.0,25.0,100.97,2012,7,23,3,0,0,0.7071067811865476,0.7071067811865476
14.2,2.2,44.0,19.0,26.349999999999998,101.6,2012,9,19,16,2,0,-0.8660254037844385,-0.5000000000000004
7.7,0.5,60.0,15.0,24.1,100.38,2012,4,25,15,2,0,-0.7071067811865471,-0.7071067811865479
13.2,8.9,75.0,9.0,26.349999999999998,101.92,2012,9,11,8,1,0,0.8660254037844387,-0.4999999999999998
2.7,-6.5,51.0,20.0,24.1,100.72,2012,4,5,8,3,0,0.8660254037844387,-0.4999999999999998
0.7,-2.3,80.0,22.0,25.0,101.0,2012,12,20,21,3,0,-0.7071067811865477,0.7071067811865474
15.8,11.8,77.0,9.0,26.349999999999998,102.02,2012,9,12,7,2,0,0.9659258262890683,-0.25881904510252063
-6.9,-15.3,51.0,22.0,26.349999999999998,101.83,2012,1,30,15,0,0,-0.7071067811865471,-0.7071067811865479
12.0,8.4,79.0,0.0,26.349999999999998,101.56,2012,5,14,6,0,0,1.0,6.123233995736766e-17
-5.4,-16.8,40.0,17.0,25.0,102.02,2012,3,27,2,1,0,0.49999999999999994,0.8660254037844387
25.9,16.7,57.0,20.0,24.1,101.09,2012,6,11,20,0,0,-0.8660254037844386,0.5000000000000001
15.9,8.7,62.0,9.0,24.1,100.71,2012,5,31,10,3,0,0.49999999999999994,-0.8660254037844387
-1.9,-8.2,62.0,32.0,24.1,100.74,2012,1,29,7,6,1,0.9659258262890683,-0.25881904510252063
20.4,13.2,63.0,28.0,24.1,99.5,2012,10,30,14,1,0,-0.4999999999999997,-0.8660254037844388
6.5,-2.7,52.0,4.0,25.0,101.44,2012,4,19,0,3,0,0.0,1.0
-8.2,-12.6,71.0,6.0,25.0,101.99,2012,1,26,2,3,0,0.49999999999999994,0.8660254037844387
24.0,16.3,62.0,7.0,25.0,100.33,2012,7,7,2,5,1,0.49999999999999994,0.8660254037844387
17.1,9.2,60.0,4.0,26.349999999999998,101.81,2012,5,20,6,6,1,1.0,6.123233995736766e-17
5.8,-4.0,49.0,36.5,26.349999999999998,99.015,2012,3,3,13,5,1,-0.2588190451025208,-0.9659258262890683
22.1,14.2,61.0,7.0,24.1,101.62,2012,8,4,4,5,1,0.8660254037844386,0.5000000000000001
-10.7,-16.8,61.0,19.0,25.0,103.135,2012,11,30,22,4,0,-0.5000000000000004,0.8660254037844384
8.4,-11.1,24.0,32.0,26.349999999999998,101.64,2012,4,29,13,6,1,-0.2588190451025208,-0.9659258262890683
-16.0,-20.8,66.0,9.0,25.0,102.47,2012,1,21,21,5,1,-0.7071067811865477,0.7071067811865474
26.5,15.3,50.0,22.0,25.0,99.58,2012,6,29,21,4,0,-0.7071067811865477,0.7071067811865474
25.7,16.5,57.0,9.0,26.349999999999998,101.44,2012,9,14,12,4,0,1.2246467991473532e-16,-1.0
1.3,-0.2,90.0,13.0,22.750000000000004,99.63,2012,3,28,18,2,0,-1.0,-1.8369701987210297e-16
-4.0,-5.4,90.0,24.0,22.750000000000004,101.17,2012,12,16,21,6,1,-0.7071067811865477,0.7071067811865474
-7.1,-9.6,82.0,22.0,22.750000000000004,101.14,2012,2,27,19,0,0,-0.9659258262890684,0.2588190451025203
11.7,10.2,91.0,13.0,22.750000000000004,100.92,2012,10,19,8,4,0,0.8660254037844387,-0.4999999999999998
12.4,-3.2,34.0,7.0,26.349999999999998,101.93,2012,4,30,14,0,0,-0.4999999999999997,-0.8660254037844388
7.7,1.4,64.0,17.0,26.349999999999998,99.015,2012,4,24,9,1,0,0.7071067811865476,-0.7071067811865475
22.4,18.3,78.0,9.0,25.0,100.19,2012,7,17,22,1,0,-0.5000000000000004,0.8660254037844384
21.7,17.0,75.0,17.0,24.1,100.98,2012,8,9,10,3,0,0.49999999999999994,-0.8660254037844387
2.4,-2.4,71.0,35.0,24.1,100.75,2012,1,24,14,1,0,-0.4999999999999997,-0.8660254037844388
4.9,-7.7,40.0,19.0,25.0,100.88,2012,4,5,21,3,0,-0.7071067811865477,0.7071067811865474
12.3,-4.5,31.0,7.0,26.349999999999998,99.75,2012,4,8,17,6,1,-0.9659258262890683,-0.25881904510252063
10.8,-8.0,26.0,15.0,25.0,101.7,2012,3,23,21,4,0,-0.7071067811865477,0.7071067811865474
11.3,9.6,89.0,15.0,25.0,101.19,2012,9,29,4,5,1,0.8660254037844386,0.5000000000000001
17.1,10.8,66.0,15.0,25.0,101.14,2012,7,29,3,6,1,0.7071067811865476,0.7071067811865476
-4.9,-12.7,54.0,15.0,25.0,101.04,2012,1,10,18,1,0,-1.0,-1.8369701987210297e-16
5.3,2.0,79.0,30.0,25.0,99.31,2012,1,1,23,6,1,-0.25881904510252157,0.9659258262890681
14.7,-2.9,30.0,6.0,26.349999999999998,101.74,2012,5,6,12,6,1,1.2246467991473532e-16,-1.0
18.2,11.9,67.0,9.0,24.1,101.65,2012,5,21,4,0,0,0.8660254037844386,0.5000000000000001
3.7,-2.4,64.0,13.0,24.1,101.07,2012,11,4,12,6,1,1.2246467991473532e-16,-1.0
15.9,9.5,66.0,19.0,22.750000000000004,100.67,2012,6,2,1,5,1,0.25881904510252074,0.9659258262890683
-9.1,-15.8,58.0,11.0,24.1,103.135,2012,11,30,16,4,0,-0.8660254037844385,-0.5000000000000004
17.0,9.9,63.0,15.0,24.1,101.72,2012,3,19,14,0,0,-0.4999999999999997,-0.8660254037844388
-0.8,-9.1,53.0,17.0,25.0,101.54,2012,4,28,3,5,1,0.7071067811865476,0.7071067811865476
9.9,4.5,69.0,6.0,25.0,100.72,2012,4,15,5,6,1,0.9659258262890683,0.25881904510252074
6.6,2.9,77.0,7.0,25.0,101.9,2012,3,23,6,4,0,1.0,6.123233995736766e-17
-4.5,-6.8,84.0,9.0,22.750000000000004,102.02,2012,2,4,0,5,1,0.0,1.0
25.0,15.4,55.0,15.0,25.0,101.37,2012,7,14,1,5,1,0.25881904510252074,0.9659258262890683
25.6,17.8,62.0,15.0,24.1,100.91,2012,8,3,9,4,0,0.7071067811865476,-0.7071067811865475
16.2,10.8,70.0,11.0,24.1,101.37,2012,5,3,14,3,0,-0.4999999999999997,-0.8660254037844388
8.9,5.7,80.0,7.0,24.1,100.28,2012,3,25,18,6,1,-1.0,-1.8369701987210297e-16
27.8,10.5,34.0,13.0,26.349999999999998,101.33,2012,9,3,15,0,0,-0.7071067811865471,-0.7071067811865479
9.8,5.3,74.0,24.0,24.1,101.08,2012,10,22,9,0,0,0.7071067811865476,-0.7071067811865475
-0.2,-6.0,65.0,36.5,25.0,100.34,2012,1,29,3,6,1,0.7071067811865476,0.7071067811865476
26.8,19.0,62.0,13.0,22.750000000000004,99.65,2012,5,29,15,1,0,-0.7071067811865471,-0.7071067811865479
18.9,6.1,43.0,15.0,26.349999999999998,100.86,2012,5,31,17,3,0,-0.9659258262890683,-0.25881904510252063
16.0,-2.4,28.0,17.0,26.349999999999998,101.51,2012,5,5,16,5,1,-0.8660254037844385,-0.5000000000000004
26.5,21.0,72.0,24.0,24.1,100.8,2012,8,5,8,6,1,0.8660254037844387,-0.4999999999999998
21.1,14.2,65.0,13.0,25.0,100.4,2012,8,17,22,4,0,-0.5000000000000004,0.8660254037844384
22.5,6.5,36.0,13.0,26.349999999999998,102.17,2012,6,14,19,3,0,-0.9659258262890684,0.2588190451025203
-4.9,-13.4,51.0,0.0,25.0,100.64,2012,2,13,18,0,0,-1.0,-1.8369701987210297e-16
3.5,-2.9,63.0,13.0,26.349999999999998,101.36,2012,4,12,6,3,0,1.0,6.123233995736766e-17
-1.9,-10.9,50.0,20.0,25.0,100.86,2012,3,26,5,0,0,0.9659258262890683,0.25881904510252074
20.7,13.0,61.0,7.0,24.1,101.8,2012,8,24,8,4,0,0.8660254037844387,-0.4999999999999998
-3.3,-5.7,83.0,15.0,22.750000000000004,100.98,2012,3,2,15,4,0,-0.7071067811865471,-0.7071067811865479
20.6,14.2,67.0,6.0,25.0,100.0,2012,7,26,4,3,0,0.8660254037844386,0.5000000000000001
-12.1,-19.8,53.0,11.0,26.349999999999998,102.16,2012,1,21,17,5,1,-0.9659258262890683,-0.25881904510252063
1.2,-5.4,61.0,15.0,26.349999999999998,100.7,2012,2,18,14,5,1,-0.4999999999999997,-0.8660254037844388
-11.6,-13.5,86.0,13.0,25.0,101.35,2012,12,29,0,5,1,0.0,1.0
13.0,9.3,78.0,7.0,22.750000000000004,101.27,2012,9,29,0,5,1,0.0,1.0
5.1,3.5,89.0,4.0,25.0,101.47,2012,10,23,4,1,0,0.8660254037844386,0.5000000000000001
1.2,-3.5,71.0,11.0,26.349999999999998,100.16,2012,1,28,17,5,1,-0.9659258262890683,-0.25881904510252063
20.9,12.0,57.0,9.0,24.1,101.16,2012,5,23,14,2,0,-0.4999999999999997,-0.8660254037844388
-16.9,-21.4,68.0,15.0,25.0,103.09,2012,1,15,23,6,1,-0.25881904510252157,0.9659258262890681
-7.0,-9.5,82.0,15.0,22.750000000000004,100.59,2012,1,17,9,1,0,0.7071067811865476,-0.7071067811865475
18.7,13.0,69.0,20.0,24.1,99.89,2012,6,27,10,2,0,0.49999999999999994,-0.8660254037844387
-4.9,-14.0,49.0,24.0,26.349999999999998,100.52,2012,2,13,13,0,0,-0.2588190451025208,-0.9659258262890683
-3.7,-8.8,68.0,11.0,25.0,100.89,2012,1,30,0,0,0,0.0,1.0
11.5,11.2,98.0,7.0,25.0,101.37,2012,10,3,4,2,0,0.8660254037844386,0.5000000000000001
-16.3,-21.4,65.0,17.0,24.1,102.12,2012,1,21,10,5,1,0.49999999999999994,-0.8660254037844387
19.7,-2.3,22.0,13.0,26.349999999999998,101.43,2012,5,7,13,0,0,-0.2588190451025208,-0.9659258262890683
12.5,-4.0,31.0,13.0,25.0,101.68,2012,4,30,18,0,0,-1.0,-1.8369701987210297e-16
10.1,8.4,89.0,4.0,25.0,101.21,2012,9,17,1,0,0,0.25881904510252074,0.9659258262890683
2.4,-3.9,63.0,30.0,24.1,101.41,2012,11,8,10,3,0,0.49999999999999994,-0.8660254037844387
15.3,12.6,84.0,15.0,22.750000000000004,100.94,2012,10,5,1,4,0,0.25881904510252074,0.9659258262890683
-8.3,-13.4,67.0,13.0,25.0,102.1,2012,12,25,17,1,0,-0.9659258262890683,-0.25881904510252063
5.2,3.5,89.0,0.0,25.0,101.74,2012,3,18,1,6,1,0.25881904510252074,0.9659258262890683
23.8,12.1,48.0,17.0,24.1,101.85,2012,3,21,13,2,0,-0.2588190451025208,-0.9659258262890683
19.2,14.2,73.0,11.0,24.1,101.42,2012,10,3,16,2,0,-0.8660254037844385,-0.5000000000000004
6.0,-0.6,63.0,28.0,26.349999999999998,101.2,2012,4,22,15,6,1,-0.7071067811865471,-0.7071067811865479
24.0,17.6,67.0,13.0,26.349999999999998,100.72,2012,8,12,11,6,1,0.258819045102521,-0.9659258262890682
17.2,11.1,67.0,4.0,25.0,100.83,2012,7,3,2,1,0,0.49999999999999994,0.8660254037844387
2.6,0.2,84.0,0.0,25.0,100.14,2012,4,1,19,6,1,-0.9659258262890684,0.2588190451025203
16.6,7.3,54.0,17.0,26.349999999999998,101.49,2012,9,15,12,5,1,1.2246467991473532e-16,-1.0
2.8,2.6,99.0,0.0,25.0,101.62,2012,10,8,5,0,0,0.9659258262890683,0.25881904510252074
21.9,6.4,37.0,7.0,25.0,101.61,2012,5,19,22,5,1,-0.5000000000000004,0.8660254037844384
10.3,8.0,86.0,13.0,22.750000000000004,101.72,2012,5,2,11,2,0,0.258819045102521,-0.9659258262890682
4.1,-10.1,35.0,4.0,26.349999999999998,103.135,2012,11,18,12,6,1,1.2246467991473532e-16,-1.0
-8.4,-13.7,66.0,19.0,24.1,102.5,2012,2,28,8,1,0,0.8660254037844387,-0.4999999999999998
14.4,13.2,92.0,0.0,22.750000000000004,101.38,2012,10,4,13,3,0,-0.2588190451025208,-0.9659258262890683
-3.1,-7.1,74.0,7.0,25.0,102.18,2012,3,11,2,6,1,0.49999999999999994,0.8660254037844387
25.6,6.5,29.0,7.0,26.349999999999998,101.41,2012,9,2,15,6,1,-0.7071067811865471,-0.7071067811865479
3.9,2.4,90.0,20.0,24.1,99.64,2012,11,2,10,4,0,0.49999999999999994,-0.8660254037844387
8.1,6.5,90.0,0.0,25.0,99.39,2012,10,31,21,2,0,-0.7071067811865477,0.7071067811865474
2.5,-4.3,61.0,9.0,25.0,101.25,2012,11,4,19,6,1,-0.9659258262890684,0.2588190451025203
-10.1,-11.6,89.0,6.0,25.0,102.04,2012,12,12,4,2,0,0.8660254037844386,0.5000000000000001
18.5,10.0,58.0,7.0,25.0,100.78,2012,8,20,22,0,0,-0.5000000000000004,0.8660254037844384
11.6,3.6,58.0,11.0,25.0,100.92,2012,10,17,21,2,0,-0.7071067811865477,0.7071067811865474
4.3,1.9,84.0,17.0,25.0,100.24,2012,4,11,0,2,0,0.0,1.0
-12.1,-20.4,50.0,6.0,25.0,102.2,2012,2,8,2,2,0,0.49999999999999994,0.8660254037844387
-1.5,-5.9,72.0,7.0,25.0,102.84,2012,11,13,23,1,0,-0.25881904510252157,0.9659258262890681
14.4,10.9,79.0,4.0,25.0,101.14,2012,7,19,0,3,0,0.0,1.0
1.8,-0.3,86.0,19.0,25.0,101.06,2012,4,22,5,6,1,0.9659258262890683,0.25881904510252074
8.1,5.9,86.0,17.0,22.750000000000004,99.26,2012,11,1,17,3,0,-0.9659258262890683,-0.25881904510252063
1.5,-1.6,80.0,36.5,25.0,99.02,2012,3,3,6,5,1,1.0,6.123233995736766e-17
-13.7,-19.3,63.0,17.0,25.0,101.89,2012,1,18,21,2,0,-0.7071067811865477,0.7071067811865474
24.7,14.0,51.0,15.0,26.349999999999998,100.56,2012,7,1,15,6,1,-0.7071067811865471,-0.7071067811865479
8.0,6.2,88.0,35.0,25.0,101.36,2012,11,13,2,1,0,0.49999999999999994,0.8660254037844387
0.8,-1.5,85.0,36.5,22.750000000000004,99.18,2012,3,3,5,5,1,0.9659258262890683,0.25881904510252074
6.9,5.1,88.0,0.0,25.0,101.37,2012,9,24,2,0,0,0.49999999999999994,0.8660254037844387
21.1,19.7,92.0,9.0,22.750000000000004,100.66,2012,9,4,21,1,0,-0.7071067811865477,0.7071067811865474
11.1,-2.0,40.0,6.0,25.0,101.45,2012,4,30,23,0,0,-0.25881904510252157,0.9659258262890681
6.1,-1.4,59.0,17.0,24.1,99.32,2012,2,22,14,2,0,-0.4999999999999997,-0.8660254037844388
6.8,5.4,91.0,7.0,22.750000000000004,101.13,2012,10,14,9,6,1,0.7071067811865476,-0.7071067811865475
-4.4,-12.6,53.0,15.0,26.349999999999998,102.53,2012,2,28,17,1,0,-0.9659258262890683,-0.25881904510252063
-13.4,-18.8,64.0,19.0,24.1,101.05,2012,2,11,10,5,1,0.49999999999999994,-0.8660254037844387
13.5,10.5,82.0,19.0,25.0,101.18,2012,9,21,2,4,0,0.49999999999999994,0.8660254037844387
2.1,-10.7,38.0,9.0,25.0,101.67,2012,3,27,21,1,0,-0.7071067811865477,0.7071067811865474
24.8,11.7,44.0,30.0,24.1,100.39,2012,4,16,12,0,0,1.2246467991473532e-16,-1.0
-5.6,-13.1,55.0,13.0,24.1,101.73,2012,2,7,12,1,0,1.2246467991473532e-16,-1.0
4.8,-0.7,68.0,17.0,24.1,101.57,2012,10,12,8,4,0,0.8660254037844387,-0.4999999999999998
-5.8,-10.5,69.0,7.0,25.0,101.44,2012,2,19,4,6,1,0.8660254037844386,0.5000000000000001
-1.8,-9.7,55.0,20.0,25.0,102.07,2012,12,5,23,2,0,-0.25881904510252157,0.9659258262890681
30.9,11.5,30.0,11.0,26.349999999999998,101.72,2012,5,20,14,6,1,-0.4999999999999997,-0.8660254037844388
22.5,16.6,69.0,6.0,24.1,100.8,2012,7,27,20,4,0,-0.8660254037844386,0.5000000000000001
21.3,8.6,44.0,13.0,25.0,102.06,2012,6,15,22,4,0,-0.5000000000000004,0.8660254037844384
21.5,10.7,50.0,6.0,25.0,101.25,2012,8,21,20,1,0,-0.8660254037844386,0.5000000000000001
14.4,5.0,53.0,6.0,25.0,101.63,2012,5,18,22,4,0,-0.5000000000000004,0.8660254037844384
-9.0,-15.5,59.0,24.0,25.0,102.46,2012,12,15,21,5,1,-0.7071067811865477,0.7071067811865474
20.0,18.9,93.0,28.0,22.750000000000004,99.19,2012,9,18,18,1,0,-1.0,-1.8369701987210297e-16
22.0,18.9,83.0,13.0,24.1,100.64,2012,8,1,9,2,0,0.7071067811865476,-0.7071067811865475
-9.5,-11.3,87.0,4.0,25.0,102.1,2012,12,12,6,2,0,1.0,6.123233995736766e-17
5.7,-7.7,37.0,19.0,26.349999999999998,101.32,2012,4,6,11,4,0,0.258819045102521,-0.9659258262890682
-3.6,-5.7,85.0,7.0,22.750000000000004,102.28,2012,12,12,18,2,0,-1.0,-1.8369701987210297e-16
24.2,18.2,69.0,22.0,26.349999999999998,101.04,2012,6,20,6,2,0,1.0,6.123233995736766e-17
16.1,4.5,46.0,11.0,25.0,100.72,2012,4,19,21,3,0,-0.7071067811865477,0.7071067811865474
4.9,-2.7,58.0,4.0,24.1,102.72,2012,11,19,12,0,0,1.2246467991473532e-16,-1.0
0.8,-4.7,67.0,15.0,25.0,101.85,2012,12,14,20,4,0,-0.8660254037844386,0.5000000000000001
16.9,9.4,61.0,4.0,24.1,100.71,2012,5,31,11,3,0,0.258819045102521,-0.9659258262890682
2.4,-5.7,55.0,15.0,25.0,102.18,2012,4,18,1,2,0,0.25881904510252074,0.9659258262890683
-1.5,-4.3,81.0,19.0,25.0,100.19,2012,1,28,0,5,1,0.0,1.0
21.7,17.8,79.0,4.0,25.0,100.64,2012,8,14,23,1,0,-0.25881904510252157,0.9659258262890681
23.1,15.6,63.0,13.0,26.349999999999998,101.75,2012,8,4,8,5,1,0.8660254037844387,-0.4999999999999998
23.7,13.8,54.0,4.0,24.1,100.5,2012,8,16,19,3,0,-0.9659258262890684,0.2588190451025203
0.9,-10.5,42.0,19.0,26.349999999999998,101.52,2012,4,29,5,6,1,0.9659258262890683,0.25881904510252074
27.2,11.7,38.0,17.0,26.349999999999998,100.31,2012,6,22,18,4,0,-1.0,-1.8369701987210297e-16
24.6,12.7,47.0,17.0,26.349999999999998,100.8,2012,9,7,13,4,0,-0.2588190451025208,-0.9659258262890683
18.0,9.2,56.0,28.0,26.349999999999998,100.94,2012,9,25,11,1,0,0.258819045102521,-0.9659258262890682
-3.6,-7.9,72.0,9.0,26.349999999999998,101.58,2012,1,23,10,0,0,0.49999999999999994,-0.8660254037844387
-11.9,-19.3,54.0,24.0,25.0,100.58,2012,2,12,19,6,1,-0.9659258262890684,0.2588190451025203
5.5,-2.7,55.0,6.0,25.0,101.42,2012,4,19,1,3,0,0.25881904510252074,0.9659258262890683
3.8,2.8,93.0,4.0,25.0,101.75,2012,3,18,0,6,1,0.0,1.0
14.9,9.1,68.0,9.0,25.0,100.86,2012,7,9,2,0,0,0.49999999999999994,0.8660254037844387
19.3,16.2,82.0,7.0,25.0,100.75,2012,7,6,4,4,0,0.8660254037844386,0.5000000000000001
13.1,9.2,77.0,11.0,22.750000000000004,101.29,2012,9,28,23,4,0,-0.25881904510252157,0.9659258262890681
-0.1,-7.7,57.0,9.0,25.0,101.48,2012,4,29,4,6,1,0.8660254037844386,0.5000000000000001
-8.2,-12.4,72.0,30.0,25.0,100.4,2012,12,23,3,6,1,0.7071067811865476,0.7071067811865476
2.3,0.5,88.0,19.0,22.750000000000004,100.64,2012,12,17,20,0,0,-0.8660254037844386,0.5000000000000001
2.6,-1.7,73.0,32.0,25.0,99.54,2012,11,24,7,5,1,0.9659258262890683,-0.25881904510252063
10.0,-0.7,47.0,28.0,25.0,100.64,2012,3,8,4,3,0,0.8660254037844386,0.5000000000000001
26.5,5.9,27.0,6.0,26.349999999999998,101.4,2012,6,10,14,6,1,-0.4999999999999997,-0.8660254037844388
20.0,17.2,84.0,6.0,24.1,100.56,2012,7,18,6,2,0,1.0,6.123233995736766e-17
16.0,9.7,66.0,6.0,26.349999999999998,100.76,2012,6,9,7,5,1,0.9659258262890683,-0.25881904510252063
3.7,0.3,78.0,24.0,24.1,102.15,2012,11,11,12,6,1,1.2246467991473532e-16,-1.0
-13.9,-18.6,68.0,7.0,25.0,100.71,2012,2,11,21,5,1,-0.7071067811865477,0.7071067811865474
24.3,7.6,34.0,11.0,26.349999999999998,101.47,2012,5,19,19,5,1,-0.9659258262890684,0.2588190451025203
21.2,10.3,50.0,6.0,26.349999999999998,101.45,2012,6,10,9,6,1,0.7071067811865476,-0.7071067811865475
-4.3,-8.6,72.0,9.0,24.1,102.13,2012,11,27,9,1,0,0.7071067811865476,-0.7071067811865475
14.3,9.4,72.0,13.0,25.0,99.67,2012,5,9,22,2,0,-0.5000000000000004,0.8660254037844384
11.2,8.0,81.0,13.0,22.750000000000004,101.64,2012,5,2,12,2,0,1.2246467991473532e-16,-1.0
5.3,3.7,89.0,19.0,25.0,99.81,2012,11,2,17,4,0,-0.9659258262890683,-0.25881904510252063
-13.2,-17.0,73.0,13.0,22.750000000000004,102.33,2012,1,22,22,6,1,-0.5000000000000004,0.8660254037844384
10.4,2.5,58.0,17.0,22.750000000000004,99.79,2012,11,23,15,4,0,-0.7071067811865471,-0.7071067811865479
13.8,7.1,64.0,28.0,25.0,100.29,2012,6,3,21,6,1,-0.7071067811865477,0.7071067811865474
21.8,13.3,58.0,26.0,26.349999999999998,100.88,2012,8,30,10,3,0,0.49999999999999994,-0.8660254037844387
21.6,16.5,73.0,11.0,24.1,99.89,2012,7,26,18,3,0,-1.0,-1.8369701987210297e-16
-5.8,-12.9,57.0,19.0,26.349999999999998,99.95,2012,3,4,12,6,1,1.2246467991473532e-16,-1.0
-5.4,-8.1,81.0,35.0,22.750000000000004,99.76,2012,1,12,18,3,0,-1.0,-1.8369701987210297e-16
3.8,-3.2,60.0,7.0,26.349999999999998,99.64,2012,3,28,12,2,0,1.2246467991473532e-16,-1.0
20.2,13.8,67.0,7.0,25.0,100.22,2012,7,1,3,6,1,0.7071067811865476,0.7071067811865476
2.5,-0.5,81.0,24.0,25.0,99.58,2012,12,10,20,0,0,-0.8660254037844386,0.5000000000000001
5.9,3.7,86.0,11.0,24.1,101.25,2012,10,7,6,6,1,1.0,6.123233995736766e-17
14.4,6.4,59.0,15.0,26.349999999999998,100.99,2012,10,18,9,3,0,0.7071067811865476,-0.7071067811865475
16.0,8.2,60.0,26.0,25.0,100.87,2012,11,12,22,0,0,-0.5000000000000004,0.8660254037844384
18.2,16.3,89.0,20.0,22.750000000000004,100.55,2012,6,12,18,1,0,-1.0,-1.8369701987210297e-16
19.1,15.2,78.0,24.0,24.1,101.36,2012,8,23,6,3,0,1.0,6.123233995736766e-17
22.9,16.2,66.0,6.0,25.0,99.92,2012,6,30,20,5,1,-0.8660254037844386,0.5000000000000001
18.4,9.4,56.0,6.0,26.349999999999998,101.28,2012,7,19,8,3,0,0.8660254037844387,-0.4999999999999998
-3.7,-5.3,89.0,36.5,22.750000000000004,100.58,2012,12,27,20,3,0,-0.8660254037844386,0.5000000000000001
6.7,2.6,75.0,19.0,25.0,99.88,2012,10,16,3,1,0,0.7071067811865476,0.7071067811865476
10.3,9.8,97.0,20.0,22.750000000000004,100.97,2012,9,30,2,6,1,0.49999999999999994,0.8660254037844387
10.2,8.8,91.0,11.0,25.0,101.27,2012,9,29,6,5,1,1.0,6.123233995736766e-17
-0.6,-5.2,71.0,9.0,25.0,102.07,2012,11,10,6,5,1,1.0,6.123233995736766e-17
2.7,-2.6,68.0,13.0,25.0,100.68,2012,2,6,22,0,0,-0.5000000000000004,0.8660254037844384
15.7,-2.3,29.0,9.0,26.349999999999998,101.61,2012,5,6,14,6,1,-0.4999999999999997,-0.8660254037844388
13.1,8.7,75.0,4.0,26.349999999999998,101.66,2012,7,11,5,2,0,0.9659258262890683,0.25881904510252074
5.4,-11.1,29.0,32.0,26.349999999999998,101.62,2012,4,28,13,5,1,-0.2588190451025208,-0.9659258262890683
1.5,-6.7,54.0,17.0,25.0,100.51,2012,4,5,5,3,0,0.9659258262890683,0.25881904510252074
18.9,12.8,68.0,13.0,25.0,101.31,2012,8,23,3,3,0,0.7071067811865476,0.7071067811865476
-13.4,-20.8,54.0,15.0,24.1,101.78,2012,1,11,11,2,0,0.258819045102521,-0.9659258262890682
22.0,8.5,42.0,20.0,26.349999999999998,101.6,2012,9,1,10,5,1,0.49999999999999994,-0.8660254037844387
0.6,-0.6,92.0,24.0,22.750000000000004,100.12,2012,12,18,5,1,0,0.9659258262890683,0.25881904510252074
17.8,10.5,62.0,4.0,26.349999999999998,101.04,2012,6,24,6,6,1,1.0,6.123233995736766e-17
2.7,-0.8,78.0,15.0,25.0,99.26,2012,2,22,22,2,0,-0.5000000000000004,0.8660254037844384
16.1,4.9,47.0,20.0,26.349999999999998,101.39,2012,9,10,17,0,0,-0.9659258262890683,-0.25881904510252063
-8.5,-13.5,67.0,0.0,25.0,101.95,2012,1,26,4,3,0,0.8660254037844386,0.5000000000000001
14.9,8.0,63.0,4.0,25.0,101.52,2012,7,11,2,2,0,0.49999999999999994,0.8660254037844387
2.4,-0.2,83.0,9.0,24.1,99.33,2012,2,22,18,2,0,-1.0,-1.8369701987210297e-16
30.5,20.4,55.0,20.0,24.1,100.41,2012,7,6,16,4,0,-0.8660254037844385,-0.5000000000000004
-3.6,-11.2,56.0,26.0,24.1,101.72,2012,2,29,16,2,0,-0.8660254037844385,-0.5000000000000004
9.1,0.9,56.0,11.0,24.1,101.89,2012,10,25,11,3,0,0.258819045102521,-0.9659258262890682
19.7,7.3,45.0,15.0,25.0,100.93,2012,8,29,21,2,0,-0.7071067811865477,0.7071067811865474
-9.0,-17.8,49.0,15.0,26.349999999999998,103.12,2012,3,6,11,1,0,0.258819045102521,-0.9659258262890682
8.6,-1.2,50.0,13.0,26.349999999999998,101.26,2012,10,7,17,6,1,-0.9659258262890683,-0.25881904510252063
-10.6,-13.6,79.0,13.0,25.0,101.59,2012,12,25,6,1,0,1.0,6.123233995736766e-17
26.2,10.6,38.0,17.0,26.349999999999998,101.1,2012,7,28,17,5,1,-0.9659258262890683,-0.25881904510252063
-11.2,-16.0,68.0,11.0,22.750000000000004,102.86,2012,1,22,13,6,1,-0.2588190451025208,-0.9659258262890683
21.5,11.9,54.0,9.0,25.0,101.6,2012,6,16,22,5,1,-0.5000000000000004,0.8660254037844384
18.5,11.0,62.0,19.0,22.750000000000004,101.72,2012,3,19,13,0,0,-0.2588190451025208,-0.9659258262890683
4.6,0.5,75.0,9.0,25.0,101.54,2012,11,9,21,4,0,-0.7071067811865477,0.7071067811865474
19.8,13.6,67.0,9.0,25.0,101.96,2012,9,13,0,3,0,0.0,1.0
0.6,-0.1,95.0,17.0,22.750000000000004,100.66,2012,12,17,13,0,0,-0.2588190451025208,-0.9659258262890683
-3.5,-5.8,84.0,22.0,22.750000000000004,99.38,2012,1,17,18,1,0,-1.0,-1.8369701987210297e-16
16.6,12.1,75.0,9.0,25.0,100.75,2012,9,18,2,1,0,0.49999999999999994,0.8660254037844387
4.6,0.0,72.0,36.5,25.0,99.26,2012,1,2,1,0,0,0.25881904510252074,0.9659258262890683
13.2,4.0,54.0,22.0,26.349999999999998,101.37,2012,9,19,12,2,0,1.2246467991473532e-16,-1.0
-4.5,-15.7,41.0,6.0,25.0,102.55,2012,3,6,23,1,0,-0.25881904510252157,0.9659258262890681
18.7,-4.1,21.0,15.0,25.0,100.87,2012,5,7,21,0,0,-0.7071067811865477,0.7071067811865474
3.6,-3.9,58.0,17.0,24.1,101.08,2012,11,4,15,6,1,-0.7071067811865471,-0.7071067811865479
4.7,-1.3,65.0,36.5,24.1,102.07,2012,11,13,10,1,0,0.49999999999999994,-0.8660254037844387
-3.7,-6.4,81.0,20.0,22.750000000000004,100.95,2012,3,1,20,3,0,-0.8660254037844386,0.5000000000000001
3.0,-4.7,57.0,6.0,24.1,101.67,2012,3,7,11,2,0,0.258819045102521,-0.9659258262890682
5.3,-4.3,50.0,19.0,25.0,100.79,2012,3,25,4,6,1,0.8660254037844386,0.5000000000000001
16.0,12.8,81.0,6.0,26.349999999999998,100.76,2012,8,20,6,0,0,1.0,6.123233995736766e-17
11.7,3.6,58.0,7.0,25.0,100.93,2012,10,17,19,2,0,-0.9659258262890684,0.2588190451025203
10.7,7.8,82.0,24.0,24.1,100.67,2012,10,29,8,0,0,0.8660254037844387,-0.4999999999999998
6.7,6.4,98.0,11.0,22.750000000000004,101.11,2012,10,14,11,6,1,0.258819045102521,-0.9659258262890682
-6.5,-13.1,59.0,9.0,26.349999999999998,102.69,2012,2,28,11,1,0,0.258819045102521,-0.9659258262890682
10.3,-1.3,44.0,20.0,25.0,101.36,2012,4,13,22,4,0,-0.5000000000000004,0.8660254037844384
1.5,-6.4,56.0,17.0,26.349999999999998,101.89,2012,11,6,12,1,0,1.2246467991473532e-16,-1.0
-12.9,-17.1,71.0,11.0,25.0,101.12,2012,1,16,21,0,0,-0.7071067811865477,0.7071067811865474
25.1,17.2,62.0,11.0,25.0,100.4,2012,7,7,1,5,1,0.25881904510252074,0.9659258262890683
-3.3,-6.2,80.0,24.0,22.750000000000004,100.71,2012,3,1,15,3,0,-0.7071067811865471,-0.7071067811865479
18.5,17.7,95.0,22.0,22.750000000000004,100.62,2012,8,10,21,4,0,-0.7071067811865477,0.7071067811865474
6.6,3.9,83.0,24.0,25.0,100.51,2012,10,11,3,3,0,0.7071067811865476,0.7071067811865476
22.0,15.6,67.0,9.0,26.349999999999998,100.72,2012,7,5,10,3,0,0.49999999999999994,-0.8660254037844387
-20.3,-26.2,59.0,9.0,25.0,101.79,2012,1,14,23,5,1,-0.25881904510252157,0.9659258262890681
20.0,15.0,73.0,0.0,26.349999999999998,101.43,2012,7,21,7,5,1,0.9659258262890683,-0.25881904510252063
8.8,5.5,80.0,4.0,25.0,101.8,2012,3,17,21,5,1,-0.7071067811865477,0.7071067811865474
12.4,-1.8,37.0,15.0,26.349999999999998,101.32,2012,4,12,16,3,0,-0.8660254037844385,-0.5000000000000004
22.6,15.5,64.0,7.0,25.0,101.44,2012,7,13,1,4,0,0.25881904510252074,0.9659258262890683
14.4,11.3,82.0,20.0,24.1,99.53,2012,10,15,8,0,0,0.8660254037844387,-0.4999999999999998
-3.0,-9.5,61.0,32.0,26.349999999999998,100.33,2012,11,25,10,6,1,0.49999999999999994,-0.8660254037844387
16.6,7.9,56.0,19.0,26.349999999999998,101.26,2012,9,20,18,3,0,-1.0,-1.8369701987210297e-16
27.9,23.2,76.0,24.0,24.1,100.63,2012,8,5,11,6,1,0.258819045102521,-0.9659258262890682
25.7,17.8,62.0,15.0,24.1,100.68,2012,8,15,15,2,0,-0.7071067811865471,-0.7071067811865479
0.1,-6.9,59.0,0.0,25.0,100.7,2012,4,1,2,6,1,0.49999999999999994,0.8660254037844387
10.0,2.5,60.0,4.0,25.0,101.75,2012,9,19,19,2,0,-0.9659258262890684,0.2588190451025203
-11.3,-17.4,61.0,6.0,26.349999999999998,100.76,2012,2,11,14,5,1,-0.4999999999999997,-0.8660254037844388
15.2,9.0,66.0,15.0,24.1,101.29,2012,5,2,19,2,0,-0.9659258262890684,0.2588190451025203
-1.7,-6.9,68.0,13.0,25.0,102.02,2012,3,11,4,6,1,0.8660254037844386,0.5000000000000001
-7.7,-11.8,72.0,11.0,25.0,101.19,2012,1,30,4,0,0,0.8660254037844386,0.5000000000000001
19.6,10.5,56.0,24.0,26.349999999999998,100.04,2012,6,3,14,6,1,-0.4999999999999997,-0.8660254037844388
28.8,17.5,50.0,15.0,24.1,100.35,2012,7,16,16,0,0,-0.8660254037844385,-0.5000000000000004
5.6,-6.5,41.0,30.0,24.1,102.18,2012,11,13,14,1,0,-0.4999999999999997,-0.8660254037844388
5.2,1.8,79.0,20.0,25.0,100.12,2012,4,10,20,1,0,-0.8660254037844386,0.5000000000000001
-1.9,-8.6,60.0,6.0,25.0,101.63,2012,3,9,21,4,0,-0.7071067811865477,0.7071067811865474
16.0,4.8,47.0,15.0,25.0,100.74,2012,5,8,1,1,0,0.25881904510252074,0.9659258262890683
8.3,-3.0,45.0,20.0,24.1,99.75,2012,4,4,16,2,0,-0.8660254037844385,-0.5000000000000004
1.5,-3.5,69.0,13.0,26.349999999999998,101.32,2012,12,14,8,4,0,0.8660254037844387,-0.4999999999999998
8.4,3.0,69.0,0.0,26.349999999999998,101.93,2012,3,23,7,4,0,0.9659258262890683,-0.25881904510252063
22.5,11.8,51.0,13.0,25.0,101.53,2012,7,11,21,2,0,-0.7071067811865477,0.7071067811865474
5.3,3.3,87.0,11.0,22.750000000000004,100.63,2012,3,13,15,1,0,-0.7071067811865471,-0.7071067811865479
-9.4,-12.3,79.0,22.0,25.0,101.37,2012,12,28,19,4,0,-0.9659258262890684,0.2588190451025203
1.2,-1.0,85.0,15.0,22.750000000000004,99.68,2012,2,22,4,2,0,0.8660254037844386,0.5000000000000001
-3.5,-6.0,83.0,28.0,22.750000000000004,99.69,2012,1,17,16,1,0,-0.8660254037844385,-0.5000000000000004
10.2,8.5,89.0,20.0,24.1,99.26,2012,10,31,13,2,0,-0.2588190451025208,-0.9659258262890683
-10.1,-14.5,70.0,24.0,25.0,102.08,2012,12,16,4,6,1,0.8660254037844386,0.5000000000000001
13.3,6.6,64.0,0.0,25.0,101.54,2012,5,13,23,6,1,-0.25881904510252157,0.9659258262890681
21.1,14.7,67.0,4.0,25.0,99.75,2012,6,29,1,4,0,0.25881904510252074,0.9659258262890683
9.0,1.3,58.0,19.0,24.1,99.11,2012,4,9,14,0,0,-0.4999999999999997,-0.8660254037844388
20.8,18.1,85.0,9.0,25.0,100.58,2012,8,1,5,2,0,0.9659258262890683,0.25881904510252074
27.4,16.5,51.0,36.5,26.349999999999998,100.53,2012,8,30,17,3,0,-0.9659258262890683,-0.25881904510252063
-8.5,-13.9,65.0,36.5,22.750000000000004,100.0,2012,1,18,6,2,0,1.0,6.123233995736766e-17
3.7,-3.1,61.0,30.0,24.1,100.48,2012,4,27,10,4,0,0.49999999999999994,-0.8660254037844387
16.0,12.6,80.0,9.0,24.1,100.71,2012,5,4,13,4,0,-0.2588190451025208,-0.9659258262890683
26.0,18.2,62.0,15.0,24.1,100.87,2012,8,27,15,0,0,-0.7071067811865471,-0.7071067811865479
-9.4,-14.8,65.0,9.0,22.750000000000004,102.74,2012,1,22,14,6,1,-0.4999999999999997,-0.8660254037844388
15.0,13.9,93.0,9.0,22.750000000000004,99.43,2012,10,31,0,2,0,0.0,1.0
16.1,13.0,82.0,19.0,25.0,100.67,2012,9,18,3,1,0,0.7071067811865476,0.7071067811865476
10.2,0.6,51.0,36.5,26.349999999999998,101.42,2012,4,17,8,1,0,0.8660254037844387,-0.4999999999999998
13.1,8.9,76.0,15.0,24.1,100.61,2012,5,31,7,3,0,0.9659258262890683,-0.25881904510252063
18.2,13.6,75.0,15.0,26.349999999999998,101.0,2012,9,21,13,4,0,-0.2588190451025208,-0.9659258262890683
24.1,7.0,33.0,15.0,26.349999999999998,101.61,2012,5,19,13,5,1,-0.2588190451025208,-0.9659258262890683
24.6,14.4,53.0,19.0,26.349999999999998,100.5,2012,7,1,11,6,1,0.258819045102521,-0.9659258262890682
-13.4,-14.8,89.0,4.0,25.0,102.47,2012,12,26,6,2,0,1.0,6.123233995736766e-17
11.6,-1.5,40.0,19.0,26.349999999999998,101.91,2012,10,8,14,0,0,-0.4999999999999997,-0.8660254037844388
-9.9,-15.9,61.0,9.0,26.349999999999998,103.135,2012,11,30,11,4,0,0.258819045102521,-0.9659258262890682
21.6,18.2,81.0,9.0,24.1,100.78,2012,8,15,11,2,0,0.258819045102521,-0.9659258262890682
-5.3,-11.4,62.0,15.0,24.1,101.55,2012,2,5,15,6,1,-0.7071067811865471,-0.7071067811865479
4.9,0.2,72.0,9.0,25.0,100.67,2012,4,26,1,3,0,0.25881904510252074,0.9659258262890683
21.6,16.8,74.0,6.0,24.1,99.86,2012,7,26,14,3,0,-0.4999999999999997,-0.8660254037844388
27.3,14.2,45.0,4.0,26.349999999999998,101.77,2012,8,24,13,4,0,-0.2588190451025208,-0.9659258262890683
5.9,0.4,68.0,7.0,25.0,101.28,2012,11,22,20,3,0,-0.8660254037844386,0.5000000000000001
-4.3,-17.6,35.0,22.0,25.0,101.94,2012,3,27,0,1,0,0.0,1.0
16.0,10.9,72.0,6.0,25.0,101.89,2012,3,20,21,1,0,-0.7071067811865477,0.7071067811865474
-15.9,-24.3,48.0,13.0,25.0,102.27,2012,1,20,18,4,0,-1.0,-1.8369701987210297e-16
16.6,12.9,79.0,7.0,24.1,100.77,2012,5,4,16,4,0,-0.8660254037844385,-0.5000000000000004
5.0,-0.3,69.0,7.0,25.0,101.92,2012,3,20,5,1,0,0.9659258262890683,0.25881904510252074
3.5,-3.8,59.0,9.0,24.1,101.13,2012,12,7,16,4,0,-0.8660254037844385,-0.5000000000000004
10.5,4.1,65.0,7.0,26.349999999999998,102.02,2012,3,17,16,5,1,-0.8660254037844385,-0.5000000000000004
26.6,10.0,35.0,6.0,26.349999999999998,101.37,2012,6,10,17,6,1,-0.9659258262890683,-0.25881904510252063
0.6,-2.1,82.0,22.0,24.1,102.3,2012,11,11,7,6,1,0.9659258262890683,-0.25881904510252063
-2.3,-3.3,93.0,24.0,22.750000000000004,101.02,2012,12,17,0,0,0,0.0,1.0
9.2,5.0,75.0,20.0,25.0,99.88,2012,5,10,21,3,0,-0.7071067811865477,0.7071067811865474
1.4,0.5,94.0,22.0,22.750000000000004,99.49,2012,12,18,18,1,0,-1.0,-1.8369701987210297e-16
23.2,18.4,74.0,9.0,24.1,101.26,2012,7,15,5,6,1,0.9659258262890683,0.25881904510252074
18.1,11.9,67.0,20.0,26.349999999999998,99.89,2012,10,20,12,5,1,1.2246467991473532e-16,-1.0
10.4,-3.2,38.0,11.0,26.349999999999998,101.86,2012,4,18,15,2,0,-0.7071067811865471,-0.7071067811865479
14.7,-3.0,29.0,0.0,26.349999999999998,101.54,2012,5,5,19,5,1,-0.9659258262890684,0.2588190451025203
3.0,-2.2,69.0,6.0,22.750000000000004,101.96,2012,11,20,11,1,0,0.258819045102521,-0.9659258262890682
-1.6,-6.2,71.0,0.0,25.0,103.135,2012,11,18,0,6,1,0.0,1.0
-0.6,-5.1,72.0,11.0,25.0,101.38,2012,11,5,6,0,0,1.0,6.123233995736766e-17
25.3,17.1,60.0,11.0,25.0,101.76,2012,8,25,21,5,1,-0.7071067811865477,0.7071067811865474
23.2,13.9,56.0,35.0,25.0,100.5,2012,8,31,2,4,0,0.49999999999999994,0.8660254037844387
-2.0,-8.1,63.0,36.5,25.0,100.68,2012,1,29,6,6,1,1.0,6.123233995736766e-17
-5.3,-10.2,68.0,22.0,22.750000000000004,100.92,2012,1,26,22,3,0,-0.5000000000000004,0.8660254037844384
14.5,13.4,93.0,0.0,25.0,100.72,2012,8,20,5,0,0,0.9659258262890683,0.25881904510252074
24.8,12.8,47.0,17.0,26.349999999999998,100.36,2012,7,3,20,1,0,-0.8660254037844386,0.5000000000000001
11.7,7.9,77.0,33.0,24.1,100.5,2012,6,4,7,0,0,0.9659258262890683,-0.25881904510252063
24.2,12.8,49.0,15.0,25.0,101.19,2012,9,3,21,0,0,-0.7071067811865477,0.7071067811865474
5.5,3.4,86.0,19.0,24.1,100.49,2012,4,21,9,5,1,0.7071067811865476,-0.7071067811865475
0.8,-8.8,49.0,7.0,25.0,101.52,2012,4,29,0,6,1,0.0,1.0
13.8,10.5,80.0,7.0,25.0,101.09,2012,7,19,3,3,0,0.7071067811865476,0.7071067811865476
-5.1,-7.5,83.0,26.0,22.750000000000004,99.015,2012,1,13,8,4,0,0.8660254037844387,-0.4999999999999998
22.1,13.1,57.0,9.0,26.349999999999998,101.81,2012,8,24,9,4,0,0.7071067811865476,-0.7071067811865475
-1.8,-5.3,77.0,9.0,25.0,101.46,2012,12,7,3,4,0,0.7071067811865476,0.7071067811865476
-12.7,-17.7,66.0,20.0,26.349999999999998,102.44,2012,1,16,11,0,0,0.258819045102521,-0.9659258262890682
21.0,16.7,76.0,13.0,24.1,100.88,2012,8,14,7,1,0,0.9659258262890683,-0.25881904510252063
4.6,-0.6,69.0,28.0,25.0,99.59,2012,11,24,3,5,1,0.7071067811865476,0.7071067811865476
18.7,18.0,96.0,7.0,22.750000000000004,100.04,2012,7,23,22,0,0,-0.5000000000000004,0.8660254037844384
27.8,18.7,58.0,9.0,24.1,100.4,2012,8,1,16,2,0,-0.8660254037844385,-0.5000000000000004
-5.4,-8.0,82.0,15.0,22.750000000000004,100.34,2012,2,1,6,2,0,1.0,6.123233995736766e-17
3.0,-2.2,69.0,15.0,25.0,100.67,2012,2,6,21,0,0,-0.7071067811865477,0.7071067811865474
2.5,-1.4,75.0,17.0,25.0,101.02,2012,2,16,19,3,0,-0.9659258262890684,0.2588190451025203
21.9,4.4,32.0,11.0,26.349999999999998,100.83,2012,6,5,15,1,0,-0.7071067811865471,-0.7071067811865479
-0.4,-8.1,56.0,22.0,25.0,101.5,2012,4,28,2,5,1,0.49999999999999994,0.8660254037844387
19.8,5.3,39.0,26.0,26.349999999999998,101.0,2012,6,5,11,1,0,0.258819045102521,-0.9659258262890682
24.9,16.5,60.0,20.0,24.1,101.21,2012,5,25,10,4,0,0.49999999999999994,-0.8660254037844387
25.4,7.3,32.0,15.0,26.349999999999998,101.56,2012,5,19,14,5,1,-0.4999999999999997,-0.8660254037844388
19.6,6.8,43.0,20.0,26.349999999999998,101.56,2012,5,13,14,6,1,-0.4999999999999997,-0.8660254037844388
6.7,-0.6,60.0,4.0,25.0,101.44,2012,4,12,22,3,0,-0.5000000000000004,0.8660254037844384
20.7,11.4,55.0,6.0,26.349999999999998,101.53,2012,9,2,10,6,1,0.49999999999999994,-0.8660254037844387
1.3,0.4,94.0,22.0,22.750000000000004,99.015,2012,12,21,21,4,0,-0.7071067811865477,0.7071067811865474
17.5,16.2,92.0,0.0,25.0,100.19,2012,7,27,4,4,0,0.8660254037844386,0.5000000000000001
-1.0,-8.5,57.0,28.0,25.0,101.84,2012,12,5,19,2,0,-0.9659258262890684,0.2588190451025203
23.7,15.6,60.0,36.5,25.0,100.57,2012,8,30,23,3,0,-0.25881904510252157,0.9659258262890681
4.2,2.8,91.0,22.0,24.1,99.67,2012,11,2,11,4,0,0.258819045102521,-0.9659258262890682
23.2,19.5,80.0,6.0,25.0,100.73,2012,7,15,20,6,1,-0.8660254037844386,0.5000000000000001
-8.7,-12.2,76.0,22.0,24.1,100.52,2012,12,23,9,6,1,0.7071067811865476,-0.7071067811865475
-13.0,-19.4,59.0,0.0,26.349999999999998,103.06,2012,3,6,8,1,0,0.8660254037844387,-0.4999999999999998
20.8,10.1,50.0,13.0,26.349999999999998,100.98,2012,6,7,12,3,0,1.2246467991473532e-16,-1.0
-7.6,-17.2,46.0,28.0,26.349999999999998,102.42,2012,2,26,14,6,1,-0.4999999999999997,-0.8660254037844388
-9.4,-14.6,66.0,20.0,26.349999999999998,102.31,2012,2,27,7,0,0,0.9659258262890683,-0.25881904510252063
23.1,17.0,69.0,6.0,25.0,100.92,2012,8,8,23,2,0,-0.25881904510252157,0.9659258262890681
20.1,12.0,60.0,13.0,25.0,100.62,2012,6,23,2,5,1,0.49999999999999994,0.8660254037844387
24.3,19.6,75.0,19.0,25.0,101.04,2012,8,5,4,6,1,0.8660254037844386,0.5000000000000001
15.3,14.0,92.0,6.0,24.1,100.92,2012,10,5,7,4,0,0.9659258262890683,-0.25881904510252063
1.2,0.6,96.0,13.0,22.750000000000004,100.84,2012,12,8,22,5,1,-0.5000000000000004,0.8660254037844384
3.2,1.3,87.0,19.0,25.0,99.5,2012,1,1,20,6,1,-0.8660254037844386,0.5000000000000001
-4.9,-7.9,79.0,19.0,22.750000000000004,101.13,2012,2,27,16,0,0,-0.8660254037844385,-0.5000000000000004
24.2,18.7,71.0,7.0,25.0,100.57,2012,9,5,20,2,0,-0.8660254037844386,0.5000000000000001
1.1,-6.8,56.0,33.0,24.1,99.33,2012,1,2,14,0,0,-0.4999999999999997,-0.8660254037844388
13.7,12.1,90.0,6.0,22.750000000000004,100.72,2012,5,4,8,4,0,0.8660254037844387,-0.4999999999999998
-5.7,-11.9,62.0,17.0,25.0,102.37,2012,3,7,2,2,0,0.49999999999999994,0.8660254037844387
-5.4,-10.2,69.0,9.0,25.0,101.52,2012,2,19,22,6,1,-0.5000000000000004,0.8660254037844384
5.7,0.2,68.0,11.0,25.0,101.44,2012,5,5,4,5,1,0.8660254037844386,0.5000000000000001
9.4,-2.1,44.0,19.0,26.349999999999998,102.18,2012,10,13,15,5,1,-0.7071067811865471,-0.7071067811865479
15.7,11.4,76.0,6.0,24.1,101.18,2012,5,3,19,3,0,-0.9659258262890684,0.2588190451025203
-6.6,-8.9,84.0,0.0,22.750000000000004,101.55,2012,2,28,2,1,0,0.49999999999999994,0.8660254037844387
-9.9,-15.2,65.0,13.0,26.349999999999998,102.78,2012,12,15,10,5,1,0.49999999999999994,-0.8660254037844387
-2.3,-6.1,75.0,6.0,25.0,102.97,2012,11,14,2,2,0,0.49999999999999994,0.8660254037844387
20.7,15.4,72.0,26.0,24.1,100.57,2012,10,5,15,4,0,-0.7071067811865471,-0.7071067811865479
32.3,20.3,49.0,15.0,24.1,100.69,2012,6,20,17,2,0,-0.9659258262890683,-0.25881904510252063
2.0,-3.6,66.0,20.0,26.349999999999998,101.3,2012,12,14,7,4,0,0.9659258262890683,-0.25881904510252063
-2.1,-9.9,55.0,32.0,26.349999999999998,100.19,2012,11,25,13,6,1,-0.2588190451025208,-0.9659258262890683
0.5,-8.8,50.0,33.0,24.1,100.7,2012,1,29,13,6,1,-0.2588190451025208,-0.9659258262890683
8.5,-4.1,41.0,28.0,24.1,101.89,2012,4,17,19,1,0,-0.9659258262890684,0.2588190451025203
26.4,15.1,50.0,13.0,26.349999999999998,100.4,2012,7,7,19,5,1,-0.9659258262890684,0.2588190451025203
-17.3,-25.4,49.0,24.0,25.0,101.82,2012,1,3,20,1,0,-0.8660254037844386,0.5000000000000001
19.7,19.2,97.0,6.0,22.750000000000004,100.69,2012,8,12,1,6,1,0.25881904510252074,0.9659258262890683
13.9,10.9,82.0,17.0,24.1,100.38,2012,6,2,15,5,1,-0.7071067811865471,-0.7071067811865479
4.7,-5.1,49.0,22.0,24.1,102.13,2012,10,12,17,4,0,-0.9659258262890683,-0.25881904510252063
18.7,9.4,55.0,13.0,25.0,101.04,2012,7,10,1,1,0,0.25881904510252074,0.9659258262890683
8.1,5.4,83.0,24.0,25.0,100.75,2012,10,12,1,4,0,0.25881904510252074,0.9659258262890683
0.6,0.2,97.0,9.0,22.750000000000004,99.65,2012,12,19,0,2,0,0.0,1.0
2.0,-1.6,77.0,36.5,24.1,99.015,2012,3,3,7,5,1,0.9659258262890683,-0.25881904510252063
14.6,-0.9,34.0,24.0,26.349999999999998,100.65,2012,5,11,11,4,0,0.258819045102521,-0.9659258262890682
9.8,6.4,79.0,13.0,25.0,101.47,2012,10,25,22,3,0,-0.5000000000000004,0.8660254037844384
14.6,10.1,74.0,11.0,25.0,100.39,2012,10,6,3,5,1,0.7071067811865476,0.7071067811865476
28.8,16.5,47.0,17.0,26.349999999999998,100.32,2012,7,7,14,5,1,-0.4999999999999997,-0.8660254037844388
4.0,1.5,84.0,13.0,25.0,99.39,2012,4,10,4,1,0,0.8660254037844386,0.5000000000000001
-8.5,-14.6,61.0,24.0,25.0,100.13,2012,3,4,20,6,1,-0.8660254037844386,0.5000000000000001
-9.7,-12.5,80.0,4.0,25.0,102.28,2012,12,25,21,1,0,-0.7071067811865477,0.7071067811865474
15.2,6.6,56.0,6.0,25.0,100.64,2012,5,8,3,1,0,0.7071067811865476,0.7071067811865476
-7.2,-10.4,78.0,9.0,25.0,100.55,2012,12,23,20,6,1,-0.8660254037844386,0.5000000000000001
6.0,2.5,78.0,24.0,24.1,99.91,2012,4,10,18,1,0,-1.0,-1.8369701987210297e-16
11.5,-4.9,31.0,17.0,26.349999999999998,99.64,2012,4,8,19,6,1,-0.9659258262890684,0.2588190451025203
25.7,18.5,64.0,22.0,26.349999999999998,101.2,2012,7,22,10,6,1,0.49999999999999994,-0.8660254037844387
11.5,8.4,81.0,36.5,24.1,100.85,2012,10,10,6,2,0,1.0,6.123233995736766e-17
3.0,0.0,81.0,13.0,22.750000000000004,99.81,2012,1,1,17,6,1,-0.9659258262890683,-0.25881904510252063
19.8,14.8,73.0,9.0,25.0,101.0,2012,5,26,0,5,1,0.0,1.0
16.6,12.3,76.0,13.0,25.0,100.13,2012,6,25,21,0,0,-0.7071067811865477,0.7071067811865474
-9.3,-10.8,89.0,17.0,22.750000000000004,100.39,2012,12,30,6,6,1,1.0,6.123233995736766e-17
2.5,0.3,85.0,11.0,24.1,100.11,2012,4,1,18,6,1,-1.0,-1.8369701987210297e-16
-14.0,-21.0,55.0,4.0,25.0,102.13,2012,2,8,4,2,0,0.8660254037844386,0.5000000000000001
20.2,12.3,60.0,0.0,24.1,100.32,2012,7,1,5,6,1,0.9659258262890683,0.25881904510252074
15.9,10.7,71.0,13.0,24.1,101.38,2012,5,3,13,3,0,-0.2588190451025208,-0.9659258262890683
22.8,16.7,68.0,11.0,25.0,100.89,2012,8,9,1,3,0,0.25881904510252074,0.9659258262890683
18.4,10.1,58.0,9.0,26.349999999999998,101.32,2012,3,18,18,6,1,-1.0,-1.8369701987210297e-16
18.6,13.5,72.0,11.0,25.0,101.48,2012,6,17,2,6,1,0.49999999999999994,0.8660254037844387
-2.1,-10.1,54.0,9.0,25.0,102.66,2012,3,10,18,5,1,-1.0,-1.8369701987210297e-16
7.6,1.6,66.0,26.0,24.1,100.3,2012,10,16,10,1,0,0.49999999999999994,-0.8660254037844387
15.6,11.0,74.0,6.0,22.750000000000004,101.75,2012,3,19,10,0,0,0.49999999999999994,-0.8660254037844387
0.5,-4.0,72.0,36.5,25.0,99.015,2012,1,18,2,2,0,0.49999999999999994,0.8660254037844387
15.2,13.3,88.0,9.0,24.1,101.09,2012,10,2,10,1,0,0.49999999999999994,-0.8660254037844387
23.3,15.3,61.0,7.0,25.0,100.04,2012,6,30,22,5,1,-0.5000000000000004,0.8660254037844384
9.5,3.0,64.0,24.0,24.1,100.7,2012,4,20,15,4,0,-0.7071067811865471,-0.7071067811865479
15.3,13.2,87.0,0.0,25.0,100.72,2012,8,20,4,0,0,0.8660254037844386,0.5000000000000001
23.2,18.5,75.0,17.0,24.1,100.81,2012,8,3,7,4,0,0.9659258262890683,-0.25881904510252063
18.9,9.1,53.0,19.0,26.349999999999998,101.87,2012,9,11,12,1,0,1.2246467991473532e-16,-1.0
19.0,10.8,59.0,7.0,25.0,100.81,2012,7,2,23,0,0,-0.25881904510252157,0.9659258262890681
-8.7,-14.5,63.0,9.0,22.750000000000004,102.65,2012,1,22,15,6,1,-0.7071067811865471,-0.7071067811865479
14.6,11.7,83.0,9.0,25.0,100.57,2012,10,1,19,0,0,-0.9659258262890684,0.2588190451025203
25.0,16.0,57.0,11.0,26.349999999999998,101.34,2012,8,23,18,3,0,-1.0,-1.8369701987210297e-16
-7.7,-9.9,84.0,6.0,22.750000000000004,100.72,2012,1,17,6,1,0,1.0,6.123233995736766e-17
13.1,10.4,84.0,9.0,22.750000000000004,100.33,2012,6,3,0,6,1,0.0,1.0
15.9,6.9,55.0,22.0,26.349999999999998,100.77,2012,5,28,19,0,0,-0.9659258262890684,0.2588190451025203
18.6,14.2,76.0,11.0,26.349999999999998,100.29,2012,6,28,7,3,0,0.9659258262890683,-0.25881904510252063
10.6,-0.6,46.0,6.0,26.349999999999998,101.79,2012,10,24,13,2,0,-0.2588190451025208,-0.9659258262890683
-7.5,-14.6,57.0,20.0,26.349999999999998,100.56,2012,2,13,9,0,0,0.7071067811865476,-0.7071067811865475
15.0,-4.3,26.0,28.0,26.349999999999998,101.22,2012,4,13,17,4,0,-0.9659258262890683,-0.25881904510252063
21.7,5.7,35.0,15.0,26.349999999999998,102.16,2012,6,14,20,3,0,-0.8660254037844386,0.5000000000000001
20.0,7.6,45.0,15.0,24.1,100.95,2012,6,6,18,2,0,-1.0,-1.8369701987210297e-16
-5.0,-7.7,81.0,11.0,22.750000000000004,100.28,2012,2,1,13,2,0,-0.2588190451025208,-0.9659258262890683
-0.7,-4.7,74.0,22.0,25.0,101.55,2012,11,7,23,2,0,-0.25881904510252157,0.9659258262890681
0.7,-0.9,89.0,7.0,22.750000000000004,101.06,2012,3,14,1,2,0,0.25881904510252074,0.9659258262890683
12.2,-5.9,28.0,15.0,25.0,101.31,2012,4,13,20,4,0,-0.8660254037844386,0.5000000000000001
9.6,0.3,52.0,7.0,26.349999999999998,100.49,2012,4,26,11,3,0,0.258819045102521,-0.9659258262890682
6.2,-1.2,59.0,20.0,26.349999999999998,100.34,2012,11,23,9,4,0,0.7071067811865476,-0.7071067811865475
15.9,14.7,93.0,4.0,22.750000000000004,101.24,2012,10,4,15,3,0,-0.7071067811865471,-0.7071067811865479
-1.3,-3.5,85.0,9.0,25.0,102.94,2012,11,17,1,5,1,0.25881904510252074,0.9659258262890683
-17.0,-24.6,52.0,15.0,25.0,101.86,2012,1,3,21,1,0,-0.7071067811865477,0.7071067811865474
12.8,7.1,68.0,19.0,24.1,101.29,2012,9,10,8,0,0,0.8660254037844387,-0.4999999999999998
7.7,-11.2,25.0,28.0,26.349999999999998,101.45,2012,4,28,17,5,1,-0.9659258262890683,-0.25881904510252063
23.9,19.9,78.0,11.0,26.349999999999998,100.61,2012,8,2,8,3,0,0.8660254037844387,-0.4999999999999998
1.1,-0.1,92.0,22.0,22.750000000000004,99.98,2012,12,21,4,4,0,0.8660254037844386,0.5000000000000001
-0.3,-1.6,91.0,4.0,22.750000000000004,101.51,2012,2,15,7,2,0,0.9659258262890683,-0.25881904510252063
2.7,2.5,99.0,4.0,22.750000000000004,102.09,2012,3,17,2,5,1,0.49999999999999994,0.8660254037844387
28.4,20.8,63.0,13.0,24.1,100.93,2012,7,31,11,1,0,0.258819045102521,-0.9659258262890682
6.4,-5.4,43.0,20.0,24.1,101.98,2012,10,12,15,4,0,-0.7071067811865471,-0.7071067811865479
-4.9,-11.6,59.0,7.0,25.0,102.07,2012,1,25,20,2,0,-0.8660254037844386,0.5000000000000001
5.7,4.7,93.0,0.0,25.0,101.38,2012,9,24,3,0,0,0.7071067811865476,0.7071067811865476
-0.7,-3.1,84.0,9.0,22.750000000000004,102.55,2012,12,13,11,3,0,0.258819045102521,-0.9659258262890682
-3.1,-6.5,77.0,17.0,25.0,103.135,2012,11,17,4,5,1,0.8660254037844386,0.5000000000000001
-10.4,-16.2,62.0,19.0,22.750000000000004,102.47,2012,1,22,19,6,1,-0.9659258262890684,0.2588190451025203
11.2,9.0,86.0,6.0,25.0,101.49,2012,3,19,4,0,0,0.8660254037844386,0.5000000000000001
11.3,8.1,81.0,11.0,26.349999999999998,101.11,2012,6,7,5,3,0,0.9659258262890683,0.25881904510252074
6.2,4.1,86.0,6.0,25.0,101.36,2012,10,23,0,1,0,0.0,1.0
21.1,14.5,66.0,7.0,24.1,100.51,2012,7,27,9,4,0,0.7071067811865476,-0.7071067811865475
19.6,7.9,47.0,22.0,26.349999999999998,101.11,2012,8,29,9,2,0,0.7071067811865476,-0.7071067811865475
-9.8,-12.6,80.0,20.0,25.0,101.35,2012,12,28,20,4,0,-0.8660254037844386,0.5000000000000001
10.8,9.4,91.0,13.0,22.750000000000004,101.03,2012,9,30,0,6,1,0.0,1.0
-0.3,-6.3,64.0,19.0,25.0,100.54,2012,1,9,22,0,0,-0.5000000000000004,0.8660254037844384
0.5,0.1,97.0,7.0,22.750000000000004,99.71,2012,12,19,1,2,0,0.25881904510252074,0.9659258262890683
8.3,1.0,60.0,22.0,24.1,99.24,2012,4,9,17,0,0,-0.9659258262890683,-0.25881904510252063
21.1,14.1,64.0,15.0,24.1,100.06,2012,6,27,18,2,0,-1.0,-1.8369701987210297e-16
22.2,14.0,60.0,15.0,25.0,101.06,2012,5,21,22,0,0,-0.5000000000000004,0.8660254037844384
23.9,15.7,60.0,6.0,24.1,101.31,2012,8,3,20,4,0,-0.8660254037844386,0.5000000000000001
14.6,10.4,76.0,36.5,25.0,99.23,2012,10,30,1,1,0,0.25881904510252074,0.9659258262890683
19.7,11.7,60.0,4.0,24.1,101.74,2012,3,20,18,1,0,-1.0,-1.8369701987210297e-16
24.9,5.7,29.0,17.0,26.349999999999998,102.13,2012,6,15,15,4,0,-0.7071067811865471,-0.7071067811865479
6.5,1.6,71.0,15.0,25.0,101.42,2012,5,5,3,5,1,0.7071067811865476,0.7071067811865476
4.3,1.7,83.0,9.0,24.1,99.45,2012,4,10,6,1,0,1.0,6.123233995736766e-17
-6.7,-9.5,80.0,7.0,22.750000000000004,100.12,2012,1,7,6,5,1,1.0,6.123233995736766e-17
1.1,-1.8,81.0,17.0,24.1,99.32,2012,2,23,9,3,0,0.7071067811865476,-0.7071067811865475
5.3,-3.2,54.0,33.0,26.349999999999998,102.13,2012,11,13,13,1,0,-0.2588190451025208,-0.9659258262890683
20.4,18.6,89.0,11.0,24.1,100.59,2012,8,11,19,5,1,-0.9659258262890684,0.2588190451025203
8.6,7.5,93.0,9.0,22.750000000000004,101.52,2012,5,2,4,2,0,0.8660254037844386,0.5000000000000001
19.1,15.3,79.0,19.0,24.1,101.44,2012,5,25,4,4,0,0.8660254037844386,0.5000000000000001
22.3,9.3,43.0,13.0,26.349999999999998,100.8,2012,6,7,15,3,0,-0.7071067811865471,-0.7071067811865479
16.1,8.6,61.0,6.0,25.0,101.67,2012,5,20,2,6,1,0.49999999999999994,0.8660254037844387
20.1,-3.6,20.0,19.0,26.349999999999998,101.36,2012,5,7,14,0,0,-0.4999999999999997,-0.8660254037844388
8.7,2.9,67.0,17.0,26.349999999999998,100.49,2012,5,11,6,4,0,1.0,6.123233995736766e-17
-6.8,-11.1,71.0,13.0,24.1,100.34,2012,12,23,15,6,1,-0.7071067811865471,-0.7071067811865479
8.7,4.1,73.0,32.0,25.0,100.73,2012,10,22,0,0,0,0.0,1.0
-10.1,-16.1,61.0,13.0,26.349999999999998,101.92,2012,1,16,13,0,0,-0.2588190451025208,-0.9659258262890683
-0.2,-2.9,82.0,22.0,25.0,100.34,2012,1,28,1,5,1,0.25881904510252074,0.9659258262890683
18.2,12.3,68.0,19.0,24.1,101.3,2012,10,26,16,4,0,-0.8660254037844385,-0.5000000000000004
-5.2,-11.2,63.0,15.0,25.0,102.16,2012,3,7,4,2,0,0.8660254037844386,0.5000000000000001
-3.9,-9.7,64.0,15.0,25.0,101.41,2012,2,5,18,6,1,-1.0,-1.8369701987210297e-16
17.2,16.7,97.0,22.0,22.750000000000004,100.57,2012,8,11,5,5,1,0.9659258262890683,0.25881904510252074
0.5,-5.8,63.0,7.0,25.0,102.51,2012,11,15,19,3,0,-0.9659258262890684,0.2588190451025203
5.8,-5.7,43.0,20.0,25.0,101.05,2012,3,25,0,6,1,0.0,1.0
16.9,13.7,81.0,4.0,26.349999999999998,101.4,2012,7,21,6,5,1,1.0,6.123233995736766e-17
18.1,11.6,66.0,4.0,25.0,101.85,2012,3,20,20,1,0,-0.8660254037844386,0.5000000000000001
-0.6,-1.7,92.0,19.0,22.750000000000004,102.27,2012,3,15,1,3,0,0.25881904510252074,0.9659258262890683
8.6,1.5,61.0,9.0,26.349999999999998,101.77,2012,5,18,4,4,0,0.8660254037844386,0.5000000000000001
-7.2,-13.8,59.0,17.0,25.0,102.17,2012,1,8,17,6,1,-0.9659258262890683,-0.25881904510252063
17.2,11.2,68.0,17.0,24.1,101.63,2012,5,13,11,6,1,0.258819045102521,-0.9659258262890682
2.6,-4.1,61.0,24.0,24.1,100.71,2012,2,17,12,4,0,1.2246467991473532e-16,-1.0
-2.2,-9.7,56.0,15.0,25.0,101.22,2012,3,30,2,4,0,0.49999999999999994,0.8660254037844387
23.6,6.9,34.0,9.0,26.349999999999998,101.44,2012,9,2,17,6,1,-0.9659258262890683,-0.25881904510252063
-1.4,-3.6,85.0,7.0,22.750000000000004,101.26,2012,1,1,7,6,1,0.9659258262890683,-0.25881904510252063
-8.6,-15.6,57.0,28.0,25.0,101.27,2012,1,20,7,4,0,0.9659258262890683,-0.25881904510252063
20.2,17.7,86.0,15.0,25.0,100.88,2012,8,9,20,3,0,-0.8660254037844386,0.5000000000000001
-10.0,-13.8,74.0,24.0,25.0,102.14,2012,12,26,18,2,0,-1.0,-1.8369701987210297e-16
5.1,3.4,89.0,13.0,25.0,101.35,2012,12,4,7,1,0,0.9659258262890683,-0.25881904510252063
11.0,8.4,84.0,9.0,26.349999999999998,101.89,2012,9,11,7,1,0,0.9659258262890683,-0.25881904510252063
-6.4,-8.4,86.0,9.0,24.1,103.135,2012,11,18,7,6,1,0.9659258262890683,-0.25881904510252063
19.7,7.1,44.0,9.0,25.0,100.92,2012,8,29,20,2,0,-0.8660254037844386,0.5000000000000001
19.3,2.6,33.0,17.0,26.349999999999998,100.78,2012,4,19,14,3,0,-0.4999999999999997,-0.8660254037844388
-1.7,-5.4,76.0,9.0,25.0,100.79,2012,1,28,6,5,1,1.0,6.123233995736766e-17
11.6,11.4,99.0,7.0,25.0,101.33,2012,10,3,3,2,0,0.7071067811865476,0.7071067811865476
-2.9,-6.5,76.0,7.0,22.750000000000004,102.16,2012,12,12,14,2,0,-0.4999999999999997,-0.8660254037844388
22.9,21.3,91.0,17.0,22.750000000000004,99.84,2012,7,17,9,1,0,0.7071067811865476,-0.7071067811865475
4.8,-2.4,60.0,9.0,25.0,99.24,2012,4,9,1,0,0,0.25881904510252074,0.9659258262890683
25.3,16.9,60.0,22.0,26.349999999999998,100.96,2012,8,7,11,1,0,0.258819045102521,-0.9659258262890682
14.4,11.4,82.0,19.0,26.349999999999998,101.19,2012,9,21,6,4,0,1.0,6.123233995736766e-17
22.5,14.2,59.0,15.0,25.0,101.29,2012,8,22,21,2,0,-0.7071067811865477,0.7071067811865474
18.2,12.5,69.0,13.0,24.1,102.09,2012,3,21,10,2,0,0.49999999999999994,-0.8660254037844387
12.9,8.4,74.0,20.0,24.1,101.2,2012,10,28,12,6,1,1.2246467991473532e-16,-1.0
11.0,9.6,91.0,6.0,24.1,100.5,2012,9,9,6,6,1,1.0,6.123233995736766e-17
17.2,16.9,98.0,4.0,22.750000000000004,100.97,2012,8,8,4,2,0,0.8660254037844386,0.5000000000000001
5.2,-0.2,68.0,4.0,25.0,101.88,2012,3,20,4,1,0,0.8660254037844386,0.5000000000000001
2.2,1.5,95.0,19.0,22.750000000000004,99.78,2012,12,10,9,0,0,0.7071067811865476,-0.7071067811865475
9.9,2.4,60.0,7.0,25.0,101.73,2012,5,18,1,4,0,0.25881904510252074,0.9659258262890683
-3.8,-13.4,47.0,32.0,24.1,101.03,2012,3,26,6,0,0,1.0,6.123233995736766e-17
8.4,6.3,87.0,7.0,25.0,99.4,2012,10,31,20,2,0,-0.8660254037844386,0.5000000000000001
20.5,0.9,27.0,19.0,26.349999999999998,101.64,2012,5,18,16,4,0,-0.8660254037844385,-0.5000000000000004
-3.1,-4.2,92.0,24.0,22.750000000000004,101.09,2012,12,16,23,6,1,-0.25881904510252157,0.9659258262890681
29.0,13.5,39.0,17.0,26.349999999999998,101.1,2012,7,30,15,0,0,-0.7071067811865471,-0.7071067811865479
9.3,5.2,76.0,0.0,25.0,101.92,2012,3,17,20,5,1,-0.8660254037844386,0.5000000000000001
-1.0,-8.9,55.0,7.0,26.349999999999998,103.135,2012,11,17,10,5,1,0.49999999999999994,-0.8660254037844387
23.2,17.8,72.0,15.0,24.1,100.63,2012,8,12,19,6,1,-0.9659258262890684,0.2588190451025203
11.4,8.5,82.0,13.0,24.1,101.31,2012,5,3,6,3,0,1.0,6.123233995736766e-17
26.8,20.9,70.0,9.0,24.1,100.55,2012,7,16,10,0,0,0.49999999999999994,-0.8660254037844387
19.4,17.4,88.0,33.0,24.1,99.14,2012,9,18,16,1,0,-0.8660254037844385,-0.5000000000000004
11.3,-1.4,41.0,15.0,26.349999999999998,101.33,2012,4,12,15,3,0,-0.7071067811865471,-0.7071067811865479
5.4,-1.0,63.0,19.0,25.0,101.36,2012,4,14,3,5,1,0.7071067811865476,0.7071067811865476
17.1,16.4,96.0,35.0,22.750000000000004,99.66,2012,9,18,13,1,0,-0.2588190451025208,-0.9659258262890683
2.6,-5.3,56.0,15.0,25.0,102.56,2012,11,10,20,5,1,-0.8660254037844386,0.5000000000000001
-17.9,-23.5,62.0,20.0,24.1,100.84,2012,1,14,8,5,1,0.8660254037844387,-0.4999999999999998
-12.7,-18.7,61.0,22.0,25.0,101.78,2012,1,18,19,2,0,-0.9659258262890684,0.2588190451025203
-2.3,-9.3,59.0,17.0,25.0,102.12,2012,12,6,1,3,0,0.25881904510252074,0.9659258262890683
14.7,9.6,71.0,17.0,25.0,102.03,2012,6,16,3,5,1,0.7071067811865476,0.7071067811865476
12.0,8.3,78.0,9.0,24.1,101.05,2012,6,7,4,3,0,0.8660254037844386,0.5000000000000001
16.4,7.3,55.0,24.0,24.1,101.31,2012,5,28,6,0,0,1.0,6.123233995736766e-17
-12.9,-17.0,71.0,11.0,25.0,102.22,2012,1,23,0,0,0,0.0,1.0
30.2,12.2,33.0,30.0,26.349999999999998,99.43,2012,6,29,17,4,0,-0.9659258262890683,-0.25881904510252063
28.5,17.0,50.0,35.0,26.349999999999998,100.61,2012,8,30,15,3,0,-0.7071067811865471,-0.7071067811865479
-3.4,-8.9,66.0,9.0,26.349999999999998,102.53,2012,12,6,9,3,0,0.7071067811865476,-0.7071067811865475
1.8,-3.7,67.0,36.5,24.1,99.14,2012,1,2,9,0,0,0.7071067811865476,-0.7071067811865475
-1.8,-12.8,43.0,32.0,26.349999999999998,101.45,2012,2,8,15,2,0,-0.7071067811865471,-0.7071067811865479
-7.7,-14.0,61.0,7.0,25.0,101.97,2012,2,4,19,5,1,-0.9659258262890684,0.2588190451025203
19.3,13.1,67.0,17.0,24.1,101.01,2012,6,12,5,1,0,0.9659258262890683,0.25881904510252074
-7.5,-10.5,79.0,6.0,22.750000000000004,100.1,2012,1,7,4,5,1,0.8660254037844386,0.5000000000000001
24.8,9.1,37.0,11.0,26.349999999999998,101.91,2012,5,20,10,6,1,0.49999999999999994,-0.8660254037844387
5.2,-0.6,66.0,28.0,24.1,99.52,2012,2,22,12,2,0,1.2246467991473532e-16,-1.0
19.6,18.5,93.0,24.0,22.750000000000004,100.63,2012,8,10,19,4,0,-0.9659258262890684,0.2588190451025203
23.1,17.8,72.0,13.0,24.1,100.94,2012,7,23,5,0,0,0.9659258262890683,0.25881904510252074
20.3,14.3,68.0,11.0,24.1,101.12,2012,5,15,11,1,0,0.258819045102521,-0.9659258262890682
13.7,9.6,76.0,19.0,25.0,101.23,2012,9,21,0,4,0,0.0,1.0
9.9,1.3,55.0,20.0,25.0,100.94,2012,4,20,2,4,0,0.49999999999999994,0.8660254037844387
28.8,9.0,29.0,26.0,26.349999999999998,101.29,2012,5,21,14,0,0,-0.4999999999999997,-0.8660254037844388
24.2,13.3,51.0,13.0,26.349999999999998,101.84,2012,8,24,10,4,0,0.49999999999999994,-0.8660254037844387
-2.7,-6.8,73.0,13.0,25.0,102.06,2012,12,6,18,3,0,-1.0,-1.8369701987210297e-16
7.0,5.0,87.0,9.0,22.750000000000004,101.52,2012,10,26,5,4,0,0.9659258262890683,0.25881904510252074
15.9,9.1,64.0,13.0,24.1,101.66,2012,3,19,17,0,0,-0.9659258262890683,-0.25881904510252063
1.6,-3.4,69.0,9.0,25.0,100.08,2012,1,28,18,5,1,-1.0,-1.8369701987210297e-16
14.2,12.0,87.0,13.0,24.1,101.63,2012,5,13,7,6,1,0.9659258262890683,-0.25881904510252063
-2.3,-7.0,70.0,15.0,25.0,100.84,2012,1,29,22,6,1,-0.5000000000000004,0.8660254037844384
3.2,-2.3,67.0,30.0,24.1,100.72,2012,1,24,12,1,0,1.2246467991473532e-16,-1.0
15.4,12.9,85.0,15.0,22.750000000000004,99.9,2012,6,26,21,1,0,-0.7071067811865477,0.7071067811865474
1.9,-6.1,55.0,9.0,25.0,100.54,2012,2,21,18,1,0,-1.0,-1.8369701987210297e-16
6.8,-10.8,27.0,11.0,25.0,101.26,2012,4,6,22,4,0,-0.5000000000000004,0.8660254037844384
18.1,11.5,65.0,17.0,26.349999999999998,101.2,2012,7,28,6,5,1,1.0,6.123233995736766e-17
13.7,12.5,92.0,11.0,25.0,99.43,2012,10,31,3,2,0,0.7071067811865476,0.7071067811865476
25.0,17.2,62.0,19.0,26.349999999999998,100.64,2012,7,5,18,3,0,-1.0,-1.8369701987210297e-16
12.2,10.2,88.0,19.0,22.750000000000004,100.72,2012,9,30,11,6,1,0.258819045102521,-0.9659258262890682
16.9,6.9,52.0,15.0,25.0,100.97,2012,8,28,20,1,0,-0.8660254037844386,0.5000000000000001
10.6,9.1,90.0,0.0,25.0,101.95,2012,3,21,4,2,0,0.8660254037844386,0.5000000000000001
11.0,7.8,81.0,0.0,22.750000000000004,101.15,2012,5,1,14,1,0,-0.4999999999999997,-0.8660254037844388
25.4,10.9,40.0,15.0,26.349999999999998,101.27,2012,8,22,17,2,0,-0.9659258262890683,-0.25881904510252063
20.4,18.6,89.0,7.0,25.0,100.62,2012,8,1,6,2,0,1.0,6.123233995736766e-17
-12.6,-15.1,82.0,7.0,22.750000000000004,102.42,2012,2,3,4,4,0,0.8660254037844386,0.5000000000000001
-7.7,-11.0,77.0,30.0,26.349999999999998,101.25,2012,12,28,16,4,0,-0.8660254037844385,-0.5000000000000004
4.8,3.4,91.0,19.0,24.1,99.74,2012,11,2,15,4,0,-0.7071067811865471,-0.7071067811865479
21.7,17.8,79.0,0.0,26.349999999999998,100.79,2012,8,16,9,3,0,0.7071067811865476,-0.7071067811865475
-9.5,-11.2,87.0,26.0,22.750000000000004,100.33,2012,12,29,19,5,1,-0.9659258262890684,0.2588190451025203
26.3,21.0,73.0,11.0,25.0,100.46,2012,7,6,23,4,0,-0.25881904510252157,0.9659258262890681
-9.9,-13.9,73.0,11.0,25.0,101.79,2012,1,23,5,0,0,0.9659258262890683,0.25881904510252074
26.2,16.9,57.0,15.0,26.349999999999998,100.58,2012,8,12,15,6,1,-0.7071067811865471,-0.7071067811865479
1.1,-0.2,91.0,6.0,22.750000000000004,101.04,2012,12,19,17,2,0,-0.9659258262890683,-0.25881904510252063
25.3,16.6,59.0,20.0,25.0,101.09,2012,6,11,21,0,0,-0.7071067811865477,0.7071067811865474
12.2,10.6,90.0,6.0,22.750000000000004,100.31,2012,5,8,21,1,0,-0.7071067811865477,0.7071067811865474
5.5,-5.9,44.0,20.0,26.349999999999998,99.83,2012,4,4,8,2,0,0.8660254037844387,-0.4999999999999998
18.6,9.5,55.0,17.0,26.349999999999998,102.4,2012,6,15,8,4,0,0.8660254037844387,-0.4999999999999998
23.2,14.1,57.0,9.0,26.349999999999998,101.4,2012,7,21,10,5,1,0.49999999999999994,-0.8660254037844387
11.4,11.1,98.0,13.0,22.750000000000004,101.58,2012,10,4,7,3,0,0.9659258262890683,-0.25881904510252063
13.8,10.4,80.0,11.0,25.0,100.99,2012,5,3,23,3,0,-0.25881904510252157,0.9659258262890681
3.2,1.2,87.0,4.0,24.1,100.58,2012,4,11,7,2,0,0.9659258262890683,-0.25881904510252063
3.1,-0.4,78.0,28.0,22.750000000000004,100.61,2012,1,23,17,0,0,-0.9659258262890683,-0.25881904510252063
16.3,12.8,80.0,11.0,25.0,101.21,2012,9,1,4,5,1,0.8660254037844386,0.5000000000000001
3.9,-4.3,55.0,11.0,26.349999999999998,101.09,2012,12,7,14,4,0,-0.4999999999999997,-0.8660254037844388
-10.6,-13.1,82.0,13.0,25.0,101.51,2012,12,25,2,1,0,0.49999999999999994,0.8660254037844387
9.5,2.3,61.0,19.0,26.349999999999998,100.54,2012,5,11,7,4,0,0.9659258262890683,-0.25881904510252063
14.8,11.3,80.0,17.0,24.1,100.06,2012,10,1,12,0,0,1.2246467991473532e-16,-1.0
25.9,18.3,63.0,11.0,24.1,100.52,2012,9,5,13,2,0,-0.2588190451025208,-0.9659258262890683
20.7,19.9,95.0,9.0,22.750000000000004,100.68,2012,9,4,20,1,0,-0.8660254037844386,0.5000000000000001
-12.0,-16.5,69.0,9.0,25.0,102.6,2012,11,30,1,4,0,0.25881904510252074,0.9659258262890683
4.9,2.2,83.0,17.0,22.750000000000004,100.68,2012,3,13,17,1,0,-0.9659258262890683,-0.25881904510252063
23.2,10.2,44.0,24.0,26.349999999999998,100.8,2012,7,18,12,2,0,1.2246467991473532e-16,-1.0
8.1,6.4,89.0,4.0,25.0,99.38,2012,10,31,23,2,0,-0.25881904510252157,0.9659258262890681
24.4,12.9,49.0,24.0,26.349999999999998,101.44,2012,8,22,12,2,0,1.2246467991473532e-16,-1.0
-10.8,-20.1,46.0,9.0,25.0,102.21,2012,2,7,22,1,0,-0.5000000000000004,0.8660254037844384
-11.9,-15.4,75.0,32.0,24.1,100.89,2012,12,30,11,6,1,0.258819045102521,-0.9659258262890682
-1.3,-10.6,49.0,24.0,26.349999999999998,101.33,2012,11,26,12,0,0,1.2246467991473532e-16,-1.0
22.4,15.9,67.0,19.0,25.0,101.31,2012,5,24,21,3,0,-0.7071067811865477,0.7071067811865474
-0.7,-5.7,69.0,6.0,25.0,102.91,2012,11,14,1,2,0,0.25881904510252074,0.9659258262890683
13.8,7.2,64.0,9.0,25.0,100.97,2012,6,6,1,2,0,0.25881904510252074,0.9659258262890683
4.4,2.6,88.0,20.0,25.0,99.48,2012,11,2,6,4,0,1.0,6.123233995736766e-17
12.0,7.2,72.0,9.0,26.349999999999998,101.05,2012,6,6,5,2,0,0.9659258262890683,0.25881904510252074
3.0,-4.4,58.0,30.0,24.1,100.63,2012,2,17,15,4,0,-0.7071067811865471,-0.7071067811865479
22.0,7.4,39.0,17.0,26.349999999999998,101.32,2012,5,14,13,0,0,-0.2588190451025208,-0.9659258262890683
22.3,11.4,50.0,4.0,25.0,101.01,2012,7,28,1,5,1,0.25881904510252074,0.9659258262890683
24.2,15.6,59.0,11.0,25.0,101.34,2012,7,14,2,5,1,0.49999999999999994,0.8660254037844387
22.7,19.2,81.0,13.0,24.1,99.89,2012,7,24,8,1,0,0.8660254037844387,-0.4999999999999998
-5.5,-7.9,83.0,19.0,22.750000000000004,101.15,2012,3,2,3,4,0,0.7071067811865476,0.7071067811865476
18.5,16.2,86.0,19.0,22.750000000000004,100.47,2012,6,12,20,1,0,-0.8660254037844386,0.5000000000000001
21.8,19.1,85.0,26.0,25.0,100.53,2012,8,28,0,1,0,0.0,1.0
-7.6,-14.3,59.0,28.0,25.0,101.13,2012,1,20,6,4,0,1.0,6.123233995736766e-17
26.7,18.4,60.0,20.0,24.1,101.03,2012,8,27,13,0,0,-0.2588190451025208,-0.9659258262890683
1.9,0.6,91.0,15.0,25.0,101.54,2012,3,16,1,4,0,0.25881904510252074,0.9659258262890683
24.4,17.0,63.0,6.0,25.0,100.28,2012,7,17,1,1,0,0.25881904510252074,0.9659258262890683
17.2,10.2,63.0,15.0,24.1,100.07,2012,5,30,6,2,0,1.0,6.123233995736766e-17
4.8,2.3,84.0,15.0,25.0,100.69,2012,11,3,19,5,1,-0.9659258262890684,0.2588190451025203
4.8,-9.3,35.0,15.0,26.349999999999998,101.26,2012,3,30,16,4,0,-0.8660254037844385,-0.5000000000000004
3.9,2.5,91.0,17.0,24.1,99.58,2012,11,2,8,4,0,0.8660254037844387,-0.4999999999999998
-3.5,-7.9,72.0,24.0,25.0,101.12,2012,2,9,3,3,0,0.7071067811865476,0.7071067811865476
28.2,16.6,49.0,19.0,24.1,101.07,2012,8,3,13,4,0,-0.2588190451025208,-0.9659258262890683
26.5,9.2,34.0,6.0,26.349999999999998,101.42,2012,6,10,15,6,1,-0.7071067811865471,-0.7071067811865479
-9.7,-12.5,80.0,4.0,25.0,102.33,2012,2,3,0,4,0,0.0,1.0
23.3,20.2,83.0,6.0,24.1,100.09,2012,7,4,19,2,0,-0.9659258262890684,0.2588190451025203
4.9,-2.6,58.0,15.0,24.1,102.49,2012,11,16,13,4,0,-0.2588190451025208,-0.9659258262890683
-17.2,-21.5,69.0,0.0,25.0,102.79,2012,1,22,4,6,1,0.8660254037844386,0.5000000000000001
-14.2,-19.8,62.0,13.0,25.0,101.92,2012,1,18,22,2,0,-0.5000000000000004,0.8660254037844384
23.1,18.9,77.0,9.0,25.0,100.52,2012,8,31,19,4,0,-0.9659258262890684,0.2588190451025203
27.4,14.1,44.0,4.0,26.349999999999998,101.0,2012,8,8,13,2,0,-0.2588190451025208,-0.9659258262890683
12.2,5.7,64.0,32.0,24.1,100.39,2012,10,21,15,6,1,-0.7071067811865471,-0.7071067811865479
15.8,15.3,97.0,4.0,22.750000000000004,101.13,2012,10,4,17,3,0,-0.9659258262890683,-0.25881904510252063
-9.1,-15.1,62.0,19.0,26.349999999999998,102.71,2012,12,15,12,5,1,1.2246467991473532e-16,-1.0
4.6,-0.5,69.0,15.0,25.0,101.42,2012,11,9,18,4,0,-1.0,-1.8369701987210297e-16
20.7,17.3,81.0,13.0,24.1,101.01,2012,8,9,7,3,0,0.9659258262890683,-0.25881904510252063
12.9,12.3,96.0,7.0,22.750000000000004,100.45,2012,10,19,16,4,0,-0.8660254037844385,-0.5000000000000004
21.7,16.1,70.0,6.0,25.0,100.71,2012,8,15,20,2,0,-0.8660254037844386,0.5000000000000001
-6.3,-10.5,72.0,7.0,25.0,101.53,2012,2,19,7,6,1,0.9659258262890683,-0.25881904510252063
-21.3,-26.5,63.0,6.0,25.0,102.19,2012,1,15,5,6,1,0.9659258262890683,0.25881904510252074
17.6,8.9,57.0,6.0,25.0,101.29,2012,5,27,23,6,1,-0.25881904510252157,0.9659258262890681
4.8,0.8,75.0,15.0,24.1,100.18,2012,10,16,7,1,0,0.9659258262890683,-0.25881904510252063
11.6,4.5,62.0,7.0,26.349999999999998,101.42,2012,6,1,6,4,0,1.0,6.123233995736766e-17
-2.0,-4.4,84.0,9.0,22.750000000000004,102.03,2012,11,20,8,1,0,0.8660254037844387,-0.4999999999999998
5.5,-1.6,60.0,7.0,24.1,101.25,2012,3,7,18,2,0,-1.0,-1.8369701987210297e-16
9.8,7.1,83.0,28.0,24.1,100.26,2012,10,21,7,6,1,0.9659258262890683,-0.25881904510252063
12.2,-2.1,37.0,11.0,26.349999999999998,101.73,2012,10,24,15,2,0,-0.7071067811865471,-0.7071067811865479
22.3,13.2,56.0,7.0,24.1,100.99,2012,6,18,20,0,0,-0.8660254037844386,0.5000000000000001
15.4,13.5,88.0,9.0,25.0,100.89,2012,5,4,20,4,0,-0.8660254037844386,0.5000000000000001
20.5,16.9,80.0,6.0,24.1,101.28,2012,7,30,6,0,0,1.0,6.123233995736766e-17
-5.0,-8.2,78.0,7.0,22.750000000000004,101.32,2012,2,2,0,3,0,0.0,1.0
19.0,11.4,61.0,13.0,24.1,99.78,2012,5,9,15,2,0,-0.7071067811865471,-0.7071067811865479
12.5,3.5,54.0,4.0,26.349999999999998,100.87,2012,10,17,16,2,0,-0.8660254037844385,-0.5000000000000004
-10.4,-15.9,64.0,19.0,26.349999999999998,102.74,2012,12,15,9,5,1,0.7071067811865476,-0.7071067811865475
-13.4,-15.2,86.0,4.0,22.750000000000004,101.33,2012,12,29,3,5,1,0.7071067811865476,0.7071067811865476
5.2,3.6,89.0,6.0,22.750000000000004,100.58,2012,3,25,11,6,1,0.258819045102521,-0.9659258262890682
4.7,-0.8,67.0,4.0,26.349999999999998,101.28,2012,4,19,6,3,0,1.0,6.123233995736766e-17
7.8,4.4,79.0,15.0,24.1,101.0,2012,10,22,7,0,0,0.9659258262890683,-0.25881904510252063
31.2,14.6,37.0,20.0,26.349999999999998,101.51,2012,7,13,13,4,0,-0.2588190451025208,-0.9659258262890683
30.1,19.2,52.0,9.0,25.0,101.62,2012,8,4,12,5,1,1.2246467991473532e-16,-1.0
20.4,8.8,47.0,15.0,26.349999999999998,101.59,2012,9,1,9,5,1,0.7071067811865476,-0.7071067811865475
-4.7,-7.6,80.0,24.0,22.750000000000004,99.56,2012,1,12,21,3,0,-0.7071067811865477,0.7071067811865474
-12.4,-16.2,73.0,36.5,26.349999999999998,100.92,2012,12,30,13,6,1,-0.2588190451025208,-0.9659258262890683
17.0,11.5,70.0,11.0,25.0,100.92,2012,8,30,1,3,0,0.25881904510252074,0.9659258262890683
15.0,4.6,50.0,13.0,26.349999999999998,101.59,2012,10,9,15,1,0,-0.7071067811865471,-0.7071067811865479
0.4,-1.8,85.0,17.0,25.0,100.15,2012,3,29,2,3,0,0.49999999999999994,0.8660254037844387
24.5,12.2,46.0,28.0,26.349999999999998,100.11,2012,7,24,14,1,0,-0.4999999999999997,-0.8660254037844388
20.7,14.8,69.0,6.0,24.1,101.12,2012,6,19,8,1,0,0.8660254037844387,-0.4999999999999998
24.2,8.1,36.0,24.0,26.349999999999998,100.86,2012,8,29,16,2,0,-0.8660254037844385,-0.5000000000000004
-4.4,-10.0,65.0,15.0,25.0,100.92,2012,1,30,1,0,0,0.25881904510252074,0.9659258262890683
11.8,5.9,67.0,15.0,25.0,100.18,2012,5,29,3,1,0,0.7071067811865476,0.7071067811865476
27.8,16.2,49.0,33.0,26.349999999999998,100.54,2012,8,30,16,3,0,-0.8660254037844385,-0.5000000000000004
-5.2,-8.2,79.0,4.0,25.0,102.12,2012,2,21,4,1,0,0.8660254037844386,0.5000000000000001
16.5,7.5,55.0,13.0,26.349999999999998,102.28,2012,6,14,7,3,0,0.9659258262890683,-0.25881904510252063
25.5,11.0,40.0,17.0,26.349999999999998,101.69,2012,3,21,16,2,0,-0.8660254037844385,-0.5000000000000004
3.0,-4.3,59.0,22.0,24.1,100.66,2012,2,17,13,4,0,-0.2588190451025208,-0.9659258262890683
-2.5,-4.2,88.0,33.0,22.750000000000004,99.015,2012,2,25,12,5,1,1.2246467991473532e-16,-1.0
-9.0,-11.0,85.0,4.0,25.0,101.98,2012,11,27,1,1,0,0.25881904510252074,0.9659258262890683
-0.7,-6.1,67.0,30.0,25.0,101.45,2012,11,28,22,2,0,-0.5000000000000004,0.8660254037844384
19.5,9.0,51.0,11.0,24.1,101.59,2012,5,13,13,6,1,-0.2588190451025208,-0.9659258262890683
7.9,-12.0,23.0,28.0,26.349999999999998,100.59,2012,4,2,16,0,0,-0.8660254037844385,-0.5000000000000004
-4.7,-6.6,87.0,4.0,25.0,103.09,2012,11,14,5,2,0,0.9659258262890683,0.25881904510252074
11.8,11.6,99.0,4.0,22.750000000000004,99.88,2012,10,20,7,5,1,0.9659258262890683,-0.25881904510252063
20.2,5.4,38.0,13.0,26.349999999999998,101.68,2012,5,27,13,6,1,-0.2588190451025208,-0.9659258262890683
22.2,17.0,72.0,11.0,25.0,100.52,2012,7,7,5,5,1,0.9659258262890683,0.25881904510252074
23.9,6.9,34.0,26.0,26.349999999999998,101.22,2012,5,12,15,5,1,-0.7071067811865471,-0.7071067811865479
17.6,10.6,64.0,11.0,26.349999999999998,99.75,2012,10,20,13,5,1,-0.2588190451025208,-0.9659258262890683
-3.0,-4.1,92.0,24.0,22.750000000000004,100.91,2012,12,17,4,0,0,0.8660254037844386,0.5000000000000001
15.6,12.7,83.0,11.0,22.750000000000004,99.69,2012,6,27,2,2,0,0.49999999999999994,0.8660254037844387
10.6,7.9,83.0,6.0,25.0,101.37,2012,3,18,23,6,1,-0.25881904510252157,0.9659258262890681
-7.8,-12.1,71.0,9.0,22.750000000000004,100.61,2012,1,4,20,2,0,-0.8660254037844386,0.5000000000000001
29.0,18.5,53.0,22.0,24.1,100.45,2012,7,6,14,4,0,-0.4999999999999997,-0.8660254037844388
8.4,-6.4,34.0,4.0,24.1,101.34,2012,4,7,16,5,1,-0.8660254037844385,-0.5000000000000004
5.7,-8.5,35.0,17.0,26.349999999999998,101.54,2012,4,7,10,5,1,0.49999999999999994,-0.8660254037844387
20.7,4.0,33.0,26.0,26.349999999999998,100.65,2012,4,19,16,3,0,-0.8660254037844385,-0.5000000000000004
7.1,-8.2,33.0,7.0,25.0,100.36,2012,4,3,21,1,0,-0.7071067811865477,0.7071067811865474
-1.8,-4.2,84.0,17.0,22.750000000000004,100.75,2012,3,2,19,4,0,-0.9659258262890684,0.2588190451025203
3.7,-2.1,66.0,13.0,25.0,100.61,2012,11,23,6,4,0,1.0,6.123233995736766e-17
5.5,-1.4,61.0,11.0,25.0,100.92,2012,3,8,1,3,0,0.25881904510252074,0.9659258262890683
21.6,13.2,59.0,28.0,26.349999999999998,99.85,2012,6,30,6,5,1,1.0,6.123233995736766e-17
0.8,-1.4,85.0,35.0,22.750000000000004,100.25,2012,3,8,23,3,0,-0.25881904510252157,0.9659258262890681
2.3,-2.7,69.0,26.0,24.1,100.33,2012,4,27,8,4,0,0.8660254037844387,-0.4999999999999998
15.3,8.8,65.0,28.0,25.0,100.2,2012,6,3,19,6,1,-0.9659258262890684,0.2588190451025203
23.9,19.3,75.0,6.0,25.0,100.21,2012,7,17,2,1,0,0.49999999999999994,0.8660254037844387
20.9,18.2,85.0,11.0,25.0,100.83,2012,8,14,2,1,0,0.49999999999999994,0.8660254037844387
17.9,14.8,82.0,9.0,25.0,100.38,2012,7,5,0,3,0,0.0,1.0
11.1,9.1,87.0,32.0,22.750000000000004,100.41,2012,5,8,9,1,0,0.7071067811865476,-0.7071067811865475
-0.7,-3.4,82.0,15.0,25.0,101.72,2012,12,20,4,3,0,0.8660254037844386,0.5000000000000001
0.6,-1.0,89.0,6.0,22.750000000000004,99.14,2012,2,23,3,3,0,0.7071067811865476,0.7071067811865476
-5.8,-8.6,81.0,33.0,22.750000000000004,100.09,2012,1,12,13,3,0,-0.2588190451025208,-0.9659258262890683
17.5,9.5,59.0,6.0,26.349999999999998,101.09,2012,6,7,9,3,0,0.7071067811865476,-0.7071067811865475
11.8,7.6,75.0,22.0,25.0,100.32,2012,6,4,2,0,0,0.49999999999999994,0.8660254037844387
20.8,15.8,73.0,13.0,25.0,101.16,2012,9,4,2,1,0,0.49999999999999994,0.8660254037844387
13.1,9.6,79.0,13.0,24.1,100.52,2012,6,2,9,5,1,0.7071067811865476,-0.7071067811865475
22.9,17.8,73.0,15.0,25.0,100.6,2012,8,3,4,4,0,0.8660254037844386,0.5000000000000001
-9.9,-15.1,66.0,28.0,25.0,101.42,2012,2,26,3,6,1,0.7071067811865476,0.7071067811865476
-21.1,-26.6,61.0,9.0,25.0,101.86,2012,1,15,1,6,1,0.25881904510252074,0.9659258262890683
13.9,4.8,54.0,13.0,25.0,100.73,2012,4,19,22,3,0,-0.5000000000000004,0.8660254037844384
14.2,11.1,82.0,7.0,25.0,101.11,2012,7,19,1,3,0,0.25881904510252074,0.9659258262890683
-3.9,-8.0,73.0,11.0,25.0,101.17,2012,2,9,2,3,0,0.49999999999999994,0.8660254037844387
17.7,16.1,90.0,33.0,22.750000000000004,99.52,2012,9,18,23,1,0,-0.25881904510252157,0.9659258262890681
25.2,13.5,48.0,20.0,24.1,100.95,2012,6,18,17,0,0,-0.9659258262890683,-0.25881904510252063
-19.3,-26.1,55.0,9.0,26.349999999999998,102.68,2012,1,15,11,6,1,0.258819045102521,-0.9659258262890682
15.1,9.2,68.0,17.0,25.0,100.84,2012,9,26,5,2,0,0.9659258262890683,0.25881904510252074
23.5,8.1,37.0,30.0,26.349999999999998,100.05,2012,5,30,13,2,0,-0.2588190451025208,-0.9659258262890683
-9.0,-13.8,68.0,13.0,26.349999999999998,101.71,2012,1,16,14,0,0,-0.4999999999999997,-0.8660254037844388
0.8,-9.1,47.0,6.0,25.0,101.55,2012,4,28,23,5,1,-0.25881904510252157,0.9659258262890681
16.2,12.8,80.0,33.0,24.1,100.36,2012,9,22,7,5,1,0.9659258262890683,-0.25881904510252063
10.3,-1.1,45.0,13.0,26.349999999999998,101.38,2012,4,12,14,3,0,-0.4999999999999997,-0.8660254037844388
-1.9,-3.8,87.0,4.0,25.0,102.52,2012,10,13,4,5,1,0.8660254037844386,0.5000000000000001
-4.3,-7.0,81.0,7.0,25.0,103.01,2012,11,19,6,0,0,1.0,6.123233995736766e-17
0.3,-2.7,80.0,17.0,25.0,101.23,2012,12,20,19,3,0,-0.9659258262890684,0.2588190451025203
6.0,-7.3,38.0,0.0,26.349999999999998,102.37,2012,4,30,7,0,0,0.9659258262890683,-0.25881904510252063
28.0,11.6,36.0,22.0,26.349999999999998,100.54,2012,7,2,16,0,0,-0.8660254037844385,-0.5000000000000004
20.9,6.8,40.0,11.0,26.349999999999998,100.76,2012,6,5,18,1,0,-1.0,-1.8369701987210297e-16
13.6,13.0,96.0,0.0,22.750000000000004,101.42,2012,10,4,12,3,0,1.2246467991473532e-16,-1.0
-1.8,-6.9,68.0,11.0,26.349999999999998,101.97,2012,3,11,7,6,1,0.9659258262890683,-0.25881904510252063
-10.1,-14.5,70.0,28.0,25.0,102.15,2012,12,16,3,6,1,0.7071067811865476,0.7071067811865476
14.9,6.3,56.0,19.0,26.349999999999998,101.31,2012,9,10,11,0,0,0.258819045102521,-0.9659258262890682
25.5,11.5,42.0,19.0,26.349999999999998,101.35,2012,8,22,14,2,0,-0.4999999999999997,-0.8660254037844388
25.3,14.5,51.0,11.0,26.349999999999998,100.52,2012,7,1,17,6,1,-0.9659258262890683,-0.25881904510252063
12.6,9.8,83.0,19.0,24.1,101.12,2012,9,29,14,5,1,-0.4999999999999997,-0.8660254037844388
10.2,-1.1,45.0,36.5,26.349999999999998,101.5,2012,4,17,9,1,0,0.7071067811865476,-0.7071067811865475
28.8,19.1,56.0,22.0,24.1,100.58,2012,7,31,16,1,0,-0.8660254037844385,-0.5000000000000004
13.6,4.8,55.0,22.0,26.349999999999998,101.5,2012,10,9,17,1,0,-0.9659258262890683,-0.25881904510252063
0.7,-8.5,50.0,17.0,26.349999999999998,101.33,2012,3,31,8,5,1,0.8660254037844387,-0.4999999999999998
14.6,12.7,88.0,15.0,22.750000000000004,99.16,2012,10,31,9,2,0,0.7071067811865476,-0.7071067811865475
5.7,1.8,76.0,15.0,24.1,99.53,2012,4,10,9,1,0,0.7071067811865476,-0.7071067811865475
5.5,4.5,93.0,11.0,22.750000000000004,101.11,2012,10,14,6,6,1,1.0,6.123233995736766e-17
12.8,8.5,75.0,13.0,25.0,101.59,2012,3,22,5,3,0,0.9659258262890683,0.25881904510252074
-11.3,-14.4,78.0,11.0,24.1,101.79,2012,12,25,8,1,0,0.8660254037844387,-0.4999999999999998
25.0,22.0,83.0,22.0,22.750000000000004,100.28,2012,8,5,18,6,1,-1.0,-1.8369701987210297e-16
9.3,4.9,74.0,17.0,25.0,100.75,2012,10,21,23,6,1,-0.25881904510252157,0.9659258262890681
-6.7,-9.1,83.0,32.0,22.750000000000004,99.75,2012,12,22,19,5,1,-0.9659258262890684,0.2588190451025203
0.1,-2.5,83.0,9.0,22.750000000000004,102.36,2012,12,13,13,3,0,-0.2588190451025208,-0.9659258262890683
15.0,10.9,76.0,22.0,24.1,100.14,2012,6,25,19,0,0,-0.9659258262890684,0.2588190451025203
23.0,14.7,60.0,13.0,26.349999999999998,100.21,2012,6,28,11,3,0,0.258819045102521,-0.9659258262890682
-3.7,-6.3,82.0,15.0,24.1,101.96,2012,11,7,7,2,0,0.9659258262890683,-0.25881904510252063
-2.5,-7.7,67.0,26.0,25.0,101.18,2012,2,5,21,6,1,-0.7071067811865477,0.7071067811865474
2.0,-2.0,75.0,13.0,24.1,102.57,2012,11,16,10,4,0,0.49999999999999994,-0.8660254037844387
2.6,-0.3,81.0,22.0,24.1,101.98,2012,3,15,18,3,0,-1.0,-1.8369701987210297e-16
9.8,6.0,77.0,6.0,25.0,101.55,2012,9,10,21,0,0,-0.7071067811865477,0.7071067811865474
16.4,14.9,91.0,13.0,24.1,100.32,2012,9,22,17,5,1,-0.9659258262890683,-0.25881904510252063
22.2,5.4,34.0,15.0,26.349999999999998,100.74,2012,6,5,17,1,0,-0.9659258262890683,-0.25881904510252063
1.7,-1.9,77.0,4.0,24.1,101.87,2012,11,22,8,3,0,0.8660254037844387,-0.4999999999999998
-11.2,-18.1,57.0,24.0,25.0,101.4,2012,1,11,20,2,0,-0.8660254037844386,0.5000000000000001
-5.2,-6.7,89.0,36.5,22.750000000000004,100.35,2012,12,27,14,3,0,-0.4999999999999997,-0.8660254037844388
23.4,18.0,72.0,15.0,25.0,100.54,2012,8,3,3,4,0,0.7071067811865476,0.7071067811865476
-5.2,-9.7,71.0,9.0,24.1,101.59,2012,2,19,9,6,1,0.7071067811865476,-0.7071067811865475
18.7,16.3,86.0,0.0,25.0,100.37,2012,8,17,3,4,0,0.7071067811865476,0.7071067811865476
0.2,-7.4,57.0,17.0,25.0,101.52,2012,4,28,0,5,1,0.0,1.0
9.2,-0.2,52.0,11.0,26.349999999999998,101.23,2012,10,7,16,6,1,-0.8660254037844385,-0.5000000000000004
-5.7,-8.6,80.0,15.0,22.750000000000004,100.36,2012,2,1,9,2,0,0.7071067811865476,-0.7071067811865475
18.1,8.4,53.0,19.0,26.349999999999998,100.67,2012,9,9,14,6,1,-0.4999999999999997,-0.8660254037844388
5.8,0.9,71.0,7.0,25.0,100.68,2012,4,26,0,3,0,0.0,1.0
25.7,18.2,63.0,15.0,24.1,100.51,2012,8,1,13,2,0,-0.2588190451025208,-0.9659258262890683
-8.2,-12.5,71.0,30.0,25.0,100.36,2012,12,23,2,6,1,0.49999999999999994,0.8660254037844387
1.9,0.1,88.0,13.0,22.750000000000004,100.56,2012,12,17,22,0,0,-0.5000000000000004,0.8660254037844384
30.2,15.5,41.0,17.0,26.349999999999998,101.81,2012,8,26,14,6,1,-0.4999999999999997,-0.8660254037844388
20.3,7.9,45.0,17.0,26.349999999999998,102.39,2012,6,15,9,4,0,0.7071067811865476,-0.7071067811865475
24.6,10.8,42.0,9.0,24.1,101.14,2012,7,28,20,5,1,-0.8660254037844386,0.5000000000000001
24.1,9.6,40.0,24.0,26.349999999999998,100.77,2012,7,18,16,2,0,-0.8660254037844385,-0.5000000000000004
9.5,8.6,94.0,4.0,22.750000000000004,102.07,2012,3,21,6,2,0,1.0,6.123233995736766e-17
8.8,5.8,81.0,11.0,26.349999999999998,101.79,2012,3,18,8,6,1,0.8660254037844387,-0.4999999999999998
22.6,10.9,48.0,17.0,26.349999999999998,100.88,2012,7,18,18,2,0,-1.0,-1.8369701987210297e-16
28.3,18.8,56.0,20.0,26.349999999999998,101.11,2012,7,22,13,6,1,-0.2588190451025208,-0.9659258262890683
-7.9,-14.5,59.0,22.0,24.1,100.44,2012,2,13,7,0,0,0.9659258262890683,-0.25881904510252063
7.0,0.0,61.0,13.0,25.0,100.67,2012,4,25,21,2,0,-0.7071067811865477,0.7071067811865474
-11.2,-13.2,85.0,9.0,22.750000000000004,102.47,2012,2,3,5,4,0,0.9659258262890683,0.25881904510252074
0.8,-1.6,84.0,7.0,24.1,100.52,2012,3,29,7,3,0,0.9659258262890683,-0.25881904510252063
2.6,2.6,100.0,0.0,22.750000000000004,102.37,2012,3,17,10,5,1,0.49999999999999994,-0.8660254037844387
11.6,3.5,57.0,28.0,25.0,99.75,2012,10,15,23,0,0,-0.25881904510252157,0.9659258262890681
12.8,11.5,92.0,9.0,22.750000000000004,100.79,2012,10,19,11,4,0,0.258819045102521,-0.9659258262890682
-1.2,-2.2,93.0,4.0,22.750000000000004,100.38,2012,4,2,4,0,0,0.8660254037844386,0.5000000000000001
17.1,11.8,71.0,11.0,24.1,101.21,2012,5,23,10,2,0,0.49999999999999994,-0.8660254037844387
-5.5,-11.3,64.0,0.0,25.0,101.99,2012,1,25,22,2,0,-0.5000000000000004,0.8660254037844384
11.9,11.8,99.0,4.0,24.1,101.04,2012,10,2,7,1,0,0.9659258262890683,-0.25881904510252063
31.1,18.5,47.0,22.0,24.1,100.06,2012,6,21,18,3,0,-1.0,-1.8369701987210297e-16
19.0,14.3,74.0,24.0,24.1,100.44,2012,7,27,7,4,0,0.9659258262890683,-0.25881904510252063
-11.2,-17.2,61.0,36.5,24.1,100.65,2012,1,18,9,2,0,0.7071067811865476,-0.7071067811865475
-2.8,-7.6,69.0,7.0,25.0,102.1,2012,12,6,17,3,0,-0.9659258262890683,-0.25881904510252063
21.2,18.0,82.0,20.0,25.0,100.65,2012,8,15,1,2,0,0.25881904510252074,0.9659258262890683
2.0,-3.5,67.0,28.0,25.0,100.68,2012,2,17,19,4,0,-0.9659258262890684,0.2588190451025203
20.0,8.5,47.0,17.0,26.349999999999998,101.57,2012,6,13,19,2,0,-0.9659258262890684,0.2588190451025203
-5.6,-12.0,61.0,15.0,25.0,100.69,2012,2,13,19,0,0,-0.9659258262890684,0.2588190451025203
-5.4,-7.8,83.0,22.0,22.750000000000004,99.015,2012,1,13,6,4,0,1.0,6.123233995736766e-17
-0.6,-5.2,71.0,24.0,25.0,100.84,2012,2,18,7,5,1,0.9659258262890683,-0.25881904510252063
9.1,-0.3,52.0,11.0,26.349999999999998,101.86,2012,10,24,12,2,0,1.2246467991473532e-16,-1.0
9.3,4.1,70.0,36.5,25.0,99.72,2012,11,23,21,4,0,-0.7071067811865477,0.7071067811865474
6.1,1.4,72.0,26.0,24.1,101.12,2012,4,20,8,4,0,0.8660254037844387,-0.4999999999999998
-9.5,-16.0,59.0,4.0,25.0,101.95,2012,1,30,20,0,0,-0.8660254037844386,0.5000000000000001
5.2,-1.9,60.0,6.0,25.0,101.72,2012,3,11,22,6,1,-0.5000000000000004,0.8660254037844384
19.6,13.0,66.0,11.0,25.0,100.63,2012,7,1,22,6,1,-0.5000000000000004,0.8660254037844384
-8.7,-14.6,62.0,22.0,24.1,101.94,2012,2,27,10,0,0,0.49999999999999994,-0.8660254037844387
-10.0,-15.2,66.0,19.0,25.0,101.17,2012,1,12,0,3,0,0.0,1.0
0.2,-0.9,92.0,15.0,22.750000000000004,101.94,2012,11,12,3,0,0,0.7071067811865476,0.7071067811865476
25.8,13.7,47.0,17.0,25.0,100.81,2012,8,7,20,1,0,-0.8660254037844386,0.5000000000000001
11.7,5.3,65.0,20.0,25.0,100.88,2012,9,25,2,1,0,0.49999999999999994,0.8660254037844387
21.3,4.7,34.0,24.0,26.349999999999998,102.26,2012,6,14,12,3,0,1.2246467991473532e-16,-1.0
-11.3,-12.7,89.0,15.0,22.750000000000004,102.52,2012,12,26,9,2,0,0.7071067811865476,-0.7071067811865475
-2.0,-5.1,79.0,9.0,25.0,103.06,2012,11,15,1,3,0,0.25881904510252074,0.9659258262890683
3.9,-2.8,62.0,13.0,24.1,100.87,2012,3,29,16,3,0,-0.8660254037844385,-0.5000000000000004
23.2,18.4,74.0,17.0,22.750000000000004,100.2,2012,7,4,9,2,0,0.7071067811865476,-0.7071067811865475
1.7,-0.3,87.0,6.0,22.750000000000004,101.67,2012,2,15,13,2,0,-0.2588190451025208,-0.9659258262890683
10.9,-9.0,24.0,24.0,26.349999999999998,100.54,2012,4,3,15,1,0,-0.7071067811865471,-0.7071067811865479
20.5,8.0,44.0,0.0,26.349999999999998,100.08,2012,5,30,19,2,0,-0.9659258262890684,0.2588190451025203
21.0,18.4,85.0,11.0,24.1,100.73,2012,8,15,9,2,0,0.7071067811865476,-0.7071067811865475
-16.6,-25.1,48.0,17.0,26.349999999999998,100.73,2012,2,12,10,6,1,0.49999999999999994,-0.8660254037844387
20.2,18.6,91.0,13.0,22.750000000000004,100.7,2012,8,10,9,4,0,0.7071067811865476,-0.7071067811865475
4.4,3.2,92.0,17.0,22.750000000000004,101.35,2012,10,14,2,6,1,0.49999999999999994,0.8660254037844387
18.6,13.7,73.0,11.0,26.349999999999998,100.84,2012,6,23,7,5,1,0.9659258262890683,-0.25881904510252063
18.6,16.4,87.0,9.0,22.750000000000004,100.89,2012,5,22,9,1,0,0.7071067811865476,-0.7071067811865475
-4.3,-8.4,73.0,6.0,25.0,102.18,2012,2,21,1,1,0,0.25881904510252074,0.9659258262890683
-5.5,-12.3,59.0,17.0,26.349999999999998,102.62,2012,2,28,13,1,0,-0.2588190451025208,-0.9659258262890683
-12.4,-21.1,48.0,9.0,25.0,102.06,2012,2,8,6,2,0,1.0,6.123233995736766e-17
4.7,-3.3,56.0,26.0,24.1,101.24,2012,11,8,13,3,0,-0.2588190451025208,-0.9659258262890683
5.0,2.4,83.0,36.5,24.1,99.06,2012,4,23,13,0,0,-0.2588190451025208,-0.9659258262890683
20.0,19.0,94.0,13.0,22.750000000000004,100.47,2012,8,28,5,1,0,0.9659258262890683,0.25881904510252074
1.0,-4.1,69.0,30.0,24.1,100.9,2012,2,10,16,4,0,-0.8660254037844385,-0.5000000000000004
-3.3,-5.4,85.0,7.0,24.1,101.29,2012,12,7,8,4,0,0.8660254037844387,-0.4999999999999998
13.8,-4.0,29.0,15.0,26.349999999999998,101.77,2012,5,6,11,6,1,0.258819045102521,-0.9659258262890682
5.5,-1.0,63.0,4.0,22.750000000000004,101.83,2012,11,20,13,1,0,-0.2588190451025208,-0.9659258262890683
12.9,8.0,72.0,0.0,25.0,100.53,2012,6,9,1,5,1,0.25881904510252074,0.9659258262890683
13.3,6.9,65.0,30.0,25.0,100.31,2012,6,3,23,6,1,-0.25881904510252157,0.9659258262890681
-0.3,-1.5,92.0,11.0,22.750000000000004,102.25,2012,3,15,3,3,0,0.7071067811865476,0.7071067811865476
20.8,1.7,28.0,20.0,26.349999999999998,101.66,2012,5,18,15,4,0,-0.7071067811865471,-0.7071067811865479
-1.0,-2.3,91.0,9.0,22.750000000000004,101.15,2012,1,1,10,6,1,0.49999999999999994,-0.8660254037844387
6.6,3.8,82.0,32.0,25.0,100.45,2012,10,11,2,3,0,0.49999999999999994,0.8660254037844387
-3.4,-10.3,59.0,15.0,25.0,100.46,2012,11,25,21,6,1,-0.7071067811865477,0.7071067811865474
21.2,17.4,79.0,7.0,25.0,100.85,2012,8,14,0,1,0,0.0,1.0
-4.1,-8.3,73.0,20.0,25.0,100.54,2012,1,20,1,4,0,0.25881904510252074,0.9659258262890683
2.9,-5.1,56.0,13.0,25.0,102.2,2012,4,18,0,2,0,0.0,1.0
20.2,17.5,84.0,9.0,25.0,100.87,2012,8,7,23,1,0,-0.25881904510252157,0.9659258262890681
9.7,-9.0,26.0,28.0,26.349999999999998,100.52,2012,4,3,17,1,0,-0.9659258262890683,-0.25881904510252063
-8.2,-13.8,64.0,9.0,25.0,102.51,2012,2,29,0,2,0,0.0,1.0
19.3,17.2,88.0,9.0,25.0,100.33,2012,7,18,3,2,0,0.7071067811865476,0.7071067811865476
1.5,-0.6,86.0,24.0,25.0,101.04,2012,4,22,0,6,1,0.0,1.0
11.1,-1.3,42.0,13.0,26.349999999999998,101.93,2012,10,8,13,0,0,-0.2588190451025208,-0.9659258262890683
17.8,13.8,77.0,22.0,25.0,100.56,2012,10,5,21,4,0,-0.7071067811865477,0.7071067811865474
13.8,8.8,72.0,19.0,25.0,102.11,2012,6,16,4,5,1,0.8660254037844386,0.5000000000000001
3.1,-3.0,64.0,13.0,25.0,101.24,2012,4,12,4,3,0,0.8660254037844386,0.5000000000000001
21.8,7.6,40.0,9.0,26.349999999999998,100.75,2012,6,9,19,5,1,-0.9659258262890684,0.2588190451025203
24.4,17.1,64.0,9.0,25.0,101.4,2012,7,12,22,3,0,-0.5000000000000004,0.8660254037844384
5.2,1.5,77.0,22.0,26.349999999999998,101.94,2012,10,25,8,3,0,0.8660254037844387,-0.4999999999999998
21.9,15.8,68.0,17.0,25.0,99.85,2012,9,8,4,5,1,0.8660254037844386,0.5000000000000001
2.1,-1.9,75.0,7.0,22.750000000000004,102.25,2012,12,13,15,3,0,-0.7071067811865471,-0.7071067811865479
-6.7,-15.0,52.0,22.0,26.349999999999998,101.81,2012,1,30,14,0,0,-0.4999999999999997,-0.8660254037844388
11.7,3.2,56.0,9.0,25.0,100.92,2012,10,17,20,2,0,-0.8660254037844386,0.5000000000000001
29.0,24.4,76.0,13.0,24.1,100.31,2012,8,5,15,6,1,-0.7071067811865471,-0.7071067811865479
26.3,14.9,50.0,26.0,26.349999999999998,99.79,2012,6,30,11,5,1,0.258819045102521,-0.9659258262890682
-17.6,-23.3,61.0,0.0,25.0,102.52,2012,1,21,22,5,1,-0.5000000000000004,0.8660254037844384
31.6,20.6,52.0,24.0,24.1,100.32,2012,6,21,13,3,0,-0.2588190451025208,-0.9659258262890683
1.1,-3.8,70.0,33.0,24.1,100.63,2012,2,6,8,0,0,0.8660254037844387,-0.4999999999999998
-11.6,-15.6,72.0,9.0,26.349999999999998,102.31,2012,2,4,8,5,1,0.8660254037844387,-0.4999999999999998
27.5,19.9,63.0,24.0,22.750000000000004,100.04,2012,7,4,14,2,0,-0.4999999999999997,-0.8660254037844388
11.3,6.9,74.0,36.5,22.750000000000004,99.66,2012,3,8,17,3,0,-0.9659258262890683,-0.25881904510252063
29.4,18.3,51.0,17.0,26.349999999999998,101.32,2012,6,11,14,0,0,-0.4999999999999997,-0.8660254037844388
6.9,1.0,66.0,20.0,24.1,101.06,2012,4,20,11,4,0,0.258819045102521,-0.9659258262890682
-0.5,-4.5,74.0,7.0,24.1,102.92,2012,11,19,9,0,0,0.7071067811865476,-0.7071067811865475
24.4,15.1,56.0,13.0,24.1,101.61,2012,7,13,8,4,0,0.8660254037844387,-0.4999999999999998
7.8,6.7,93.0,0.0,25.0,99.4,2012,10,31,22,2,0,-0.5000000000000004,0.8660254037844384
24.2,7.0,33.0,4.0,26.349999999999998,101.43,2012,9,1,16,5,1,-0.8660254037844385,-0.5000000000000004
-8.8,-13.2,70.0,0.0,25.0,102.11,2012,1,9,3,0,0,0.7071067811865476,0.7071067811865476
18.9,7.8,48.0,15.0,24.1,101.0,2012,6,6,19,2,0,-0.9659258262890684,0.2588190451025203
20.6,-2.3,21.0,7.0,26.349999999999998,101.25,2012,5,7,15,0,0,-0.7071067811865471,-0.7071067811865479
-2.1,-4.7,82.0,7.0,24.1,101.32,2012,12,7,9,4,0,0.7071067811865476,-0.7071067811865475
22.0,15.7,67.0,0.0,25.0,100.1,2012,7,1,0,6,1,0.0,1.0
5.7,3.3,85.0,17.0,22.750000000000004,100.73,2012,4,21,15,5,1,-0.7071067811865471,-0.7071067811865479
3.8,3.4,97.0,0.0,22.750000000000004,102.04,2012,3,16,22,4,0,-0.5000000000000004,0.8660254037844384
12.6,9.7,82.0,6.0,25.0,101.31,2012,5,24,2,3,0,0.49999999999999994,0.8660254037844387
13.1,1.4,45.0,22.0,26.349999999999998,100.64,2012,5,11,10,4,0,0.49999999999999994,-0.8660254037844387
5.6,3.6,87.0,20.0,25.0,99.37,2012,11,1,22,3,0,-0.5000000000000004,0.8660254037844384
-13.1,-16.0,79.0,0.0,25.0,102.4,2012,2,29,5,2,0,0.9659258262890683,0.25881904510252074
-1.7,-7.9,63.0,4.0,25.0,103.135,2012,11,17,18,5,1,-1.0,-1.8369701987210297e-16
23.4,14.5,57.0,33.0,25.0,100.55,2012,8,31,0,4,0,0.0,1.0
27.2,20.4,66.0,22.0,22.750000000000004,99.75,2012,7,17,11,1,0,0.258819045102521,-0.9659258262890682
16.2,10.9,71.0,24.0,25.0,100.13,2012,6,26,1,1,0,0.25881904510252074,0.9659258262890683
11.1,-1.7,41.0,24.0,26.349999999999998,101.72,2012,4,17,17,1,0,-0.9659258262890683,-0.25881904510252063
-10.7,-15.7,67.0,20.0,25.0,101.19,2012,1,11,23,2,0,-0.25881904510252157,0.9659258262890681
0.4,-0.1,96.0,9.0,22.750000000000004,100.05,2012,12,19,6,2,0,1.0,6.123233995736766e-17
30.1,19.4,53.0,11.0,24.1,100.19,2012,7,23,15,0,0,-0.7071067811865471,-0.7071067811865479
-5.6,-8.2,82.0,24.0,22.750000000000004,101.15,2012,3,2,4,4,0,0.8660254037844386,0.5000000000000001
1.0,-0.7,88.0,13.0,22.750000000000004,99.95,2012,3,28,22,2,0,-0.5000000000000004,0.8660254037844384
11.8,5.3,64.0,6.0,22.750000000000004,101.71,2012,11,12,11,0,0,0.258819045102521,-0.9659258262890682
17.2,10.4,64.0,22.0,26.349999999999998,99.79,2012,10,20,14,5,1,-0.4999999999999997,-0.8660254037844388
26.7,16.6,54.0,36.5,26.349999999999998,100.73,2012,8,30,13,3,0,-0.2588190451025208,-0.9659258262890683
16.5,10.8,69.0,26.0,24.1,100.14,2012,6,25,17,0,0,-0.9659258262890683,-0.25881904510252063
-7.2,-12.0,69.0,7.0,25.0,100.73,2012,2,13,20,0,0,-0.8660254037844386,0.5000000000000001
24.2,18.5,71.0,9.0,26.349999999999998,101.02,2012,7,31,8,1,0,0.8660254037844387,-0.4999999999999998
-16.7,-23.3,57.0,15.0,25.0,100.6,2012,2,12,6,6,1,1.0,6.123233995736766e-17
0.1,-2.9,80.0,4.0,25.0,102.33,2012,11,19,19,0,0,-0.9659258262890684,0.2588190451025203
2.8,-1.1,75.0,32.0,25.0,101.05,2012,4,22,22,6,1,-0.5000000000000004,0.8660254037844384
22.5,16.8,70.0,11.0,25.0,100.47,2012,9,6,20,3,0,-0.8660254037844386,0.5000000000000001
-4.9,-7.4,83.0,9.0,22.750000000000004,100.34,2012,2,1,14,2,0,-0.4999999999999997,-0.8660254037844388
1.3,-0.4,88.0,7.0,24.1,100.96,2012,12,19,16,2,0,-0.8660254037844385,-0.5000000000000004
23.7,8.3,37.0,15.0,26.349999999999998,100.0,2012,5,30,16,2,0,-0.8660254037844385,-0.5000000000000004
16.0,-3.0,27.0,7.0,26.349999999999998,101.68,2012,5,7,9,0,0,0.7071067811865476,-0.7071067811865475
17.6,10.7,64.0,22.0,24.1,100.32,2012,5,16,17,2,0,-0.9659258262890683,-0.25881904510252063
-8.8,-11.7,79.0,4.0,22.750000000000004,100.32,2012,1,5,0,3,0,0.0,1.0
-2.9,-5.5,82.0,7.0,25.0,101.27,2012,12,7,6,4,0,1.0,6.123233995736766e-17
2.3,-3.1,67.0,26.0,26.349999999999998,101.32,2012,12,14,9,4,0,0.7071067811865476,-0.7071067811865475
-7.2,-12.1,68.0,13.0,24.1,101.72,2012,2,5,13,6,1,-0.2588190451025208,-0.9659258262890683
-8.5,-12.2,75.0,32.0,22.750000000000004,101.62,2012,12,16,12,6,1,1.2246467991473532e-16,-1.0
25.0,17.5,63.0,15.0,24.1,101.02,2012,9,4,11,1,0,0.258819045102521,-0.9659258262890682
20.8,11.9,57.0,9.0,25.0,100.6,2012,6,23,1,5,1,0.25881904510252074,0.9659258262890683
11.8,0.4,45.0,11.0,26.349999999999998,101.69,2012,5,5,12,5,1,1.2246467991473532e-16,-1.0
10.1,-3.2,39.0,6.0,26.349999999999998,102.15,2012,4,30,12,0,0,1.2246467991473532e-16,-1.0
0.4,-2.1,83.0,20.0,25.0,101.57,2012,12,20,0,3,0,0.0,1.0
9.8,-1.1,47.0,7.0,25.0,101.22,2012,5,12,1,5,1,0.25881904510252074,0.9659258262890683
1.3,-0.3,89.0,19.0,22.750000000000004,100.64,2012,2,17,0,4,0,0.0,1.0
24.9,10.1,39.0,9.0,26.349999999999998,101.72,2012,7,11,11,2,0,0.258819045102521,-0.9659258262890682
-3.2,-6.0,81.0,7.0,22.750000000000004,102.25,2012,12,12,17,2,0,-0.9659258262890683,-0.25881904510252063
0.5,-7.2,56.0,24.0,25.0,101.36,2012,4,27,20,4,0,-0.8660254037844386,0.5000000000000001
25.5,19.2,68.0,11.0,24.1,100.54,2012,9,5,12,2,0,1.2246467991473532e-16,-1.0
14.6,10.5,76.0,15.0,24.1,100.25,2012,6,3,7,6,1,0.9659258262890683,-0.25881904510252063
6.1,0.7,68.0,11.0,25.0,101.85,2012,3,20,1,1,0,0.25881904510252074,0.9659258262890683
-15.3,-22.9,52.0,22.0,24.1,101.51,2012,1,3,16,1,0,-0.8660254037844385,-0.5000000000000004
-0.9,-3.8,81.0,7.0,25.0,102.51,2012,10,13,1,5,1,0.25881904510252074,0.9659258262890683
-9.7,-13.7,73.0,6.0,25.0,101.49,2012,12,24,17,0,0,-0.9659258262890683,-0.25881904510252063
4.0,1.2,82.0,28.0,24.1,99.54,2012,2,22,10,2,0,0.49999999999999994,-0.8660254037844387
31.2,18.1,46.0,11.0,24.1,101.56,2012,8,4,13,5,1,-0.2588190451025208,-0.9659258262890683
11.0,5.9,71.0,15.0,25.0,101.51,2012,10,25,20,3,0,-0.8660254037844386,0.5000000000000001
-0.3,-2.6,84.0,9.0,22.750000000000004,101.84,2012,11,22,6,3,0,1.0,6.123233995736766e-17
-7.7,-11.1,77.0,19.0,22.750000000000004,101.19,2012,1,31,17,1,0,-0.9659258262890683,-0.25881904510252063
2.6,-5.0,57.0,4.0,26.349999999999998,101.24,2012,12,7,11,4,0,0.258819045102521,-0.9659258262890682
29.2,16.7,47.0,17.0,24.1,101.11,2012,8,3,15,4,0,-0.7071067811865471,-0.7071067811865479
16.6,3.8,42.0,24.0,26.349999999999998,101.3,2012,9,16,14,6,1,-0.4999999999999997,-0.8660254037844388
7.3,4.7,84.0,7.0,24.1,99.32,2012,11,1,7,3,0,0.9659258262890683,-0.25881904510252063
15.4,9.6,68.0,11.0,25.0,100.44,2012,10,6,2,5,1,0.49999999999999994,0.8660254037844387
14.6,5.3,54.0,9.0,26.349999999999998,101.44,2012,6,1,7,4,0,0.9659258262890683,-0.25881904510252063
7.3,5.5,88.0,6.0,22.750000000000004,99.33,2012,11,1,3,3,0,0.7071067811865476,0.7071067811865476
13.3,10.9,85.0,7.0,25.0,100.94,2012,8,19,4,6,1,0.8660254037844386,0.5000000000000001
-13.8,-16.5,80.0,24.0,25.0,101.52,2012,12,30,20,6,1,-0.8660254037844386,0.5000000000000001
-10.5,-13.6,78.0,17.0,22.750000000000004,100.12,2012,1,6,18,4,0,-1.0,-1.8369701987210297e-16
19.7,17.6,88.0,13.0,24.1,100.81,2012,8,13,6,0,0,1.0,6.123233995736766e-17
0.5,-0.4,94.0,24.0,22.750000000000004,100.07,2012,12,18,6,1,0,1.0,6.123233995736766e-17
19.6,11.9,61.0,7.0,26.349999999999998,102.05,2012,9,12,9,2,0,0.7071067811865476,-0.7071067811865475
11.2,2.9,57.0,20.0,26.349999999999998,101.9,2012,5,18,7,4,0,0.9659258262890683,-0.25881904510252063
8.0,-1.9,50.0,22.0,26.349999999999998,100.5,2012,4,25,18,2,0,-1.0,-1.8369701987210297e-16
25.0,17.1,62.0,24.0,25.0,100.5,2012,8,2,23,3,0,-0.25881904510252157,0.9659258262890681
-2.3,-8.0,65.0,11.0,25.0,102.6,2012,3,10,20,5,1,-0.8660254037844386,0.5000000000000001
-3.0,-5.1,85.0,6.0,25.0,100.26,2012,2,24,6,4,0,1.0,6.123233995736766e-17
26.9,18.1,59.0,15.0,26.349999999999998,100.61,2012,7,6,11,4,0,0.258819045102521,-0.9659258262890682
-4.7,-9.7,68.0,15.0,26.349999999999998,101.59,2012,2,19,10,6,1,0.49999999999999994,-0.8660254037844387
9.9,-8.7,26.0,19.0,25.0,101.78,2012,3,23,23,4,0,-0.25881904510252157,0.9659258262890681
4.1,3.8,98.0,4.0,22.750000000000004,102.34,2012,3,17,11,5,1,0.258819045102521,-0.9659258262890682
7.2,-1.9,52.0,17.0,26.349999999999998,102.0,2012,10,24,10,2,0,0.49999999999999994,-0.8660254037844387
21.8,15.2,66.0,15.0,25.0,101.7,2012,9,13,22,3,0,-0.5000000000000004,0.8660254037844384
-5.3,-13.6,52.0,9.0,25.0,102.72,2012,3,6,20,1,0,-0.8660254037844386,0.5000000000000001
15.7,10.7,72.0,7.0,25.0,101.09,2012,7,18,23,2,0,-0.25881904510252157,0.9659258262890681
12.5,4.6,59.0,6.0,25.0,101.18,2012,9,16,20,6,1,-0.8660254037844386,0.5000000000000001
22.4,20.5,89.0,13.0,24.1,100.84,2012,8,27,17,0,0,-0.9659258262890683,-0.25881904510252063
-2.5,-6.0,77.0,24.0,25.0,100.27,2012,12,11,3,1,0,0.7071067811865476,0.7071067811865476
1.4,-5.7,59.0,13.0,25.0,103.135,2012,11,14,22,2,0,-0.5000000000000004,0.8660254037844384
23.2,15.7,63.0,11.0,25.0,101.74,2012,9,13,20,3,0,-0.8660254037844386,0.5000000000000001
-0.1,-0.3,99.0,0.0,22.750000000000004,102.2,2012,3,17,5,5,1,0.9659258262890683,0.25881904510252074
13.6,9.5,76.0,19.0,22.750000000000004,100.44,2012,6,2,6,5,1,1.0,6.123233995736766e-17
0.9,0.2,95.0,9.0,22.750000000000004,100.61,2012,12,8,19,5,1,-0.9659258262890684,0.2588190451025203
7.5,-5.2,40.0,17.0,25.0,101.41,2012,4,7,21,5,1,-0.7071067811865477,0.7071067811865474
-1.3,-5.0,76.0,7.0,25.0,101.19,2012,11,8,23,3,0,-0.25881904510252157,0.9659258262890681
19.9,16.9,83.0,4.0,25.0,100.74,2012,7,6,2,4,0,0.49999999999999994,0.8660254037844387
9.2,7.0,86.0,6.0,22.750000000000004,101.12,2012,5,1,10,1,0,0.49999999999999994,-0.8660254037844387
22.0,15.9,68.0,6.0,25.0,101.39,2012,8,3,21,4,0,-0.7071067811865477,0.7071067811865474
29.1,18.0,51.0,20.0,24.1,100.5,2012,8,2,13,3,0,-0.2588190451025208,-0.9659258262890683
-6.6,-13.3,59.0,20.0,24.1,102.09,2012,1,8,16,6,1,-0.8660254037844385,-0.5000000000000004
5.0,2.4,83.0,22.0,24.1,100.95,2012,10,11,6,3,0,1.0,6.123233995736766e-17
14.2,9.5,73.0,22.0,24.1,101.55,2012,3,22,7,3,0,0.9659258262890683,-0.25881904510252063
3.9,-0.9,71.0,32.0,25.0,99.26,2012,1,2,2,0,0,0.49999999999999994,0.8660254037844387
20.7,15.3,71.0,15.0,25.0,101.15,2012,9,4,6,1,0,1.0,6.123233995736766e-17
1.1,-2.1,79.0,11.0,22.750000000000004,102.28,2012,12,13,14,3,0,-0.4999999999999997,-0.8660254037844388
-0.7,-3.6,81.0,6.0,22.750000000000004,102.01,2012,11,20,9,1,0,0.7071067811865476,-0.7071067811865475
21.3,8.4,44.0,19.0,26.349999999999998,101.69,2012,9,11,15,1,0,-0.7071067811865471,-0.7071067811865479
8.4,0.7,58.0,32.0,24.1,100.39,2012,10,16,15,1,0,-0.7071067811865471,-0.7071067811865479
19.5,8.1,48.0,15.0,25.0,101.41,2012,7,19,23,3,0,-0.25881904510252157,0.9659258262890681
1.8,-0.1,87.0,11.0,25.0,101.58,2012,12,3,6,0,0,1.0,6.123233995736766e-17
15.3,11.1,76.0,7.0,25.0,100.52,2012,8,18,2,5,1,0.49999999999999994,0.8660254037844387
3.1,-0.3,78.0,28.0,24.1,100.71,2012,1,23,16,0,0,-0.8660254037844385,-0.5000000000000004
-3.1,-7.2,73.0,9.0,26.349999999999998,101.87,2012,2,21,9,1,0,0.7071067811865476,-0.7071067811865475
23.5,8.5,38.0,32.0,26.349999999999998,100.04,2012,5,30,14,2,0,-0.4999999999999997,-0.8660254037844388
16.6,12.4,76.0,17.0,24.1,99.61,2012,10,15,11,0,0,0.258819045102521,-0.9659258262890682
-0.5,-2.9,84.0,17.0,25.0,101.69,2012,12,20,3,3,0,0.7071067811865476,0.7071067811865476
22.6,19.6,83.0,7.0,25.0,100.48,2012,8,2,1,3,0,0.25881904510252074,0.9659258262890683
-3.6,-10.3,60.0,13.0,25.0,100.47,2012,11,25,22,6,1,-0.5000000000000004,0.8660254037844384
-10.3,-15.1,68.0,20.0,24.1,103.08,2012,12,1,11,5,1,0.258819045102521,-0.9659258262890682
13.8,5.6,58.0,33.0,25.0,101.05,2012,9,24,19,0,0,-0.9659258262890684,0.2588190451025203
-6.5,-9.9,77.0,22.0,26.349999999999998,101.17,2012,12,28,14,4,0,-0.4999999999999997,-0.8660254037844388
23.1,18.2,74.0,13.0,24.1,100.97,2012,6,20,4,2,0,0.8660254037844386,0.5000000000000001
27.7,9.9,33.0,26.0,26.349999999999998,101.1,2012,5,21,17,0,0,-0.9659258262890683,-0.25881904510252063
18.5,7.9,50.0,11.0,26.349999999999998,102.33,2012,6,14,8,3,0,0.8660254037844387,-0.4999999999999998
24.8,5.3,28.0,11.0,26.349999999999998,102.06,2012,6,15,17,4,0,-0.9659258262890683,-0.25881904510252063
-4.7,-8.0,78.0,7.0,25.0,102.17,2012,2,3,21,4,0,-0.7071067811865477,0.7071067811865474
12.7,3.8,55.0,26.0,24.1,100.13,2012,3,8,11,3,0,0.258819045102521,-0.9659258262890682
23.0,18.1,74.0,11.0,24.1,100.94,2012,7,23,4,0,0,0.8660254037844386,0.5000000000000001
11.4,10.9,97.0,4.0,25.0,101.31,2012,10,2,23,1,0,-0.25881904510252157,0.9659258262890681
25.1,19.3,70.0,11.0,25.0,100.6,2012,6,21,2,3,0,0.49999999999999994,0.8660254037844387
28.3,14.7,43.0,7.0,24.1,100.94,2012,8,8,15,2,0,-0.7071067811865471,-0.7071067811865479
-7.0,-9.3,84.0,4.0,25.0,102.04,2012,11,27,2,1,0,0.49999999999999994,0.8660254037844387
16.7,12.2,75.0,4.0,25.0,100.81,2012,8,19,21,6,1,-0.7071067811865477,0.7071067811865474
4.2,1.8,84.0,7.0,22.750000000000004,101.83,2012,11,12,9,0,0,0.7071067811865476,-0.7071067811865475
21.2,6.5,38.0,9.0,26.349999999999998,102.27,2012,6,14,11,3,0,0.258819045102521,-0.9659258262890682
-10.4,-16.1,63.0,19.0,22.750000000000004,102.52,2012,1,22,18,6,1,-1.0,-1.8369701987210297e-16
8.9,-2.9,43.0,24.0,26.349999999999998,99.71,2012,4,4,12,2,0,1.2246467991473532e-16,-1.0
-6.7,-10.3,76.0,6.0,25.0,101.5,2012,2,19,6,6,1,1.0,6.123233995736766e-17
0.2,-2.6,81.0,24.0,25.0,100.49,2012,1,28,2,5,1,0.49999999999999994,0.8660254037844387
0.4,0.1,98.0,6.0,22.750000000000004,101.6,2012,3,14,11,2,0,0.258819045102521,-0.9659258262890682
15.5,8.6,63.0,11.0,26.349999999999998,100.8,2012,9,9,18,6,1,-1.0,-1.8369701987210297e-16
-2.1,-9.5,57.0,22.0,25.0,99.66,2012,1,2,17,0,0,-0.9659258262890683,-0.25881904510252063
-0.2,-6.2,64.0,26.0,24.1,100.45,2012,1,10,14,1,0,-0.4999999999999997,-0.8660254037844388
21.8,15.8,69.0,22.0,24.1,101.37,2012,8,23,8,3,0,0.8660254037844387,-0.4999999999999998
20.6,9.7,50.0,20.0,26.349999999999998,101.81,2012,9,11,13,1,0,-0.2588190451025208,-0.9659258262890683
-7.9,-13.3,65.0,9.0,26.349999999999998,101.43,2012,12,24,12,0,0,1.2246467991473532e-16,-1.0
20.3,11.5,57.0,17.0,26.349999999999998,101.25,2012,7,28,8,5,1,0.8660254037844387,-0.4999999999999998
6.8,-2.6,51.0,6.0,25.0,101.5,2012,4,18,23,2,0,-0.25881904510252157,0.9659258262890681
4.4,-1.0,68.0,6.0,26.349999999999998,102.03,2012,3,12,8,0,0,0.8660254037844387,-0.4999999999999998
-8.2,-13.3,67.0,11.0,24.1,101.45,2012,12,24,16,0,0,-0.8660254037844385,-0.5000000000000004
23.0,19.8,82.0,6.0,24.1,100.57,2012,7,16,7,0,0,0.9659258262890683,-0.25881904510252063
20.9,8.3,44.0,6.0,26.349999999999998,101.45,2012,9,1,19,5,1,-0.9659258262890684,0.2588190451025203
-13.9,-21.0,55.0,19.0,25.0,101.66,2012,1,11,5,2,0,0.9659258262890683,0.25881904510252074
-7.1,-12.2,67.0,17.0,22.750000000000004,101.7,2012,1,31,5,1,0,0.9659258262890683,0.25881904510252074
6.5,-0.2,62.0,15.0,25.0,100.54,2012,10,16,18,1,0,-1.0,-1.8369701987210297e-16
2.0,-5.1,59.0,13.0,25.0,101.3,2012,11,4,21,6,1,-0.7071067811865477,0.7071067811865474
20.7,17.4,81.0,0.0,25.0,100.75,2012,7,6,1,4,0,0.25881904510252074,0.9659258262890683
21.1,16.9,77.0,13.0,24.1,100.93,2012,8,9,5,3,0,0.9659258262890683,0.25881904510252074
6.1,2.9,80.0,9.0,24.1,100.22,2012,4,25,10,2,0,0.49999999999999994,-0.8660254037844387
-4.9,-8.9,73.0,20.0,25.0,101.13,2012,2,9,6,3,0,1.0,6.123233995736766e-17
-1.2,-5.6,72.0,0.0,25.0,101.22,2012,2,14,23,1,0,-0.25881904510252157,0.9659258262890681
17.2,14.0,81.0,6.0,25.0,100.17,2012,6,28,0,3,0,0.0,1.0
14.0,4.3,52.0,20.0,26.349999999999998,101.53,2012,9,16,10,6,1,0.49999999999999994,-0.8660254037844387
26.7,8.9,33.0,22.0,26.349999999999998,100.63,2012,6,24,15,6,1,-0.7071067811865471,-0.7071067811865479
24.0,6.6,33.0,7.0,26.349999999999998,101.39,2012,9,1,17,5,1,-0.9659258262890683,-0.25881904510252063
11.6,11.6,100.0,9.0,22.750000000000004,100.0,2012,9,30,20,6,1,-0.8660254037844386,0.5000000000000001
-1.0,-3.9,81.0,6.0,24.1,101.83,2012,12,20,12,3,0,1.2246467991473532e-16,-1.0
-1.2,-7.9,60.0,11.0,26.349999999999998,102.18,2012,12,6,15,3,0,-0.7071067811865471,-0.7071067811865479
22.6,15.4,64.0,19.0,26.349999999999998,100.84,2012,9,7,11,4,0,0.258819045102521,-0.9659258262890682
-9.4,-10.5,92.0,9.0,22.750000000000004,100.22,2012,12,30,1,6,1,0.25881904510252074,0.9659258262890683
0.4,-7.9,54.0,19.0,24.1,100.63,2012,1,29,14,6,1,-0.4999999999999997,-0.8660254037844388
-11.8,-14.1,83.0,7.0,22.750000000000004,102.51,2012,2,3,6,4,0,1.0,6.123233995736766e-17
-1.8,-8.9,58.0,13.0,26.349999999999998,102.46,2012,12,6,11,3,0,0.258819045102521,-0.9659258262890682
-3.4,-11.3,54.0,19.0,26.349999999999998,101.25,2012,11,26,10,0,0,0.49999999999999994,-0.8660254037844387
2.0,-0.2,85.0,0.0,22.750000000000004,101.65,2012,2,15,11,2,0,0.258819045102521,-0.9659258262890682
20.8,14.8,69.0,6.0,25.0,101.13,2012,9,4,4,1,0,0.8660254037844386,0.5000000000000001
17.2,12.6,74.0,4.0,25.0,101.4,2012,7,21,0,5,1,0.0,1.0
26.0,11.1,39.0,13.0,26.349999999999998,101.54,2012,9,3,12,0,0,1.2246467991473532e-16,-1.0
-2.9,-8.8,64.0,20.0,25.0,101.27,2012,2,7,6,1,0,1.0,6.123233995736766e-17
21.2,16.9,76.0,6.0,24.1,102.02,2012,8,26,5,6,1,0.9659258262890683,0.25881904510252074
18.8,14.6,77.0,20.0,24.1,100.8,2012,9,26,13,2,0,-0.2588190451025208,-0.9659258262890683
8.2,-0.9,53.0,24.0,25.0,101.75,2012,10,13,22,5,1,-0.5000000000000004,0.8660254037844384
21.1,12.9,59.0,15.0,26.349999999999998,101.5,2012,8,22,9,2,0,0.7071067811865476,-0.7071067811865475
7.2,4.8,85.0,15.0,25.0,100.55,2012,12,5,4,2,0,0.8660254037844386,0.5000000000000001
15.4,-3.1,28.0,24.0,26.349999999999998,101.0,2012,4,14,17,5,1,-0.9659258262890683,-0.25881904510252063
6.4,1.7,72.0,28.0,25.0,99.34,2012,4,9,19,0,0,-0.9659258262890684,0.2588190451025203
16.6,15.0,90.0,7.0,26.349999999999998,100.99,2012,8,7,5,1,0,0.9659258262890683,0.25881904510252074
5.3,-9.4,34.0,22.0,25.0,101.86,2012,3,24,3,5,1,0.7071067811865476,0.7071067811865476
17.2,12.6,74.0,6.0,26.349999999999998,101.08,2012,8,21,7,1,0,0.9659258262890683,-0.25881904510252063
-5.0,-12.9,54.0,19.0,25.0,100.66,2012,1,19,18,3,0,-1.0,-1.8369701987210297e-16
-14.4,-20.7,59.0,22.0,26.349999999999998,102.75,2012,1,16,9,0,0,0.7071067811865476,-0.7071067811865475
18.9,10.8,59.0,24.0,26.349999999999998,100.07,2012,6,3,13,6,1,-0.2588190451025208,-0.9659258262890683
26.9,15.6,50.0,13.0,24.1,100.63,2012,8,16,15,3,0,-0.7071067811865471,-0.7071067811865479
17.9,11.2,65.0,15.0,24.1,99.88,2012,5,9,14,2,0,-0.4999999999999997,-0.8660254037844388
10.9,8.1,83.0,17.0,24.1,99.47,2012,5,10,5,3,0,0.9659258262890683,0.25881904510252074
-5.4,-7.4,86.0,9.0,25.0,103.135,2012,11,18,6,6,1,1.0,6.123233995736766e-17
3.0,-2.2,69.0,19.0,24.1,101.1,2012,11,4,10,6,1,0.49999999999999994,-0.8660254037844387
24.2,13.4,51.0,22.0,26.349999999999998,100.54,2012,7,1,12,6,1,1.2246467991473532e-16,-1.0
7.3,-1.4,54.0,13.0,25.0,101.81,2012,10,24,0,2,0,0.0,1.0
19.4,17.8,90.0,15.0,22.750000000000004,100.66,2012,8,11,8,5,1,0.8660254037844387,-0.4999999999999998
8.0,2.0,66.0,4.0,25.0,102.08,2012,10,8,22,0,0,-0.5000000000000004,0.8660254037844384
27.1,18.4,59.0,20.0,24.1,101.11,2012,8,27,12,0,0,1.2246467991473532e-16,-1.0
22.4,14.8,62.0,15.0,25.0,101.12,2012,7,22,3,6,1,0.7071067811865476,0.7071067811865476
18.8,12.8,68.0,13.0,24.1,100.8,2012,7,25,8,2,0,0.8660254037844387,-0.4999999999999998
18.9,12.1,65.0,15.0,26.349999999999998,101.46,2012,8,22,7,2,0,0.9659258262890683,-0.25881904510252063
28.4,16.3,48.0,15.0,24.1,100.42,2012,8,2,18,3,0,-1.0,-1.8369701987210297e-16
-5.4,-6.4,93.0,36.5,22.750000000000004,100.64,2012,12,27,10,3,0,0.49999999999999994,-0.8660254037844387
-7.1,-12.0,68.0,13.0,24.1,101.99,2012,2,2,17,3,0,-0.9659258262890683,-0.25881904510252063
2.6,0.9,89.0,17.0,22.750000000000004,99.57,2012,2,22,8,2,0,0.8660254037844387,-0.4999999999999998
-0.9,-3.9,80.0,20.0,24.1,102.24,2012,12,9,9,6,1,0.7071067811865476,-0.7071067811865475
6.6,0.5,65.0,4.0,26.349999999999998,101.94,2012,10,8,9,0,0,0.7071067811865476,-0.7071067811865475
11.7,6.0,68.0,15.0,25.0,100.92,2012,10,19,2,4,0,0.49999999999999994,0.8660254037844387
21.1,18.6,86.0,26.0,24.1,100.52,2012,8,31,11,4,0,0.258819045102521,-0.9659258262890682
4.3,-10.3,34.0,17.0,26.349999999999998,100.98,2012,4,3,10,1,0,0.49999999999999994,-0.8660254037844387
2.1,-2.1,74.0,20.0,22.750000000000004,99.49,2012,2,23,13,3,0,-0.2588190451025208,-0.9659258262890683
23.9,16.6,64.0,7.0,26.349999999999998,99.86,2012,6,30,19,5,1,-0.9659258262890684,0.2588190451025203
-14.5,-22.3,52.0,24.0,25.0,100.39,2012,3,5,2,0,0,0.49999999999999994,0.8660254037844387
-9.8,-13.0,77.0,6.0,25.0,101.69,2012,2,20,4,0,0,0.8660254037844386,0.5000000000000001
3.0,-4.3,59.0,0.0,26.349999999999998,102.33,2012,4,30,6,0,0,1.0,6.123233995736766e-17
10.0,7.4,84.0,15.0,25.0,101.22,2012,10,10,0,2,0,0.0,1.0
12.2,8.3,77.0,26.0,25.0,100.56,2012,9,23,2,6,1,0.49999999999999994,0.8660254037844387
6.0,-7.8,36.0,9.0,25.0,100.15,2012,4,4,2,2,0,0.49999999999999994,0.8660254037844387
17.8,10.4,62.0,17.0,26.349999999999998,100.12,2012,5,30,7,2,0,0.9659258262890683,-0.25881904510252063
-9.3,-14.9,64.0,19.0,26.349999999999998,102.74,2012,12,15,11,5,1,0.258819045102521,-0.9659258262890682
10.7,6.7,76.0,13.0,24.1,100.94,2012,6,5,5,1,0,0.9659258262890683,0.25881904510252074
5.8,2.6,80.0,6.0,25.0,102.06,2012,10,9,0,1,0,0.0,1.0
31.6,11.8,30.0,22.0,26.349999999999998,101.4,2012,7,13,16,4,0,-0.8660254037844385,-0.5000000000000004
25.9,20.7,73.0,22.0,24.1,100.89,2012,8,5,7,6,1,0.9659258262890683,-0.25881904510252063
4.1,3.2,94.0,7.0,22.750000000000004,101.61,2012,3,16,17,4,0,-0.9659258262890683,-0.25881904510252063
14.2,9.0,71.0,9.0,25.0,100.9,2012,9,9,22,6,1,-0.5000000000000004,0.8660254037844384
-4.7,-6.0,91.0,28.0,22.750000000000004,101.18,2012,12,16,20,6,1,-0.8660254037844386,0.5000000000000001
16.0,13.1,83.0,11.0,25.0,101.19,2012,5,15,4,1,0,0.8660254037844386,0.5000000000000001
11.7,11.5,99.0,15.0,22.750000000000004,101.55,2012,10,4,4,3,0,0.8660254037844386,0.5000000000000001
1.0,-5.6,61.0,19.0,25.0,101.68,2012,11,7,18,2,0,-1.0,-1.8369701987210297e-16
10.5,0.3,49.0,11.0,26.349999999999998,101.24,2012,10,7,15,6,1,-0.7071067811865471,-0.7071067811865479
22.4,5.5,33.0,15.0,26.349999999999998,102.17,2012,6,14,14,3,0,-0.4999999999999997,-0.8660254037844388
20.4,4.0,34.0,13.0,26.349999999999998,101.57,2012,5,18,18,4,0,-1.0,-1.8369701987210297e-16
3.0,-2.0,70.0,35.0,24.1,100.65,2012,1,24,10,1,0,0.49999999999999994,-0.8660254037844387
-10.5,-19.2,49.0,17.0,25.0,102.11,2012,3,5,20,0,0,-0.8660254037844386,0.5000000000000001
2.4,-0.5,81.0,20.0,24.1,101.17,2012,4,22,7,6,1,0.9659258262890683,-0.25881904510252063
-5.7,-8.5,81.0,32.0,22.750000000000004,99.5,2012,12,22,17,5,1,-0.9659258262890683,-0.25881904510252063
26.2,10.0,36.0,4.0,26.349999999999998,101.5,2012,9,3,13,0,0,-0.2588190451025208,-0.9659258262890683
17.5,14.6,83.0,11.0,26.349999999999998,100.77,2012,9,7,6,4,0,1.0,6.123233995736766e-17
25.1,10.5,40.0,11.0,26.349999999999998,101.24,2012,8,22,18,2,0,-1.0,-1.8369701987210297e-16
6.1,0.4,67.0,32.0,24.1,101.16,2012,4,22,19,6,1,-0.9659258262890684,0.2588190451025203
11.5,-1.0,42.0,9.0,26.349999999999998,101.94,2012,10,8,17,0,0,-0.9659258262890683,-0.25881904510252063
1.9,-6.2,55.0,22.0,26.349999999999998,100.95,2012,2,21,14,1,0,-0.4999999999999997,-0.8660254037844388
19.3,16.4,83.0,13.0,25.0,100.19,2012,7,4,3,2,0,0.7071067811865476,0.7071067811865476
3.0,2.7,98.0,6.0,22.750000000000004,102.05,2012,3,17,1,5,1,0.25881904510252074,0.9659258262890683
-4.8,-12.1,57.0,15.0,26.349999999999998,102.58,2012,2,28,14,1,0,-0.4999999999999997,-0.8660254037844388
27.8,8.9,31.0,19.0,26.349999999999998,101.59,2012,7,11,15,2,0,-0.7071067811865471,-0.7071067811865479
18.6,15.1,80.0,4.0,22.750000000000004,100.12,2012,5,29,9,1,0,0.7071067811865476,-0.7071067811865475
-7.7,-10.2,82.0,32.0,22.750000000000004,101.45,2012,12,16,14,6,1,-0.4999999999999997,-0.8660254037844388
-4.5,-7.2,81.0,0.0,22.750000000000004,100.47,2012,2,1,16,2,0,-0.8660254037844385,-0.5000000000000004
7.4,-3.7,45.0,19.0,26.349999999999998,100.73,2012,4,8,9,6,1,0.7071067811865476,-0.7071067811865475
18.0,12.4,70.0,7.0,26.349999999999998,101.41,2012,8,22,5,2,0,0.9659258262890683,0.25881904510252074
4.6,-2.0,62.0,24.0,24.1,101.29,2012,11,9,15,4,0,-0.7071067811865471,-0.7071067811865479
12.8,12.1,96.0,13.0,22.750000000000004,99.83,2012,10,20,3,5,1,0.7071067811865476,0.7071067811865476
0.7,-7.1,56.0,26.0,26.349999999999998,101.13,2012,2,9,13,3,0,-0.2588190451025208,-0.9659258262890683
15.4,6.3,55.0,36.5,25.0,100.61,2012,4,17,3,1,0,0.7071067811865476,0.7071067811865476
-2.1,-8.5,62.0,32.0,24.1,100.88,2012,1,29,9,6,1,0.7071067811865476,-0.7071067811865475
1.1,-0.7,88.0,17.0,22.750000000000004,100.47,2012,12,21,1,4,0,0.25881904510252074,0.9659258262890683
11.0,7.4,78.0,24.0,25.0,100.63,2012,9,23,4,6,1,0.8660254037844386,0.5000000000000001
21.5,11.8,54.0,11.0,24.1,101.83,2012,3,20,14,1,0,-0.4999999999999997,-0.8660254037844388
22.1,13.6,59.0,28.0,26.349999999999998,101.15,2012,8,6,11,0,0,0.258819045102521,-0.9659258262890682
0.8,-6.0,60.0,17.0,24.1,101.46,2012,11,5,9,0,0,0.7071067811865476,-0.7071067811865475
20.0,18.5,91.0,9.0,25.0,100.68,2012,8,11,21,5,1,-0.7071067811865477,0.7071067811865474
8.4,0.3,57.0,32.0,24.1,100.79,2012,4,11,14,2,0,-0.4999999999999997,-0.8660254037844388
13.1,10.1,82.0,4.0,25.0,101.34,2012,9,28,20,4,0,-0.8660254037844386,0.5000000000000001
0.5,-6.9,58.0,6.0,24.1,102.08,2012,11,27,14,1,0,-0.4999999999999997,-0.8660254037844388
27.6,15.5,48.0,26.0,26.349999999999998,99.74,2012,6,30,12,5,1,1.2246467991473532e-16,-1.0
-3.9,-11.3,56.0,9.0,25.0,102.46,2012,3,7,1,2,0,0.25881904510252074,0.9659258262890683
23.1,18.3,74.0,6.0,24.1,100.59,2012,9,6,9,3,0,0.7071067811865476,-0.7071067811865475
14.8,8.9,68.0,6.0,26.349999999999998,101.72,2012,5,20,4,6,1,0.8660254037844386,0.5000000000000001
-6.1,-12.8,59.0,17.0,24.1,101.53,2012,2,7,8,1,0,0.8660254037844387,-0.4999999999999998
2.9,-0.2,80.0,22.0,24.1,102.21,2012,11,11,11,6,1,0.258819045102521,-0.9659258262890682
-2.5,-4.5,86.0,33.0,22.750000000000004,99.015,2012,1,13,19,4,0,-0.9659258262890684,0.2588190451025203
-9.7,-11.7,85.0,4.0,25.0,101.23,2012,12,31,6,0,0,1.0,6.123233995736766e-17
7.9,7.5,97.0,6.0,26.349999999999998,101.48,2012,9,24,7,0,0,0.9659258262890683,-0.25881904510252063
-5.8,-8.2,83.0,17.0,22.750000000000004,100.48,2012,2,1,4,2,0,0.8660254037844386,0.5000000000000001
22.8,19.4,81.0,7.0,25.0,100.57,2012,7,31,22,1,0,-0.5000000000000004,0.8660254037844384
18.7,17.8,95.0,7.0,25.0,100.94,2012,8,8,1,2,0,0.25881904510252074,0.9659258262890683
4.3,2.7,89.0,7.0,25.0,102.04,2012,10,9,4,1,0,0.8660254037844386,0.5000000000000001
16.0,12.2,78.0,11.0,25.0,101.23,2012,5,15,0,1,0,0.0,1.0
11.3,11.0,98.0,4.0,25.0,101.33,2012,10,3,1,2,0,0.25881904510252074,0.9659258262890683
-1.4,-4.0,82.0,13.0,22.750000000000004,100.4,2012,12,31,16,0,0,-0.8660254037844385,-0.5000000000000004
-3.1,-11.8,51.0,24.0,25.0,100.27,2012,11,25,17,6,1,-0.9659258262890683,-0.25881904510252063
-1.4,-5.1,76.0,7.0,24.1,101.2,2012,1,9,14,0,0,-0.4999999999999997,-0.8660254037844388
22.4,15.8,66.0,13.0,25.0,100.34,2012,8,17,20,4,0,-0.8660254037844386,0.5000000000000001
-10.8,-13.1,83.0,17.0,25.0,101.49,2012,12,25,5,1,0,0.9659258262890683,0.25881904510252074
-6.5,-12.4,63.0,15.0,24.1,101.94,2012,1,8,13,6,1,-0.2588190451025208,-0.9659258262890683
25.7,16.3,56.0,9.0,26.349999999999998,101.39,2012,6,17,11,6,1,0.258819045102521,-0.9659258262890682
10.6,7.2,79.0,26.0,25.0,100.15,2012,10,21,3,6,1,0.7071067811865476,0.7071067811865476
4.8,-2.6,59.0,17.0,25.0,101.18,2012,4,12,2,3,0,0.49999999999999994,0.8660254037844387
19.6,5.8,40.0,6.0,25.0,102.21,2012,6,14,23,3,0,-0.25881904510252157,0.9659258262890681
9.4,5.8,78.0,11.0,25.0,100.94,2012,10,18,5,3,0,0.9659258262890683,0.25881904510252074
-4.3,-6.9,82.0,28.0,22.750000000000004,100.65,2012,3,1,13,3,0,-0.2588190451025208,-0.9659258262890683
30.8,18.2,47.0,11.0,24.1,101.21,2012,7,14,19,5,1,-0.9659258262890684,0.2588190451025203
25.5,14.5,51.0,9.0,26.349999999999998,100.43,2012,7,7,20,5,1,-0.8660254037844386,0.5000000000000001
-1.8,-10.3,52.0,30.0,26.349999999999998,100.22,2012,11,25,14,6,1,-0.4999999999999997,-0.8660254037844388
15.9,13.6,86.0,11.0,25.0,100.75,2012,5,15,22,1,0,-0.5000000000000004,0.8660254037844384
18.5,17.6,94.0,11.0,25.0,100.43,2012,9,5,4,2,0,0.8660254037844386,0.5000000000000001
25.8,16.2,55.0,19.0,26.349999999999998,101.35,2012,8,23,15,3,0,-0.7071067811865471,-0.7071067811865479
-0.9,-5.1,73.0,6.0,25.0,100.34,2012,2,24,0,4,0,0.0,1.0
3.6,-8.2,42.0,9.0,26.349999999999998,102.39,2012,11,10,16,5,1,-0.8660254037844385,-0.5000000000000004
15.9,14.2,90.0,9.0,22.750000000000004,100.26,2012,6,25,3,0,0,0.7071067811865476,0.7071067811865476
21.5,10.9,51.0,0.0,26.349999999999998,100.96,2012,7,3,8,1,0,0.8660254037844387,-0.4999999999999998
25.9,16.5,56.0,15.0,26.349999999999998,101.6,2012,7,13,9,4,0,0.7071067811865476,-0.7071067811865475
13.7,9.0,73.0,9.0,25.0,100.89,2012,9,9,21,6,1,-0.7071067811865477,0.7071067811865474
2.0,-0.9,81.0,24.0,24.1,100.27,2012,1,10,10,1,0,0.49999999999999994,-0.8660254037844387
0.1,-3.6,76.0,4.0,25.0,102.47,2012,10,13,2,5,1,0.49999999999999994,0.8660254037844387
13.3,10.8,85.0,17.0,25.0,100.7,2012,5,4,1,4,0,0.25881904510252074,0.9659258262890683
18.9,13.8,72.0,9.0,25.0,101.18,2012,7,28,23,5,1,-0.25881904510252157,0.9659258262890681
-0.4,-1.8,90.0,0.0,22.750000000000004,100.31,2012,4,2,2,0,0,0.49999999999999994,0.8660254037844387
13.6,9.5,76.0,7.0,25.0,101.09,2012,9,26,19,2,0,-0.9659258262890684,0.2588190451025203
4.6,-9.7,35.0,7.0,26.349999999999998,101.24,2012,3,31,11,5,1,0.258819045102521,-0.9659258262890682
21.5,8.9,44.0,20.0,26.349999999999998,101.67,2012,9,11,16,1,0,-0.8660254037844385,-0.5000000000000004
5.0,3.6,91.0,19.0,22.750000000000004,100.19,2012,1,24,3,1,0,0.7071067811865476,0.7071067811865476
18.3,9.9,58.0,20.0,25.0,100.97,2012,8,29,23,2,0,-0.25881904510252157,0.9659258262890681
-3.2,-4.8,89.0,7.0,25.0,101.25,2012,11,9,6,4,0,1.0,6.123233995736766e-17
26.4,4.4,24.0,15.0,26.349999999999998,100.83,2012,6,23,17,5,1,-0.9659258262890683,-0.25881904510252063
-8.2,-14.6,60.0,17.0,26.349999999999998,102.04,2012,2,8,10,2,0,0.49999999999999994,-0.8660254037844387
1.6,-3.7,68.0,33.0,24.1,99.6,2012,11,24,11,5,1,0.258819045102521,-0.9659258262890682
1.0,0.6,97.0,15.0,22.750000000000004,101.89,2012,3,14,17,2,0,-0.9659258262890683,-0.25881904510252063
7.9,-1.0,53.0,11.0,25.0,101.35,2012,5,12,4,5,1,0.8660254037844386,0.5000000000000001
5.9,-6.2,41.0,13.0,25.0,101.03,2012,3,25,1,6,1,0.25881904510252074,0.9659258262890683
24.0,10.1,41.0,26.0,26.349999999999998,100.83,2012,7,18,15,2,0,-0.7071067811865471,-0.7071067811865479
-9.4,-16.5,56.0,22.0,25.0,100.37,2012,2,13,1,0,0,0.25881904510252074,0.9659258262890683
-8.9,-12.3,76.0,20.0,25.0,100.99,2012,12,24,3,0,0,0.7071067811865476,0.7071067811865476
24.6,7.4,33.0,7.0,26.349999999999998,101.45,2012,6,10,11,6,1,0.258819045102521,-0.9659258262890682
2.1,-16.5,24.0,15.0,26.349999999999998,101.98,2012,3,27,15,1,0,-0.7071067811865471,-0.7071067811865479
8.2,-1.1,52.0,15.0,25.0,101.92,2012,10,13,19,5,1,-0.9659258262890684,0.2588190451025203
19.2,8.6,50.0,6.0,26.349999999999998,101.54,2012,5,14,9,0,0,0.7071067811865476,-0.7071067811865475
-15.1,-22.1,55.0,24.0,24.1,101.11,2012,3,5,9,0,0,0.7071067811865476,-0.7071067811865475
25.0,13.0,47.0,7.0,26.349999999999998,101.66,2012,6,16,19,5,1,-0.9659258262890684,0.2588190451025203
0.3,-1.1,90.0,17.0,22.750000000000004,99.015,2012,2,24,21,4,0,-0.7071067811865477,0.7071067811865474
-6.6,-12.8,61.0,28.0,25.0,100.62,2012,2,25,22,5,1,-0.5000000000000004,0.8660254037844384
19.5,16.0,80.0,15.0,24.1,100.24,2012,8,17,7,4,0,0.9659258262890683,-0.25881904510252063
17.9,12.8,72.0,24.0,24.1,100.12,2012,6,25,10,0,0,0.49999999999999994,-0.8660254037844387
13.7,10.3,80.0,19.0,24.1,100.53,2012,5,8,5,1,0,0.9659258262890683,0.25881904510252074
15.8,14.4,91.0,24.0,22.750000000000004,100.68,2012,9,22,3,5,1,0.7071067811865476,0.7071067811865476
3.0,-4.5,58.0,11.0,25.0,101.21,2012,11,4,18,6,1,-1.0,-1.8369701987210297e-16
22.1,18.0,78.0,11.0,25.0,101.85,2012,8,26,0,6,1,0.0,1.0
5.6,2.4,80.0,36.5,24.1,99.015,2012,4,23,16,0,0,-0.8660254037844385,-0.5000000000000004
22.8,7.3,37.0,20.0,26.349999999999998,101.21,2012,5,12,17,5,1,-0.9659258262890683,-0.25881904510252063
11.1,-2.1,40.0,0.0,25.0,101.57,2012,5,6,23,6,1,-0.25881904510252157,0.9659258262890681
-3.8,-13.6,46.0,26.0,26.349999999999998,101.19,2012,3,26,7,0,0,0.9659258262890683,-0.25881904510252063
13.1,0.6,42.0,13.0,25.0,100.74,2012,4,15,1,6,1,0.25881904510252074,0.9659258262890683
21.8,16.7,73.0,6.0,25.0,101.55,2012,8,23,23,3,0,-0.25881904510252157,0.9659258262890681
18.2,15.7,85.0,0.0,26.349999999999998,100.85,2012,8,16,6,3,0,1.0,6.123233995736766e-17
-2.4,-5.4,80.0,9.0,24.1,103.135,2012,11,18,9,6,1,0.7071067811865476,-0.7071067811865475
15.4,9.0,66.0,15.0,24.1,101.28,2012,5,2,18,2,0,-1.0,-1.8369701987210297e-16
7.1,3.1,76.0,19.0,24.1,99.015,2012,4,24,5,1,0,0.9659258262890683,0.25881904510252074
8.4,1.9,64.0,19.0,26.349999999999998,99.08,2012,4,24,15,1,0,-0.7071067811865471,-0.7071067811865479
20.6,14.4,68.0,9.0,25.0,100.07,2012,7,26,3,3,0,0.7071067811865476,0.7071067811865476
-5.4,-8.3,80.0,28.0,22.750000000000004,100.8,2012,3,1,2,3,0,0.49999999999999994,0.8660254037844387
20.2,6.0,39.0,9.0,25.0,102.2,2012,6,14,22,3,0,-0.5000000000000004,0.8660254037844384
-15.7,-22.5,56.0,24.0,24.1,101.0,2012,3,5,8,0,0,0.8660254037844387,-0.4999999999999998
16.6,6.0,50.0,13.0,26.349999999999998,101.32,2012,9,10,13,0,0,-0.2588190451025208,-0.9659258262890683
-6.5,-12.0,65.0,19.0,24.1,101.97,2012,1,8,14,6,1,-0.4999999999999997,-0.8660254037844388
-0.9,-1.9,93.0,35.0,22.750000000000004,99.015,2012,12,22,5,5,1,0.9659258262890683,0.25881904510252074
2.4,-3.0,67.0,7.0,25.0,101.25,2012,11,8,18,3,0,-1.0,-1.8369701987210297e-16
6.8,-1.8,54.0,17.0,25.0,101.34,2012,4,14,2,5,1,0.49999999999999994,0.8660254037844387
25.5,16.9,59.0,22.0,24.1,101.12,2012,5,25,11,4,0,0.258819045102521,-0.9659258262890682
21.7,14.5,64.0,9.0,25.0,101.03,2012,8,6,21,0,0,-0.7071067811865477,0.7071067811865474
-5.3,-8.9,76.0,4.0,25.0,102.19,2012,2,21,3,1,0,0.7071067811865476,0.7071067811865476
-6.4,-7.5,92.0,4.0,22.750000000000004,102.66,2012,12,13,6,3,0,1.0,6.123233995736766e-17
21.8,19.1,85.0,6.0,25.0,100.67,2012,7,15,23,6,1,-0.25881904510252157,0.9659258262890681
0.5,-2.1,83.0,19.0,22.750000000000004,100.1,2012,2,22,0,2,0,0.0,1.0
20.2,14.6,70.0,11.0,25.0,101.96,2012,9,12,23,2,0,-0.25881904510252157,0.9659258262890681
23.2,16.0,64.0,13.0,24.1,100.98,2012,6,19,10,1,0,0.49999999999999994,-0.8660254037844387
7.7,1.5,65.0,9.0,26.349999999999998,101.79,2012,5,18,5,4,0,0.9659258262890683,0.25881904510252074
12.6,7.1,69.0,15.0,26.349999999999998,100.98,2012,6,5,6,1,0,1.0,6.123233995736766e-17
1.5,-5.0,62.0,36.5,25.0,99.96,2012,1,29,0,6,1,0.0,1.0
4.7,2.5,86.0,20.0,25.0,99.46,2012,11,2,4,4,0,0.8660254037844386,0.5000000000000001
19.3,14.4,73.0,13.0,22.750000000000004,99.96,2012,6,27,13,2,0,-0.2588190451025208,-0.9659258262890683
7.9,0.7,60.0,11.0,25.0,101.35,2012,3,12,22,0,0,-0.5000000000000004,0.8660254037844384
23.6,7.7,36.0,22.0,26.349999999999998,101.19,2012,5,12,16,5,1,-0.8660254037844385,-0.5000000000000004
26.1,7.1,30.0,15.0,26.349999999999998,100.82,2012,6,23,14,5,1,-0.4999999999999997,-0.8660254037844388
23.6,16.3,64.0,13.0,25.0,100.02,2012,6,30,21,5,1,-0.7071067811865477,0.7071067811865474
-3.0,-9.5,61.0,20.0,25.0,101.67,2012,11,26,17,0,0,-0.9659258262890683,-0.25881904510252063
12.0,11.8,99.0,7.0,22.750000000000004,101.57,2012,10,4,8,3,0,0.8660254037844387,-0.4999999999999998
2.7,-4.1,61.0,35.0,24.1,100.65,2012,4,27,12,4,0,1.2246467991473532e-16,-1.0
-11.1,-17.7,58.0,36.5,24.1,100.92,2012,1,18,11,2,0,0.258819045102521,-0.9659258262890682
-3.3,-5.6,84.0,24.0,22.750000000000004,99.22,2012,1,17,19,1,0,-0.9659258262890684,0.2588190451025203
19.6,14.3,71.0,22.0,24.1,101.01,2012,6,19,7,1,0,0.9659258262890683,-0.25881904510252063
18.1,13.0,72.0,13.0,25.0,100.69,2012,7,2,0,0,0,0.0,1.0
-7.4,-11.9,70.0,35.0,22.750000000000004,100.0,2012,12,22,22,5,1,-0.5000000000000004,0.8660254037844384
-3.6,-5.0,90.0,36.5,22.750000000000004,99.015,2012,12,22,10,5,1,0.49999999999999994,-0.8660254037844387
16.6,13.3,81.0,9.0,26.349999999999998,100.95,2012,8,6,5,0,0,0.9659258262890683,0.25881904510252074
-5.9,-17.6,39.0,19.0,26.349999999999998,101.94,2012,2,7,17,1,0,-0.9659258262890683,-0.25881904510252063
5.0,1.6,79.0,17.0,25.0,100.73,2012,11,3,20,5,1,-0.8660254037844386,0.5000000000000001
18.1,17.0,93.0,32.0,24.1,99.28,2012,9,18,15,1,0,-0.7071067811865471,-0.7071067811865479
11.0,8.9,87.0,15.0,22.750000000000004,100.14,2012,5,29,5,1,0,0.9659258262890683,0.25881904510252074
5.4,-2.9,55.0,28.0,24.1,102.25,2012,11,13,15,1,0,-0.7071067811865471,-0.7071067811865479
24.2,19.3,74.0,19.0,25.0,101.16,2012,8,5,2,6,1,0.49999999999999994,0.8660254037844387
1.3,-0.1,90.0,4.0,22.750000000000004,101.85,2012,11,22,2,3,0,0.49999999999999994,0.8660254037844387
16.7,9.7,63.0,11.0,26.349999999999998,101.27,2012,7,19,7,3,0,0.9659258262890683,-0.25881904510252063
-2.1,-9.8,56.0,15.0,26.349999999999998,101.36,2012,2,19,17,6,1,-0.9659258262890683,-0.25881904510252063
-5.9,-9.7,74.0,9.0,25.0,101.48,2012,2,19,5,6,1,0.9659258262890683,0.25881904510252074
7.0,-8.2,33.0,7.0,26.349999999999998,100.87,2012,3,31,18,5,1,-1.0,-1.8369701987210297e-16
8.2,5.4,82.0,4.0,25.0,101.51,2012,5,14,4,0,0,0.8660254037844386,0.5000000000000001
17.1,7.5,53.0,33.0,25.0,101.13,2012,11,12,17,0,0,-0.9659258262890683,-0.25881904510252063
-7.6,-14.8,56.0,4.0,25.0,101.34,2012,1,16,17,0,0,-0.9659258262890683,-0.25881904510252063
19.8,13.7,68.0,7.0,25.0,101.52,2012,6,17,1,6,1,0.25881904510252074,0.9659258262890683
16.5,9.5,63.0,7.0,25.0,101.66,2012,3,21,23,2,0,-0.25881904510252157,0.9659258262890681
6.2,0.2,65.0,9.0,25.0,100.69,2012,4,25,22,2,0,-0.5000000000000004,0.8660254037844384
-18.6,-22.8,69.0,6.0,22.750000000000004,102.91,2012,1,22,7,6,1,0.9659258262890683,-0.25881904510252063
8.4,-3.9,42.0,9.0,26.349999999999998,101.66,2012,4,18,19,2,0,-0.9659258262890684,0.2588190451025203
18.6,14.4,77.0,11.0,25.0,101.53,2012,10,3,21,2,0,-0.7071067811865477,0.7071067811865474
20.8,14.3,66.0,11.0,25.0,101.81,2012,8,25,4,5,1,0.8660254037844386,0.5000000000000001
20.8,18.7,88.0,11.0,24.1,100.64,2012,8,1,7,2,0,0.9659258262890683,-0.25881904510252063
10.0,6.9,81.0,0.0,25.0,100.6,2012,6,9,4,5,1,0.8660254037844386,0.5000000000000001
15.9,8.6,62.0,6.0,25.0,100.88,2012,8,18,21,5,1,-0.7071067811865477,0.7071067811865474
-1.0,-6.0,69.0,7.0,25.0,102.75,2012,11,13,21,1,0,-0.7071067811865477,0.7071067811865474
19.1,12.5,66.0,4.0,25.0,101.0,2012,9,1,1,5,1,0.25881904510252074,0.9659258262890683
25.6,16.0,55.0,6.0,24.1,100.63,2012,7,27,16,4,0,-0.8660254037844385,-0.5000000000000004
1.0,-5.9,60.0,7.0,25.0,102.54,2012,11,15,18,3,0,-1.0,-1.8369701987210297e-16
3.7,1.0,82.0,36.5,22.750000000000004,100.04,2012,3,8,21,3,0,-0.7071067811865477,0.7071067811865474
-14.6,-21.0,58.0,13.0,25.0,102.85,2012,3,6,5,1,0,0.9659258262890683,0.25881904510252074
9.5,6.9,84.0,7.0,24.1,101.36,2012,10,28,7,6,1,0.9659258262890683,-0.25881904510252063
-7.0,-9.7,81.0,7.0,22.750000000000004,100.16,2012,1,7,7,5,1,0.9659258262890683,-0.25881904510252063
22.3,14.5,61.0,7.0,26.349999999999998,101.44,2012,7,21,9,5,1,0.7071067811865476,-0.7071067811865475
11.8,9.9,88.0,6.0,25.0,100.85,2012,5,23,2,2,0,0.49999999999999994,0.8660254037844387
-5.3,-6.9,88.0,4.0,22.750000000000004,102.4,2012,11,16,1,4,0,0.25881904510252074,0.9659258262890683
9.4,8.8,96.0,15.0,22.750000000000004,100.32,2012,10,6,5,5,1,0.9659258262890683,0.25881904510252074
18.7,12.7,68.0,13.0,24.1,101.21,2012,5,23,11,2,0,0.258819045102521,-0.9659258262890682
-1.0,-4.3,78.0,15.0,24.1,101.62,2012,12,20,14,3,0,-0.4999999999999997,-0.8660254037844388
19.1,7.5,47.0,20.0,26.349999999999998,101.39,2012,9,20,15,3,0,-0.7071067811865471,-0.7071067811865479
24.8,18.6,68.0,24.0,24.1,100.06,2012,8,17,14,4,0,-0.4999999999999997,-0.8660254037844388
14.2,12.9,92.0,4.0,25.0,101.28,2012,10,2,22,1,0,-0.5000000000000004,0.8660254037844384
18.8,13.0,69.0,26.0,24.1,100.13,2012,6,25,9,0,0,0.7071067811865476,-0.7071067811865475
22.0,5.6,34.0,24.0,26.349999999999998,101.25,2012,5,12,13,5,1,-0.2588190451025208,-0.9659258262890683
3.1,-1.8,70.0,11.0,26.349999999999998,101.89,2012,3,12,6,0,0,1.0,6.123233995736766e-17
10.7,7.9,83.0,24.0,22.750000000000004,100.64,2012,12,4,16,1,0,-0.8660254037844385,-0.5000000000000004
14.9,-3.0,29.0,15.0,26.349999999999998,101.87,2012,3,23,11,4,0,0.258819045102521,-0.9659258262890682
-15.0,-23.9,47.0,30.0,26.349999999999998,102.09,2012,1,20,15,4,0,-0.7071067811865471,-0.7071067811865479
-8.9,-12.8,73.0,4.0,25.0,102.22,2012,2,2,20,3,0,-0.8660254037844386,0.5000000000000001
-3.9,-6.5,82.0,15.0,25.0,102.06,2012,12,2,2,6,1,0.49999999999999994,0.8660254037844387
14.2,9.9,75.0,15.0,25.0,101.02,2012,9,26,0,2,0,0.0,1.0
-2.9,-6.3,77.0,6.0,25.0,102.46,2012,11,15,21,3,0,-0.7071067811865477,0.7071067811865474
7.3,6.2,93.0,9.0,25.0,101.43,2012,9,16,4,6,1,0.8660254037844386,0.5000000000000001
8.3,6.4,88.0,11.0,25.0,101.5,2012,10,26,2,4,0,0.49999999999999994,0.8660254037844387
25.8,17.3,59.0,11.0,24.1,100.71,2012,8,16,13,3,0,-0.2588190451025208,-0.9659258262890683
6.3,3.7,83.0,19.0,25.0,100.18,2012,4,21,0,5,1,0.0,1.0
-5.4,-9.2,75.0,11.0,22.750000000000004,101.68,2012,1,9,9,0,0,0.7071067811865476,-0.7071067811865475
4.4,-0.1,73.0,24.0,25.0,101.14,2012,10,12,5,4,0,0.9659258262890683,0.25881904510252074
22.6,10.9,48.0,19.0,26.349999999999998,101.17,2012,8,21,17,1,0,-0.9659258262890683,-0.25881904510252063
-8.7,-14.1,65.0,6.0,26.349999999999998,102.04,2012,2,20,9,0,0,0.7071067811865476,-0.7071067811865475
26.6,16.4,54.0,9.0,25.0,101.37,2012,7,13,22,4,0,-0.5000000000000004,0.8660254037844384
14.7,9.3,70.0,6.0,26.349999999999998,101.76,2012,5,20,5,6,1,0.9659258262890683,0.25881904510252074
-3.1,-10.3,57.0,26.0,25.0,101.25,2012,2,8,21,2,0,-0.7071067811865477,0.7071067811865474
5.4,1.1,74.0,7.0,26.349999999999998,101.92,2012,10,8,8,0,0,0.8660254037844387,-0.4999999999999998
13.9,11.0,83.0,15.0,25.0,101.14,2012,9,21,3,4,0,0.7071067811865476,0.7071067811865476
-9.3,-11.3,85.0,0.0,22.750000000000004,101.19,2012,12,31,7,0,0,0.9659258262890683,-0.25881904510252063
-4.0,-12.0,54.0,15.0,24.1,101.71,2012,1,26,13,3,0,-0.2588190451025208,-0.9659258262890683
-0.2,-4.6,72.0,20.0,24.1,101.46,2012,11,8,8,3,0,0.8660254037844387,-0.4999999999999998
0.7,-0.9,89.0,4.0,22.750000000000004,101.92,2012,2,16,5,3,0,0.9659258262890683,0.25881904510252074
12.5,-4.2,31.0,15.0,26.349999999999998,101.83,2012,4,30,15,0,0,-0.7071067811865471,-0.7071067811865479
21.6,12.5,56.0,7.0,22.750000000000004,101.6,2012,5,26,10,5,1,0.49999999999999994,-0.8660254037844387
18.8,6.0,43.0,19.0,26.349999999999998,100.85,2012,5,31,16,3,0,-0.8660254037844385,-0.5000000000000004
22.1,18.1,78.0,6.0,25.0,100.53,2012,9,5,23,2,0,-0.25881904510252157,0.9659258262890681
-10.6,-17.9,55.0,26.0,25.0,100.55,2012,2,12,22,6,1,-0.5000000000000004,0.8660254037844384
23.8,11.4,46.0,11.0,26.349999999999998,100.89,2012,6,23,11,5,1,0.258819045102521,-0.9659258262890682
11.5,5.8,68.0,22.0,25.0,100.56,2012,10,21,18,6,1,-1.0,-1.8369701987210297e-16
18.2,17.4,95.0,20.0,25.0,100.58,2012,8,10,22,4,0,-0.5000000000000004,0.8660254037844384
-5.5,-7.5,86.0,15.0,22.750000000000004,101.21,2012,3,2,11,4,0,0.258819045102521,-0.9659258262890682
9.3,-3.2,41.0,7.0,26.349999999999998,101.97,2012,4,18,14,2,0,-0.4999999999999997,-0.8660254037844388
6.4,-1.2,58.0,0.0,24.1,101.8,2012,11,22,10,3,0,0.49999999999999994,-0.8660254037844387
21.4,16.6,74.0,4.0,25.0,100.86,2012,7,27,21,4,0,-0.7071067811865477,0.7071067811865474
23.4,16.9,67.0,7.0,25.0,101.9,2012,8,26,2,6,1,0.49999999999999994,0.8660254037844387
14.1,11.7,85.0,7.0,25.0,100.56,2012,6,8,3,4,0,0.7071067811865476,0.7071067811865476
22.7,7.5,38.0,17.0,26.349999999999998,102.16,2012,6,14,18,3,0,-1.0,-1.8369701987210297e-16
6.6,6.5,99.0,13.0,22.750000000000004,100.68,2012,12,2,20,6,1,-0.8660254037844386,0.5000000000000001
4.2,-3.0,59.0,11.0,26.349999999999998,99.89,2012,4,4,6,2,0,1.0,6.123233995736766e-17
2.1,-1.0,80.0,6.0,25.0,101.89,2012,11,21,18,2,0,-1.0,-1.8369701987210297e-16
8.5,2.7,67.0,0.0,25.0,101.85,2012,9,19,22,2,0,-0.5000000000000004,0.8660254037844384
24.8,22.6,88.0,22.0,22.750000000000004,100.71,2012,8,5,10,6,1,0.49999999999999994,-0.8660254037844387
7.2,1.1,65.0,33.0,25.0,100.83,2012,10,12,3,4,0,0.7071067811865476,0.7071067811865476
-3.4,-7.9,71.0,13.0,25.0,101.16,2012,2,9,1,3,0,0.25881904510252074,0.9659258262890683
1.6,-4.8,62.0,19.0,25.0,100.05,2012,2,23,19,3,0,-0.9659258262890684,0.2588190451025203
13.8,8.9,72.0,17.0,24.1,100.28,2012,10,6,14,5,1,-0.4999999999999997,-0.8660254037844388
9.4,-0.5,50.0,7.0,26.349999999999998,101.42,2012,5,12,6,5,1,1.0,6.123233995736766e-17
6.9,2.6,74.0,0.0,25.0,101.73,2012,10,23,21,1,0,-0.7071067811865477,0.7071067811865474
12.8,10.5,86.0,9.0,24.1,100.43,2012,6,2,12,5,1,1.2246467991473532e-16,-1.0
21.3,18.7,85.0,17.0,22.750000000000004,100.93,2012,8,9,17,3,0,-0.9659258262890683,-0.25881904510252063
24.8,13.5,49.0,17.0,24.1,100.69,2012,8,20,12,0,0,1.2246467991473532e-16,-1.0
-0.7,-7.4,60.0,4.0,24.1,102.16,2012,11,27,12,1,0,1.2246467991473532e-16,-1.0
-13.4,-19.4,61.0,11.0,25.0,101.01,2012,2,14,4,1,0,0.8660254037844386,0.5000000000000001
-1.0,-7.6,61.0,19.0,26.349999999999998,101.43,2012,3,9,14,4,0,-0.4999999999999997,-0.8660254037844388
24.5,7.7,34.0,24.0,26.349999999999998,100.72,2012,7,8,16,6,1,-0.8660254037844385,-0.5000000000000004
21.0,11.2,53.0,22.0,26.349999999999998,100.83,2012,8,18,12,5,1,1.2246467991473532e-16,-1.0
2.3,-1.9,74.0,9.0,25.0,101.82,2012,3,12,5,0,0,0.9659258262890683,0.25881904510252074
26.7,9.3,33.0,15.0,26.349999999999998,101.66,2012,7,11,13,2,0,-0.2588190451025208,-0.9659258262890683
23.5,16.1,63.0,11.0,25.0,101.41,2012,7,12,23,3,0,-0.25881904510252157,0.9659258262890681
15.5,9.4,67.0,32.0,24.1,100.72,2012,4,15,10,6,1,0.49999999999999994,-0.8660254037844387
-4.2,-10.0,64.0,9.0,25.0,101.43,2012,2,5,17,6,1,-0.9659258262890683,-0.25881904510252063
27.7,15.7,48.0,20.0,26.349999999999998,100.87,2012,8,7,13,1,0,-0.2588190451025208,-0.9659258262890683
17.4,11.1,66.0,7.0,26.349999999999998,102.04,2012,9,12,8,2,0,0.8660254037844387,-0.4999999999999998
-1.5,-3.8,84.0,20.0,25.0,100.88,2012,3,28,4,2,0,0.8660254037844386,0.5000000000000001
20.1,15.6,75.0,13.0,25.0,101.04,2012,8,6,22,0,0,-0.5000000000000004,0.8660254037844384
5.5,2.8,83.0,11.0,22.750000000000004,100.67,2012,3,13,16,1,0,-0.8660254037844385,-0.5000000000000004
16.6,12.9,79.0,11.0,26.349999999999998,101.76,2012,8,24,6,4,0,1.0,6.123233995736766e-17
16.6,0.9,35.0,15.0,26.349999999999998,100.95,2012,4,19,12,3,0,1.2246467991473532e-16,-1.0
-5.7,-12.1,61.0,20.0,25.0,102.08,2012,11,29,20,3,0,-0.8660254037844386,0.5000000000000001
13.5,7.5,67.0,11.0,25.0,101.15,2012,10,27,20,5,1,-0.8660254037844386,0.5000000000000001
26.4,16.1,53.0,22.0,25.0,100.59,2012,5,25,19,4,0,-0.9659258262890684,0.2588190451025203
18.5,13.8,74.0,33.0,24.1,100.14,2012,9,22,10,5,1,0.49999999999999994,-0.8660254037844387
7.7,4.9,82.0,0.0,25.0,101.77,2012,3,17,22,5,1,-0.5000000000000004,0.8660254037844384
12.3,6.1,66.0,17.0,25.0,100.94,2012,10,19,0,4,0,0.0,1.0
11.9,6.7,70.0,13.0,25.0,100.96,2012,10,19,4,4,0,0.8660254037844386,0.5000000000000001
21.6,4.4,32.0,7.0,26.349999999999998,100.88,2012,6,5,14,1,0,-0.4999999999999997,-0.8660254037844388
14.3,12.3,88.0,17.0,22.750000000000004,100.12,2012,5,9,8,2,0,0.8660254037844387,-0.4999999999999998
0.3,-0.2,96.0,15.0,22.750000000000004,102.07,2012,3,14,19,2,0,-0.9659258262890684,0.2588190451025203
24.8,18.5,68.0,20.0,24.1,100.38,2012,8,31,16,4,0,-0.8660254037844385,-0.5000000000000004
-3.7,-6.1,83.0,11.0,22.750000000000004,100.09,2012,1,7,15,5,1,-0.7071067811865471,-0.7071067811865479
30.7,19.7,52.0,17.0,26.349999999999998,100.35,2012,7,23,14,0,0,-0.4999999999999997,-0.8660254037844388
22.2,11.0,49.0,11.0,25.0,101.61,2012,5,21,0,0,0,0.0,1.0
18.5,7.4,48.0,9.0,24.1,101.64,2012,5,26,20,5,1,-0.8660254037844386,0.5000000000000001
23.5,17.1,67.0,4.0,25.0,100.89,2012,8,8,22,2,0,-0.5000000000000004,0.8660254037844384
17.8,7.8,52.0,24.0,26.349999999999998,101.2,2012,5,28,11,0,0,0.258819045102521,-0.9659258262890682
-7.0,-14.7,54.0,20.0,25.0,100.26,2012,1,2,22,0,0,-0.5000000000000004,0.8660254037844384
-3.6,-17.4,33.0,26.0,25.0,101.9,2012,3,26,23,0,0,-0.25881904510252157,0.9659258262890681
16.1,9.6,65.0,9.0,24.1,101.13,2012,6,6,9,2,0,0.7071067811865476,-0.7071067811865475
-12.7,-17.2,69.0,17.0,26.349999999999998,101.73,2012,1,19,9,3,0,0.7071067811865476,-0.7071067811865475
6.7,-10.3,28.0,9.0,25.0,101.24,2012,4,6,21,4,0,-0.7071067811865477,0.7071067811865474
-0.6,-5.1,72.0,19.0,25.0,100.79,2012,2,18,5,5,1,0.9659258262890683,0.25881904510252074
5.6,3.4,86.0,30.0,25.0,101.6,2012,11,13,5,1,0,0.9659258262890683,0.25881904510252074
20.2,16.0,77.0,9.0,26.349999999999998,101.67,2012,8,4,6,5,1,1.0,6.123233995736766e-17
-12.0,-16.2,71.0,24.0,22.750000000000004,100.16,2012,1,14,3,5,1,0.7071067811865476,0.7071067811865476
3.2,-4.2,58.0,13.0,24.1,101.2,2012,11,8,17,3,0,-0.9659258262890683,-0.25881904510252063
23.9,15.5,59.0,15.0,24.1,100.8,2012,6,12,10,1,0,0.49999999999999994,-0.8660254037844387
9.5,6.9,84.0,26.0,25.0,100.89,2012,10,29,1,0,0,0.25881904510252074,0.9659258262890683
24.0,18.1,70.0,9.0,25.0,100.58,2012,9,5,21,2,0,-0.7071067811865477,0.7071067811865474
0.4,0.1,98.0,7.0,22.750000000000004,99.78,2012,12,19,2,2,0,0.49999999999999994,0.8660254037844387
17.7,7.8,52.0,9.0,25.0,101.43,2012,7,10,23,1,0,-0.25881904510252157,0.9659258262890681
0.6,-0.8,90.0,19.0,22.750000000000004,99.015,2012,2,24,22,4,0,-0.5000000000000004,0.8660254037844384
9.8,7.6,86.0,6.0,25.0,101.37,2012,3,19,0,0,0,0.0,1.0
26.2,12.1,41.0,6.0,26.349999999999998,101.71,2012,6,16,18,5,1,-1.0,-1.8369701987210297e-16
20.7,9.7,49.0,9.0,26.349999999999998,101.67,2012,3,21,18,2,0,-1.0,-1.8369701987210297e-16
-4.8,-9.9,67.0,19.0,25.0,100.75,2012,1,20,3,4,0,0.7071067811865476,0.7071067811865476
-16.4,-23.7,53.0,6.0,25.0,102.29,2012,1,21,0,5,1,0.0,1.0
-4.1,-8.6,71.0,26.0,25.0,100.5,2012,1,20,0,4,0,0.0,1.0
6.1,4.5,89.0,6.0,22.750000000000004,99.015,2012,4,24,2,1,0,0.49999999999999994,0.8660254037844387
19.5,13.7,69.0,17.0,24.1,100.46,2012,6,8,12,4,0,1.2246467991473532e-16,-1.0
1.7,-0.6,85.0,17.0,24.1,102.31,2012,11,11,10,6,1,0.49999999999999994,-0.8660254037844387
15.6,5.2,50.0,15.0,25.0,100.86,2012,10,18,19,3,0,-0.9659258262890684,0.2588190451025203
28.5,19.8,59.0,17.0,24.1,101.06,2012,6,20,11,2,0,0.258819045102521,-0.9659258262890682
28.0,15.6,47.0,11.0,24.1,100.98,2012,8,8,14,2,0,-0.4999999999999997,-0.8660254037844388
6.9,-3.4,48.0,6.0,26.349999999999998,102.24,2012,4,18,11,2,0,0.258819045102521,-0.9659258262890682
27.5,17.8,55.0,17.0,25.0,100.14,2012,6,21,22,3,0,-0.5000000000000004,0.8660254037844384
5.9,-5.0,45.0,9.0,25.0,100.91,2012,3,25,2,6,1,0.49999999999999994,0.8660254037844387
24.3,17.7,67.0,11.0,25.0,101.01,2012,7,23,0,0,0,0.0,1.0
25.2,17.9,64.0,26.0,26.349999999999998,101.23,2012,7,22,9,6,1,0.7071067811865476,-0.7071067811865475
21.1,17.5,80.0,19.0,24.1,101.01,2012,8,9,8,3,0,0.8660254037844387,-0.4999999999999998
14.2,6.9,61.0,17.0,25.0,100.53,2012,5,16,21,2,0,-0.7071067811865477,0.7071067811865474
-0.7,-5.7,69.0,4.0,25.0,102.46,2012,11,15,20,3,0,-0.8660254037844386,0.5000000000000001
-12.7,-20.4,53.0,17.0,24.1,101.68,2012,1,11,12,2,0,1.2246467991473532e-16,-1.0
26.5,18.8,63.0,13.0,24.1,101.21,2012,7,15,9,6,1,0.7071067811865476,-0.7071067811865475
1.1,-1.9,80.0,4.0,22.750000000000004,102.39,2012,11,19,18,0,0,-1.0,-1.8369701987210297e-16
21.0,19.8,93.0,0.0,25.0,100.53,2012,8,1,0,2,0,0.0,1.0
4.8,1.5,79.0,17.0,25.0,102.12,2012,11,11,17,6,1,-0.9659258262890683,-0.25881904510252063
-12.6,-21.2,49.0,0.0,25.0,102.11,2012,2,8,5,2,0,0.9659258262890683,0.25881904510252074
18.2,8.8,54.0,4.0,25.0,101.62,2012,5,19,23,5,1,-0.25881904510252157,0.9659258262890681
8.4,-9.7,27.0,13.0,25.0,100.5,2012,4,3,19,1,0,-0.9659258262890684,0.2588190451025203
6.7,4.5,86.0,11.0,22.750000000000004,101.57,2012,10,26,7,4,0,0.9659258262890683,-0.25881904510252063
1.1,-0.5,89.0,7.0,22.750000000000004,102.0,2012,2,16,1,3,0,0.25881904510252074,0.9659258262890683
20.0,13.3,65.0,20.0,26.349999999999998,101.11,2012,8,6,9,0,0,0.7071067811865476,-0.7071067811865475
12.4,0.6,44.0,4.0,26.349999999999998,101.71,2012,3,12,15,0,0,-0.7071067811865471,-0.7071067811865479
12.2,6.8,70.0,11.0,25.0,100.26,2012,5,29,2,1,0,0.49999999999999994,0.8660254037844387
1.7,-7.4,51.0,17.0,26.349999999999998,101.47,2012,11,5,11,0,0,0.258819045102521,-0.9659258262890682
-4.5,-6.2,88.0,36.5,22.750000000000004,100.44,2012,12,27,16,3,0,-0.8660254037844385,-0.5000000000000004
25.8,3.5,24.0,13.0,26.349999999999998,100.84,2012,6,23,19,5,1,-0.9659258262890684,0.2588190451025203
-10.1,-15.5,65.0,17.0,25.0,100.21,2012,3,4,22,6,1,-0.5000000000000004,0.8660254037844384
0.5,-0.2,95.0,22.0,22.750000000000004,99.76,2012,12,18,11,1,0,0.258819045102521,-0.9659258262890682
-5.5,-12.6,57.0,17.0,24.1,101.39,2012,2,7,7,1,0,0.9659258262890683,-0.25881904510252063
7.3,-0.1,59.0,9.0,25.0,101.27,2012,10,7,18,6,1,-1.0,-1.8369701987210297e-16
29.7,20.8,59.0,11.0,24.1,100.33,2012,7,6,18,4,0,-1.0,-1.8369701987210297e-16
23.0,17.8,73.0,6.0,25.0,100.93,2012,8,8,21,2,0,-0.7071067811865477,0.7071067811865474
-3.6,-4.5,93.0,6.0,22.750000000000004,102.08,2012,11,20,3,1,0,0.7071067811865476,0.7071067811865476
7.7,-5.4,39.0,15.0,25.0,101.43,2012,4,7,20,5,1,-0.8660254037844386,0.5000000000000001
14.0,9.2,73.0,15.0,24.1,99.9,2012,10,20,16,5,1,-0.8660254037844385,-0.5000000000000004
17.7,13.3,75.0,11.0,25.0,100.15,2012,6,28,1,3,0,0.25881904510252074,0.9659258262890683
18.4,9.8,57.0,9.0,26.349999999999998,100.12,2012,6,3,12,6,1,1.2246467991473532e-16,-1.0
14.0,10.7,80.0,9.0,25.0,100.84,2012,5,22,23,1,0,-0.25881904510252157,0.9659258262890681
-7.8,-11.6,74.0,32.0,22.750000000000004,100.19,2012,12,23,0,6,1,0.0,1.0
-0.7,-8.7,55.0,24.0,24.1,99.5,2012,1,2,16,0,0,-0.8660254037844385,-0.5000000000000004
15.1,-2.9,29.0,13.0,26.349999999999998,100.95,2012,5,11,19,4,0,-0.9659258262890684,0.2588190451025203
-0.3,-2.3,86.0,19.0,22.750000000000004,99.015,2012,1,27,16,4,0,-0.8660254037844385,-0.5000000000000004
25.9,10.0,37.0,20.0,26.349999999999998,100.66,2012,7,2,18,0,0,-1.0,-1.8369701987210297e-16
29.3,15.9,44.0,17.0,26.349999999999998,101.13,2012,7,30,14,0,0,-0.4999999999999997,-0.8660254037844388
18.6,13.0,70.0,13.0,25.0,100.44,2012,8,17,23,4,0,-0.25881904510252157,0.9659258262890681
16.1,-2.7,27.0,11.0,26.349999999999998,101.56,2012,5,6,18,6,1,-1.0,-1.8369701987210297e-16
16.4,13.7,84.0,6.0,26.349999999999998,101.72,2012,8,24,5,4,0,0.9659258262890683,0.25881904510252074
-4.8,-7.3,83.0,28.0,22.750000000000004,99.015,2012,1,13,11,4,0,0.258819045102521,-0.9659258262890682
4.7,-10.9,31.0,19.0,26.349999999999998,101.74,2012,3,24,13,5,1,-0.2588190451025208,-0.9659258262890683
-11.2,-17.2,61.0,35.0,24.1,100.78,2012,1,18,10,2,0,0.49999999999999994,-0.8660254037844387
2.3,1.0,91.0,6.0,22.750000000000004,101.09,2012,12,8,7,5,1,0.9659258262890683,-0.25881904510252063
26.6,16.7,55.0,11.0,26.349999999999998,101.23,2012,6,17,13,6,1,-0.2588190451025208,-0.9659258262890683
20.1,7.3,43.0,0.0,25.0,100.95,2012,6,23,21,5,1,-0.7071067811865477,0.7071067811865474
-8.0,-11.5,76.0,15.0,24.1,100.78,2012,12,11,7,1,0,0.9659258262890683,-0.25881904510252063
5.8,3.8,87.0,4.0,25.0,101.38,2012,10,23,1,1,0,0.25881904510252074,0.9659258262890683
18.8,12.0,65.0,13.0,25.0,101.38,2012,8,22,3,2,0,0.7071067811865476,0.7071067811865476
0.1,-2.4,83.0,20.0,25.0,101.12,2012,12,20,20,3,0,-0.8660254037844386,0.5000000000000001
-18.0,-23.9,60.0,22.0,24.1,101.08,2012,1,14,10,5,1,0.49999999999999994,-0.8660254037844387
25.2,15.6,55.0,19.0,26.349999999999998,100.78,2012,7,2,11,0,0,0.258819045102521,-0.9659258262890682
23.6,11.6,47.0,9.0,26.349999999999998,101.23,2012,7,10,10,1,0,0.49999999999999994,-0.8660254037844387
-1.1,-10.4,49.0,22.0,25.0,100.74,2012,3,26,4,0,0,0.8660254037844386,0.5000000000000001
1.1,-0.9,86.0,15.0,25.0,101.72,2012,12,9,5,6,1,0.9659258262890683,0.25881904510252074
8.4,6.8,90.0,13.0,22.750000000000004,101.09,2012,5,1,9,1,0,0.7071067811865476,-0.7071067811865475
9.2,2.3,62.0,9.0,25.0,101.75,2012,5,18,2,4,0,0.49999999999999994,0.8660254037844387
12.6,9.9,84.0,22.0,24.1,101.18,2012,9,29,12,5,1,1.2246467991473532e-16,-1.0
23.8,21.1,85.0,20.0,25.0,100.73,2012,7,15,19,6,1,-0.9659258262890684,0.2588190451025203
13.4,5.2,58.0,9.0,25.0,101.88,2012,6,14,1,3,0,0.25881904510252074,0.9659258262890683
-4.6,-9.5,69.0,11.0,26.349999999999998,101.91,2012,3,7,8,2,0,0.8660254037844387,-0.4999999999999998
20.2,17.9,87.0,11.0,22.750000000000004,99.8,2012,5,29,20,1,0,-0.8660254037844386,0.5000000000000001
10.6,5.4,70.0,13.0,25.0,101.8,2012,3,19,20,0,0,-0.8660254037844386,0.5000000000000001
19.3,12.6,65.0,0.0,25.0,101.55,2012,6,17,0,6,1,0.0,1.0
-1.9,-3.9,86.0,0.0,25.0,102.53,2012,10,13,5,5,1,0.9659258262890683,0.25881904510252074
-9.8,-11.8,85.0,24.0,22.750000000000004,100.24,2012,12,29,21,5,1,-0.7071067811865477,0.7071067811865474
25.8,15.8,54.0,6.0,24.1,100.66,2012,7,27,17,4,0,-0.9659258262890683,-0.25881904510252063
16.9,13.1,78.0,20.0,24.1,100.44,2012,9,18,7,1,0,0.9659258262890683,-0.25881904510252063
0.7,0.1,96.0,22.0,22.750000000000004,99.88,2012,12,18,9,1,0,0.7071067811865476,-0.7071067811865475
-1.6,-9.3,56.0,17.0,25.0,100.81,2012,1,29,19,6,1,-0.9659258262890684,0.2588190451025203
1.9,-0.2,86.0,19.0,22.750000000000004,101.04,2012,4,21,22,5,1,-0.5000000000000004,0.8660254037844384
8.6,0.7,58.0,30.0,24.1,100.37,2012,10,16,14,1,0,-0.4999999999999997,-0.8660254037844388
17.3,16.4,94.0,20.0,22.750000000000004,100.13,2012,9,18,11,1,0,0.258819045102521,-0.9659258262890682
22.3,12.6,54.0,15.0,24.1,101.94,2012,3,21,12,2,0,1.2246467991473532e-16,-1.0
3.4,-0.1,78.0,22.0,24.1,102.05,2012,3,15,14,3,0,-0.4999999999999997,-0.8660254037844388
23.4,10.0,43.0,9.0,26.349999999999998,101.13,2012,5,14,16,0,0,-0.8660254037844385,-0.5000000000000004
-0.2,-2.4,85.0,19.0,25.0,101.68,2012,12,20,2,3,0,0.49999999999999994,0.8660254037844387
18.7,10.2,58.0,33.0,24.1,100.27,2012,5,16,16,2,0,-0.8660254037844385,-0.5000000000000004
19.7,9.3,51.0,17.0,24.1,99.54,2012,10,30,17,1,0,-0.9659258262890683,-0.25881904510252063
-21.4,-26.6,63.0,9.0,25.0,101.99,2012,1,15,2,6,1,0.49999999999999994,0.8660254037844387
21.4,19.5,89.0,15.0,22.750000000000004,100.53,2012,8,28,7,1,0,0.9659258262890683,-0.25881904510252063
9.2,4.4,72.0,26.0,25.0,100.75,2012,10,6,22,5,1,-0.5000000000000004,0.8660254037844384
-9.0,-13.7,69.0,11.0,26.349999999999998,101.44,2012,12,24,11,0,0,0.258819045102521,-0.9659258262890682
16.6,10.5,67.0,11.0,25.0,101.02,2012,9,25,19,1,0,-0.9659258262890684,0.2588190451025203
22.0,7.1,38.0,19.0,26.349999999999998,100.81,2012,7,8,11,6,1,0.258819045102521,-0.9659258262890682
24.1,16.0,61.0,9.0,25.0,100.38,2012,7,7,3,5,1,0.7071067811865476,0.7071067811865476
21.1,14.7,67.0,11.0,25.0,101.45,2012,7,13,3,4,0,0.7071067811865476,0.7071067811865476
-5.1,-9.4,72.0,20.0,22.750000000000004,101.19,2012,2,27,15,0,0,-0.7071067811865471,-0.7071067811865479
0.3,-1.7,86.0,24.0,22.750000000000004,99.4,2012,3,3,4,5,1,0.8660254037844386,0.5000000000000001
1.2,0.1,92.0,9.0,22.750000000000004,101.15,2012,12,19,18,2,0,-1.0,-1.8369701987210297e-16
20.0,10.2,53.0,13.0,24.1,101.03,2012,7,18,20,2,0,-0.8660254037844386,0.5000000000000001
13.1,10.4,84.0,0.0,25.0,100.82,2012,5,23,0,2,0,0.0,1.0
11.9,8.5,80.0,26.0,24.1,100.61,2012,10,29,9,0,0,0.7071067811865476,-0.7071067811865475
22.4,10.8,48.0,13.0,26.349999999999998,101.18,2012,8,21,18,1,0,-1.0,-1.8369701987210297e-16
-5.2,-8.4,78.0,9.0,24.1,102.15,2012,11,27,8,1,0,0.8660254037844387,-0.4999999999999998
-8.1,-12.5,71.0,0.0,25.0,101.97,2012,1,26,3,3,0,0.7071067811865476,0.7071067811865476
14.1,8.7,70.0,4.0,25.0,101.01,2012,6,24,2,6,1,0.49999999999999994,0.8660254037844387
-4.7,-10.5,64.0,11.0,25.0,100.9,2012,11,26,7,0,0,0.9659258262890683,-0.25881904510252063
24.0,16.7,64.0,22.0,25.0,100.12,2012,6,22,3,4,0,0.7071067811865476,0.7071067811865476
18.5,16.5,88.0,9.0,22.750000000000004,100.9,2012,5,22,8,1,0,0.8660254037844387,-0.4999999999999998
-5.3,-12.5,57.0,17.0,24.1,102.56,2012,2,28,18,1,0,-1.0,-1.8369701987210297e-16
28.1,17.7,53.0,20.0,25.0,100.13,2012,6,21,21,3,0,-0.7071067811865477,0.7071067811865474
10.2,7.1,81.0,22.0,25.0,100.15,2012,10,21,4,6,1,0.8660254037844386,0.5000000000000001
-16.6,-20.9,69.0,7.0,25.0,101.94,2012,1,19,0,3,0,0.0,1.0
3.8,1.5,85.0,19.0,24.1,100.14,2012,4,1,15,6,1,-0.7071067811865471,-0.7071067811865479
-3.6,-12.7,49.0,30.0,25.0,100.61,2012,1,19,19,3,0,-0.9659258262890684,0.2588190451025203
25.4,12.1,44.0,30.0,26.349999999999998,100.61,2012,8,28,13,1,0,-0.2588190451025208,-0.9659258262890683
-3.4,-6.0,82.0,7.0,25.0,102.1,2012,11,27,22,1,0,-0.5000000000000004,0.8660254037844384
-3.7,-7.1,77.0,7.0,22.750000000000004,102.17,2012,2,3,18,4,0,-1.0,-1.8369701987210297e-16
-1.7,-6.2,71.0,22.0,24.1,102.22,2012,12,9,19,6,1,-0.9659258262890684,0.2588190451025203
-4.9,-7.5,82.0,6.0,22.750000000000004,100.41,2012,2,1,15,2,0,-0.7071067811865471,-0.7071067811865479
0.8,-3.7,72.0,35.0,25.0,100.68,2012,2,6,4,0,0,0.8660254037844386,0.5000000000000001
1.9,-1.4,79.0,7.0,26.349999999999998,101.94,2012,10,24,6,2,0,1.0,6.123233995736766e-17
7.7,-6.9,35.0,24.0,26.349999999999998,100.7,2012,4,5,17,3,0,-0.9659258262890683,-0.25881904510252063
5.1,1.7,79.0,19.0,25.0,99.43,2012,4,10,0,1,0,0.0,1.0
1.4,-3.9,68.0,24.0,24.1,100.97,2012,2,10,12,4,0,1.2246467991473532e-16,-1.0
0.8,-0.3,92.0,6.0,22.750000000000004,101.06,2012,3,14,3,2,0,0.7071067811865476,0.7071067811865476
-6.5,-17.3,42.0,13.0,25.0,102.14,2012,3,27,4,1,0,0.8660254037844386,0.5000000000000001
21.9,17.6,77.0,9.0,25.0,100.76,2012,7,5,22,3,0,-0.5000000000000004,0.8660254037844384
2.2,-6.4,53.0,9.0,26.349999999999998,100.59,2012,2,21,17,1,0,-0.9659258262890683,-0.25881904510252063
15.6,12.6,82.0,13.0,22.750000000000004,99.99,2012,6,26,18,1,0,-1.0,-1.8369701987210297e-16
4.2,-7.4,43.0,6.0,26.349999999999998,103.135,2012,11,14,16,2,0,-0.8660254037844385,-0.5000000000000004
15.7,12.4,81.0,6.0,26.349999999999998,102.02,2012,9,13,6,3,0,1.0,6.123233995736766e-17
12.1,9.8,86.0,7.0,24.1,100.57,2012,9,9,7,6,1,0.9659258262890683,-0.25881904510252063
11.7,6.2,69.0,9.0,24.1,100.81,2012,4,15,7,6,1,0.9659258262890683,-0.25881904510252063
-14.5,-17.2,80.0,9.0,22.750000000000004,103.02,2012,1,22,10,6,1,0.49999999999999994,-0.8660254037844387
29.9,13.8,37.0,33.0,26.349999999999998,99.67,2012,6,30,14,5,1,-0.4999999999999997,-0.8660254037844388
18.0,14.9,82.0,7.0,25.0,101.57,2012,10,3,23,2,0,-0.25881904510252157,0.9659258262890681
20.3,15.3,73.0,7.0,25.0,99.71,2012,6,29,2,4,0,0.49999999999999994,0.8660254037844387
19.9,17.5,86.0,19.0,22.750000000000004,100.87,2012,8,13,7,0,0,0.9659258262890683,-0.25881904510252063
17.4,6.9,50.0,19.0,26.349999999999998,101.01,2012,6,5,9,1,0,0.7071067811865476,-0.7071067811865475
-9.9,-18.9,48.0,26.0,26.349999999999998,101.73,2012,3,5,16,0,0,-0.8660254037844385,-0.5000000000000004
11.6,7.4,75.0,24.0,25.0,101.03,2012,10,28,21,6,1,-0.7071067811865477,0.7071067811865474
22.6,18.5,78.0,9.0,24.1,100.84,2012,8,14,12,1,0,1.2246467991473532e-16,-1.0
5.0,0.9,75.0,15.0,25.0,100.76,2012,11,3,21,5,1,-0.7071067811865477,0.7071067811865474
25.2,17.9,64.0,20.0,24.1,100.82,2012,8,13,13,0,0,-0.2588190451025208,-0.9659258262890683
24.3,16.3,61.0,11.0,24.1,101.0,2012,6,19,11,1,0,0.258819045102521,-0.9659258262890682
-1.6,-9.5,55.0,26.0,25.0,102.01,2012,12,5,22,2,0,-0.5000000000000004,0.8660254037844384
21.0,18.5,86.0,9.0,25.0,99.98,2012,7,23,20,0,0,-0.8660254037844386,0.5000000000000001
16.1,12.6,80.0,19.0,24.1,100.86,2012,9,26,17,2,0,-0.9659258262890683,-0.25881904510252063
11.5,11.1,97.0,19.0,22.750000000000004,100.46,2012,9,30,14,6,1,-0.4999999999999997,-0.8660254037844388
-9.3,-10.9,88.0,26.0,22.750000000000004,100.38,2012,12,29,18,5,1,-1.0,-1.8369701987210297e-16
21.1,14.1,64.0,22.0,24.1,100.95,2012,6,12,7,1,0,0.9659258262890683,-0.25881904510252063
24.4,16.2,60.0,17.0,24.1,100.44,2012,7,7,11,5,1,0.258819045102521,-0.9659258262890682
16.8,9.0,60.0,19.0,26.349999999999998,100.66,2012,9,9,11,6,1,0.258819045102521,-0.9659258262890682
-0.8,-4.3,77.0,22.0,25.0,101.07,2012,2,10,5,4,0,0.9659258262890683,0.25881904510252074
5.1,2.6,84.0,22.0,24.1,100.46,2012,11,3,13,5,1,-0.2588190451025208,-0.9659258262890683
8.6,-1.7,48.0,7.0,26.349999999999998,101.97,2012,10,8,10,0,0,0.49999999999999994,-0.8660254037844387
-9.4,-15.5,61.0,13.0,22.750000000000004,100.79,2012,1,4,16,2,0,-0.8660254037844385,-0.5000000000000004
3.3,-2.8,64.0,7.0,25.0,101.33,2012,4,19,2,3,0,0.49999999999999994,0.8660254037844387
16.3,12.2,77.0,7.0,26.349999999999998,101.69,2012,9,3,7,0,0,0.9659258262890683,-0.25881904510252063
27.6,20.9,67.0,20.0,26.349999999999998,100.7,2012,7,23,10,0,0,0.49999999999999994,-0.8660254037844387
12.1,5.6,64.0,6.0,25.0,101.21,2012,9,16,23,6,1,-0.25881904510252157,0.9659258262890681
-1.5,-7.3,65.0,0.0,25.0,101.94,2012,11,6,20,1,0,-0.8660254037844386,0.5000000000000001
23.6,11.3,46.0,15.0,25.0,101.59,2012,5,20,23,6,1,-0.25881904510252157,0.9659258262890681
-7.8,-12.6,68.0,36.5,22.750000000000004,100.12,2012,12,22,23,5,1,-0.25881904510252157,0.9659258262890681
25.0,15.8,57.0,15.0,26.349999999999998,101.29,2012,7,30,10,0,0,0.49999999999999994,-0.8660254037844387
19.7,17.3,86.0,13.0,25.0,100.65,2012,8,10,3,4,0,0.7071067811865476,0.7071067811865476
15.7,2.9,42.0,24.0,26.349999999999998,101.35,2012,9,16,13,6,1,-0.2588190451025208,-0.9659258262890683
29.0,13.9,40.0,22.0,26.349999999999998,101.5,2012,7,12,12,3,0,1.2246467991473532e-16,-1.0
-3.6,-6.9,78.0,9.0,25.0,103.11,2012,11,19,3,0,0,0.7071067811865476,0.7071067811865476
20.6,18.6,88.0,6.0,25.0,101.15,2012,7,30,2,0,0,0.49999999999999994,0.8660254037844387
22.4,14.6,61.0,9.0,25.0,101.37,2012,7,13,2,4,0,0.49999999999999994,0.8660254037844387
21.1,13.0,60.0,9.0,22.750000000000004,101.36,2012,10,26,14,4,0,-0.4999999999999997,-0.8660254037844388
6.2,-3.4,50.0,22.0,24.1,101.76,2012,10,12,11,4,0,0.258819045102521,-0.9659258262890682
12.7,7.1,69.0,13.0,25.0,101.42,2012,9,15,19,5,1,-0.9659258262890684,0.2588190451025203
13.7,12.7,94.0,28.0,22.750000000000004,101.14,2012,9,15,5,5,1,0.9659258262890683,0.25881904510252074
5.5,3.3,86.0,20.0,25.0,100.21,2012,4,21,3,5,1,0.7071067811865476,0.7071067811865476
-4.8,-7.2,83.0,15.0,22.750000000000004,100.07,2012,1,7,13,5,1,-0.2588190451025208,-0.9659258262890683
6.2,-5.1,44.0,15.0,25.0,101.36,2012,4,7,22,5,1,-0.5000000000000004,0.8660254037844384
15.9,14.7,93.0,11.0,22.750000000000004,100.76,2012,9,22,2,5,1,0.49999999999999994,0.8660254037844387
22.6,20.4,87.0,7.0,25.0,100.71,2012,8,27,19,0,0,-0.9659258262890684,0.2588190451025203
-2.6,-6.9,72.0,7.0,25.0,101.94,2012,11,7,2,2,0,0.49999999999999994,0.8660254037844387
8.4,6.9,90.0,9.0,25.0,101.6,2012,9,11,2,1,0,0.49999999999999994,0.8660254037844387
1.8,-2.9,71.0,32.0,22.750000000000004,100.25,2012,4,27,7,4,0,0.9659258262890683,-0.25881904510252063
23.5,16.9,66.0,15.0,25.0,101.91,2012,8,26,3,6,1,0.7071067811865476,0.7071067811865476
13.5,10.5,82.0,7.0,24.1,101.03,2012,5,23,6,2,0,1.0,6.123233995736766e-17
-5.4,-7.7,84.0,9.0,22.750000000000004,100.08,2012,1,7,11,5,1,0.258819045102521,-0.9659258262890682
-0.6,-6.0,67.0,7.0,25.0,101.18,2012,2,14,21,1,0,-0.7071067811865477,0.7071067811865474
14.6,10.9,78.0,7.0,26.349999999999998,101.02,2012,8,21,6,1,0,1.0,6.123233995736766e-17
3.2,-0.6,76.0,4.0,26.349999999999998,100.71,2012,4,26,6,3,0,1.0,6.123233995736766e-17
13.0,10.0,82.0,20.0,24.1,101.23,2012,9,29,10,5,1,0.49999999999999994,-0.8660254037844387
-10.1,-13.2,78.0,15.0,24.1,101.49,2012,12,25,4,1,0,0.8660254037844386,0.5000000000000001
4.3,-11.7,30.0,19.0,26.349999999999998,101.64,2012,4,29,9,6,1,0.7071067811865476,-0.7071067811865475
21.0,12.9,60.0,15.0,25.0,100.59,2012,7,8,1,6,1,0.25881904510252074,0.9659258262890683
20.1,17.0,82.0,19.0,25.0,100.83,2012,8,9,22,3,0,-0.5000000000000004,0.8660254037844384
-5.5,-8.9,77.0,4.0,25.0,101.76,2012,11,6,3,1,0,0.7071067811865476,0.7071067811865476
22.6,6.2,35.0,4.0,26.349999999999998,100.75,2012,6,5,16,1,0,-0.8660254037844385,-0.5000000000000004
0.6,-0.9,90.0,20.0,22.750000000000004,101.37,2012,11,28,16,2,0,-0.8660254037844385,-0.5000000000000004
0.3,-3.3,77.0,7.0,22.750000000000004,100.27,2012,2,24,9,4,0,0.7071067811865476,-0.7071067811865475
-17.1,-21.9,66.0,15.0,25.0,103.09,2012,1,16,0,0,0,0.0,1.0
0.4,-8.1,53.0,0.0,25.0,101.3,2012,3,30,22,4,0,-0.5000000000000004,0.8660254037844384
15.4,10.3,72.0,11.0,24.1,101.41,2012,5,3,11,3,0,0.258819045102521,-0.9659258262890682
20.4,12.7,61.0,6.0,26.349999999999998,101.68,2012,5,21,6,0,0,1.0,6.123233995736766e-17
12.8,9.4,80.0,11.0,25.0,101.04,2012,6,7,2,3,0,0.49999999999999994,0.8660254037844387
23.2,17.0,68.0,11.0,25.0,101.44,2012,8,27,1,0,0,0.25881904510252074,0.9659258262890683
-6.3,-13.5,57.0,17.0,24.1,99.95,2012,3,4,10,6,1,0.49999999999999994,-0.8660254037844387
19.3,5.8,41.0,28.0,26.349999999999998,100.78,2012,10,18,14,3,0,-0.4999999999999997,-0.8660254037844388
22.2,18.9,82.0,7.0,25.0,100.67,2012,7,15,22,6,1,-0.5000000000000004,0.8660254037844384
-2.5,-4.2,88.0,7.0,24.1,101.3,2012,11,9,7,4,0,0.9659258262890683,-0.25881904510252063
22.9,16.6,68.0,7.0,25.0,101.47,2012,8,23,21,3,0,-0.7071067811865477,0.7071067811865474
25.6,15.7,54.0,13.0,24.1,100.67,2012,8,15,17,2,0,-0.9659258262890683,-0.25881904510252063
-15.9,-22.1,59.0,20.0,25.0,100.69,2012,3,5,5,0,0,0.9659258262890683,0.25881904510252074
16.5,7.1,54.0,15.0,26.349999999999998,100.74,2012,6,4,18,0,0,-1.0,-1.8369701987210297e-16
-3.6,-4.3,95.0,7.0,22.750000000000004,102.08,2012,11,20,1,1,0,0.25881904510252074,0.9659258262890683
24.0,6.8,33.0,11.0,26.349999999999998,101.47,2012,9,2,18,6,1,-1.0,-1.8369701987210297e-16
6.7,-0.9,58.0,19.0,24.1,101.42,2012,4,14,6,5,1,1.0,6.123233995736766e-17
-3.9,-5.6,88.0,26.0,22.750000000000004,100.52,2012,12,27,19,3,0,-0.9659258262890684,0.2588190451025203
18.2,11.5,65.0,19.0,24.1,101.48,2012,3,22,18,3,0,-1.0,-1.8369701987210297e-16
8.4,4.1,74.0,4.0,25.0,101.25,2012,5,5,0,5,1,0.0,1.0
16.6,9.7,64.0,11.0,24.1,101.66,2012,3,19,16,0,0,-0.8660254037844385,-0.5000000000000004
13.5,9.0,74.0,33.0,24.1,100.53,2012,10,10,10,2,0,0.49999999999999994,-0.8660254037844387
-2.5,-3.8,91.0,4.0,22.750000000000004,102.23,2012,11,19,21,0,0,-0.7071067811865477,0.7071067811865474
3.3,-2.3,67.0,13.0,24.1,101.08,2012,11,4,11,6,1,0.258819045102521,-0.9659258262890682
1.3,0.4,94.0,4.0,22.750000000000004,101.87,2012,11,22,0,3,0,0.0,1.0
20.6,15.9,74.0,9.0,25.0,101.21,2012,9,4,0,1,0,0.0,1.0
-2.9,-4.8,87.0,15.0,22.750000000000004,99.015,2012,1,13,17,4,0,-0.9659258262890683,-0.25881904510252063
18.2,8.5,53.0,4.0,25.0,101.31,2012,5,27,20,6,1,-0.8660254037844386,0.5000000000000001
27.9,17.4,53.0,20.0,26.349999999999998,102.04,2012,8,26,11,6,1,0.258819045102521,-0.9659258262890682
-11.8,-19.2,54.0,30.0,25.0,101.43,2012,1,11,19,2,0,-0.9659258262890684,0.2588190451025203
17.8,5.9,46.0,24.0,24.1,101.27,2012,9,10,15,0,0,-0.7071067811865471,-0.7071067811865479
0.9,-6.5,58.0,15.0,25.0,102.22,2012,4,18,2,2,0,0.49999999999999994,0.8660254037844387
-9.2,-13.3,72.0,6.0,24.1,102.08,2012,1,26,8,3,0,0.8660254037844387,-0.4999999999999998
5.9,3.2,83.0,4.0,25.0,102.02,2012,10,9,3,1,0,0.7071067811865476,0.7071067811865476
-8.3,-13.7,65.0,15.0,25.0,102.28,2012,1,8,20,6,1,-0.8660254037844386,0.5000000000000001
21.4,17.4,78.0,11.0,25.0,100.9,2012,8,9,4,3,0,0.8660254037844386,0.5000000000000001
19.5,16.1,81.0,7.0,22.750000000000004,99.71,2012,6,29,3,4,0,0.7071067811865476,0.7071067811865476
5.1,1.6,78.0,22.0,24.1,100.45,2012,11,3,10,5,1,0.49999999999999994,-0.8660254037844387
-1.8,-3.7,87.0,4.0,22.750000000000004,100.48,2012,1,7,20,5,1,-0.8660254037844386,0.5000000000000001
8.0,6.2,88.0,17.0,22.750000000000004,99.23,2012,11,1,16,3,0,-0.8660254037844385,-0.5000000000000004
-4.3,-6.3,86.0,6.0,25.0,102.44,2012,11,15,23,3,0,-0.25881904510252157,0.9659258262890681
25.7,19.0,67.0,19.0,25.0,101.24,2012,8,5,0,6,1,0.0,1.0
2.7,-12.3,32.0,19.0,26.349999999999998,101.88,2012,3,27,17,1,0,-0.9659258262890683,-0.25881904510252063
-10.7,-17.8,56.0,17.0,25.0,101.49,2012,1,11,1,2,0,0.25881904510252074,0.9659258262890683
1.1,-6.7,56.0,11.0,25.0,102.5,2012,11,10,23,5,1,-0.25881904510252157,0.9659258262890681
24.0,16.9,65.0,7.0,26.349999999999998,101.28,2012,7,29,10,6,1,0.49999999999999994,-0.8660254037844387
3.7,0.2,78.0,17.0,25.0,100.27,2012,11,3,6,5,1,1.0,6.123233995736766e-17
15.6,14.0,90.0,11.0,25.0,99.45,2012,10,30,23,1,0,-0.25881904510252157,0.9659258262890681
-1.4,-6.1,70.0,13.0,25.0,103.1,2012,11,15,0,3,0,0.0,1.0
-1.4,-3.3,87.0,9.0,22.750000000000004,101.27,2012,1,1,5,6,1,0.9659258262890683,0.25881904510252074
-6.7,-7.9,91.0,9.0,22.750000000000004,100.93,2012,12,31,11,0,0,0.258819045102521,-0.9659258262890682
18.4,8.9,54.0,7.0,25.0,101.7,2012,3,21,20,2,0,-0.8660254037844386,0.5000000000000001
19.0,12.6,66.0,13.0,25.0,101.65,2012,8,24,4,4,0,0.8660254037844386,0.5000000000000001
21.9,15.5,67.0,22.0,25.0,101.35,2012,5,24,22,3,0,-0.5000000000000004,0.8660254037844384
21.6,13.1,58.0,6.0,24.1,100.5,2012,7,1,8,6,1,0.8660254037844387,-0.4999999999999998
1.4,-3.1,72.0,30.0,24.1,100.32,2012,1,10,12,1,0,1.2246467991473532e-16,-1.0
-4.2,-9.3,68.0,32.0,25.0,100.51,2012,1,19,22,3,0,-0.5000000000000004,0.8660254037844384
10.0,-1.0,46.0,9.0,26.349999999999998,101.95,2012,10,8,11,0,0,0.258819045102521,-0.9659258262890682
13.0,11.6,91.0,6.0,22.750000000000004,100.08,2012,5,9,4,2,0,0.8660254037844386,0.5000000000000001
2.6,0.3,85.0,26.0,25.0,101.06,2012,4,21,21,5,1,-0.7071067811865477,0.7071067811865474
16.2,11.7,75.0,17.0,25.0,100.93,2012,8,30,3,3,0,0.7071067811865476,0.7071067811865476
0.2,-2.3,83.0,20.0,24.1,102.02,2012,12,9,7,6,1,0.9659258262890683,-0.25881904510252063
-4.9,-16.2,41.0,11.0,26.349999999999998,102.94,2012,3,6,16,1,0,-0.8660254037844385,-0.5000000000000004
0.6,-1.2,88.0,17.0,22.750000000000004,99.18,2012,1,27,10,4,0,0.49999999999999994,-0.8660254037844387
19.3,15.6,79.0,17.0,25.0,101.02,2012,8,7,1,1,0,0.25881904510252074,0.9659258262890683
12.9,2.4,49.0,11.0,26.349999999999998,101.46,2012,5,12,8,5,1,0.8660254037844387,-0.4999999999999998
11.3,2.3,54.0,15.0,25.0,100.7,2012,4,15,3,6,1,0.7071067811865476,0.7071067811865476
-9.5,-12.5,79.0,9.0,25.0,100.13,2012,1,6,21,4,0,-0.7071067811865477,0.7071067811865474
19.4,12.8,66.0,20.0,22.750000000000004,100.33,2012,6,8,15,4,0,-0.7071067811865471,-0.7071067811865479
-0.2,-6.1,64.0,17.0,25.0,100.45,2012,1,9,23,0,0,-0.25881904510252157,0.9659258262890681
23.5,7.6,36.0,7.0,26.349999999999998,101.33,2012,7,20,19,4,0,-0.9659258262890684,0.2588190451025203
1.1,-3.5,71.0,11.0,25.0,101.84,2012,11,10,4,5,1,0.8660254037844386,0.5000000000000001
15.1,11.1,77.0,11.0,25.0,101.13,2012,5,3,20,3,0,-0.8660254037844386,0.5000000000000001
14.8,11.9,83.0,26.0,24.1,99.96,2012,10,1,11,0,0,0.258819045102521,-0.9659258262890682
11.3,11.1,99.0,15.0,22.750000000000004,99.44,2012,10,1,4,0,0,0.8660254037844386,0.5000000000000001
12.2,-1.0,40.0,19.0,26.349999999999998,101.6,2012,4,13,11,4,0,0.258819045102521,-0.9659258262890682
0.6,-2.1,82.0,9.0,25.0,100.35,2012,3,29,5,3,0,0.9659258262890683,0.25881904510252074
0.3,0.1,99.0,0.0,22.750000000000004,102.15,2012,3,17,4,5,1,0.8660254037844386,0.5000000000000001
7.4,4.0,79.0,19.0,25.0,100.84,2012,10,22,4,0,0,0.8660254037844386,0.5000000000000001
6.9,0.9,66.0,20.0,24.1,99.56,2012,4,10,10,1,0,0.49999999999999994,-0.8660254037844387
5.6,-7.6,38.0,4.0,26.349999999999998,102.37,2012,11,10,14,5,1,-0.4999999999999997,-0.8660254037844388
8.8,2.5,65.0,9.0,24.1,100.76,2012,4,11,12,2,0,1.2246467991473532e-16,-1.0
30.1,19.2,52.0,20.0,26.349999999999998,101.06,2012,7,22,15,6,1,-0.7071067811865471,-0.7071067811865479
-2.3,-4.7,84.0,15.0,22.750000000000004,100.74,2012,3,2,20,4,0,-0.8660254037844386,0.5000000000000001
20.4,13.1,63.0,13.0,24.1,101.35,2012,10,26,15,4,0,-0.7071067811865471,-0.7071067811865479
27.4,20.3,65.0,11.0,24.1,100.52,2012,7,16,12,0,0,1.2246467991473532e-16,-1.0
5.5,-1.1,62.0,0.0,25.0,99.14,2012,4,9,3,0,0,0.7071067811865476,0.7071067811865476
21.0,7.8,43.0,4.0,26.349999999999998,101.74,2012,5,19,10,5,1,0.49999999999999994,-0.8660254037844387
27.2,16.1,51.0,11.0,26.349999999999998,101.18,2012,8,3,18,4,0,-1.0,-1.8369701987210297e-16
5.4,-2.4,57.0,20.0,24.1,101.74,2012,10,12,10,4,0,0.49999999999999994,-0.8660254037844387
-8.3,-14.2,62.0,19.0,24.1,101.89,2012,2,2,11,3,0,0.258819045102521,-0.9659258262890682
13.6,11.7,88.0,7.0,22.750000000000004,100.7,2012,5,4,7,4,0,0.9659258262890683,-0.25881904510252063
-5.2,-7.8,82.0,33.0,22.750000000000004,100.57,2012,3,1,6,3,0,1.0,6.123233995736766e-17
6.4,-10.7,28.0,24.0,26.349999999999998,101.57,2012,4,28,14,5,1,-0.4999999999999997,-0.8660254037844388
12.0,7.6,74.0,9.0,25.0,100.5,2012,6,8,23,4,0,-0.25881904510252157,0.9659258262890681
22.2,17.7,76.0,4.0,25.0,100.66,2012,8,14,22,1,0,-0.5000000000000004,0.8660254037844384
5.6,3.1,84.0,13.0,25.0,100.0,2012,11,2,22,4,0,-0.5000000000000004,0.8660254037844384
21.0,17.5,80.0,11.0,24.1,99.92,2012,7,26,19,3,0,-0.9659258262890684,0.2588190451025203
18.6,12.3,67.0,11.0,25.0,101.16,2012,5,26,2,5,1,0.49999999999999994,0.8660254037844387
16.8,16.7,99.0,0.0,22.750000000000004,101.02,2012,8,8,5,2,0,0.9659258262890683,0.25881904510252074
13.1,11.2,88.0,6.0,22.750000000000004,100.7,2012,5,4,4,4,0,0.8660254037844386,0.5000000000000001
-0.6,-11.4,44.0,28.0,26.349999999999998,101.3,2012,3,26,11,0,0,0.258819045102521,-0.9659258262890682
-2.9,-4.5,89.0,6.0,22.750000000000004,102.02,2012,11,20,4,1,0,0.8660254037844386,0.5000000000000001
21.3,18.9,86.0,15.0,22.750000000000004,100.57,2012,8,28,8,1,0,0.8660254037844387,-0.4999999999999998
1.3,0.1,92.0,26.0,22.750000000000004,99.85,2012,12,21,5,4,0,0.9659258262890683,0.25881904510252074
21.9,15.4,67.0,15.0,25.0,99.85,2012,6,28,23,3,0,-0.25881904510252157,0.9659258262890681
17.5,8.2,54.0,15.0,22.750000000000004,100.78,2012,6,2,0,5,1,0.0,1.0
12.2,2.2,50.0,26.0,26.349999999999998,101.46,2012,5,17,10,3,0,0.49999999999999994,-0.8660254037844387
1.5,-6.9,54.0,0.0,25.0,100.79,2012,3,31,23,5,1,-0.25881904510252157,0.9659258262890681
-0.2,-1.2,93.0,11.0,22.750000000000004,101.91,2012,11,12,5,0,0,0.9659258262890683,0.25881904510252074
13.9,8.2,68.0,9.0,26.349999999999998,100.44,2012,5,31,5,3,0,0.9659258262890683,0.25881904510252074
-19.1,-23.3,69.0,0.0,25.0,103.02,2012,1,16,5,0,0,0.9659258262890683,0.25881904510252074
6.3,1.5,71.0,13.0,24.1,99.11,2012,4,9,7,0,0,0.9659258262890683,-0.25881904510252063
7.6,0.3,60.0,17.0,26.349999999999998,101.66,2012,5,5,8,5,1,0.8660254037844387,-0.4999999999999998
8.2,5.7,84.0,13.0,25.0,100.21,2012,3,25,21,6,1,-0.7071067811865477,0.7071067811865474
1.4,0.8,96.0,15.0,22.750000000000004,99.44,2012,12,10,12,0,0,1.2246467991473532e-16,-1.0
1.4,-0.6,87.0,15.0,22.750000000000004,99.64,2012,2,22,5,2,0,0.9659258262890683,0.25881904510252074
0.3,-11.3,41.0,11.0,26.349999999999998,101.09,2012,4,3,7,1,0,0.9659258262890683,-0.25881904510252063
17.5,16.7,95.0,19.0,22.750000000000004,100.57,2012,8,11,1,5,1,0.25881904510252074,0.9659258262890683
17.9,15.3,85.0,6.0,26.349999999999998,101.02,2012,8,7,6,1,0,1.0,6.123233995736766e-17
22.6,16.4,68.0,32.0,24.1,100.48,2012,8,31,7,4,0,0.9659258262890683,-0.25881904510252063
12.8,8.0,73.0,6.0,25.0,100.51,2012,6,9,0,5,1,0.0,1.0
5.1,-3.4,54.0,26.0,24.1,101.21,2012,11,8,14,3,0,-0.4999999999999997,-0.8660254037844388
33.0,16.8,38.0,22.0,26.349999999999998,101.31,2012,7,14,15,5,1,-0.7071067811865471,-0.7071067811865479
-5.6,-8.6,79.0,19.0,22.750000000000004,101.14,2012,3,2,6,4,0,1.0,6.123233995736766e-17
10.1,4.7,69.0,9.0,26.349999999999998,101.97,2012,3,17,17,5,1,-0.9659258262890683,-0.25881904510252063
2.4,-7.2,49.0,7.0,25.0,102.45,2012,11,11,0,6,1,0.0,1.0
11.8,10.3,91.0,6.0,25.0,101.93,2012,3,21,2,2,0,0.49999999999999994,0.8660254037844387
16.7,9.4,62.0,13.0,25.0,101.52,2012,3,22,19,3,0,-0.9659258262890684,0.2588190451025203
15.1,8.5,65.0,11.0,25.0,101.58,2012,3,22,20,3,0,-0.8660254037844386,0.5000000000000001
22.0,13.1,57.0,20.0,22.750000000000004,100.35,2012,5,16,11,2,0,0.258819045102521,-0.9659258262890682
-2.0,-9.1,58.0,17.0,25.0,100.83,2012,1,29,20,6,1,-0.8660254037844386,0.5000000000000001
-4.2,-10.5,61.0,15.0,25.0,100.5,2012,11,25,23,6,1,-0.25881904510252157,0.9659258262890681
12.6,12.5,99.0,9.0,22.750000000000004,101.47,2012,10,4,10,3,0,0.49999999999999994,-0.8660254037844387
26.6,16.3,53.0,35.0,26.349999999999998,100.5,2012,8,30,18,3,0,-1.0,-1.8369701987210297e-16
12.7,5.8,63.0,28.0,24.1,100.33,2012,10,21,14,6,1,-0.4999999999999997,-0.8660254037844388
-3.5,-11.4,54.0,19.0,25.0,101.25,2012,3,30,3,4,0,0.7071067811865476,0.7071067811865476
1.8,-7.7,49.0,15.0,26.349999999999998,101.44,2012,11,5,12,0,0,1.2246467991473532e-16,-1.0
-2.9,-5.3,83.0,15.0,22.750000000000004,100.93,2012,3,2,16,4,0,-0.8660254037844385,-0.5000000000000004
-10.1,-14.6,70.0,28.0,25.0,102.17,2012,12,16,2,6,1,0.49999999999999994,0.8660254037844387
-5.9,-12.9,58.0,7.0,25.0,102.58,2012,2,28,19,1,0,-0.9659258262890684,0.2588190451025203
19.6,13.1,66.0,11.0,25.0,100.94,2012,9,1,0,5,1,0.0,1.0
20.0,14.8,72.0,24.0,24.1,100.73,2012,9,26,14,2,0,-0.4999999999999997,-0.8660254037844388
25.3,19.3,69.0,17.0,24.1,100.53,2012,7,31,18,1,0,-1.0,-1.8369701987210297e-16
13.1,11.9,92.0,17.0,22.750000000000004,100.64,2012,10,19,13,4,0,-0.2588190451025208,-0.9659258262890683
3.2,2.3,94.0,6.0,25.0,101.69,2012,3,18,4,6,1,0.8660254037844386,0.5000000000000001
0.5,0.1,97.0,11.0,22.750000000000004,100.24,2012,12,19,8,2,0,0.8660254037844387,-0.4999999999999998
20.1,17.0,82.0,13.0,25.0,100.66,2012,8,10,2,4,0,0.49999999999999994,0.8660254037844387
9.6,9.1,97.0,15.0,22.750000000000004,100.48,2012,10,14,19,6,1,-0.9659258262890684,0.2588190451025203
14.9,3.2,45.0,11.0,26.349999999999998,101.66,2012,10,9,14,1,0,-0.4999999999999997,-0.8660254037844388
-16.2,-19.2,78.0,7.0,26.349999999999998,103.01,2012,1,22,9,6,1,0.7071067811865476,-0.7071067811865475
-8.8,-12.6,74.0,19.0,25.0,102.27,2012,12,25,19,1,0,-0.9659258262890684,0.2588190451025203
-10.3,-12.9,81.0,28.0,25.0,101.88,2012,12,26,20,2,0,-0.8660254037844386,0.5000000000000001
20.0,7.3,44.0,20.0,26.349999999999998,100.79,2012,8,28,18,1,0,-1.0,-1.8369701987210297e-16
5.5,3.3,86.0,15.0,22.750000000000004,100.61,2012,4,21,12,5,1,1.2246467991473532e-16,-1.0
12.0,-0.8,41.0,36.5,26.349999999999998,101.58,2012,4,17,12,1,0,1.2246467991473532e-16,-1.0
3.8,0.5,79.0,11.0,25.0,100.8,2012,10,17,0,2,0,0.0,1.0
15.6,7.7,59.0,6.0,25.0,101.75,2012,5,26,23,5,1,-0.25881904510252157,0.9659258262890681
-8.5,-9.9,90.0,24.0,22.750000000000004,100.49,2012,12,29,16,5,1,-0.8660254037844385,-0.5000000000000004
-11.6,-19.9,50.0,20.0,24.1,101.61,2012,1,11,15,2,0,-0.7071067811865471,-0.7071067811865479
3.2,-3.9,60.0,36.5,25.0,99.015,2012,3,3,20,5,1,-0.8660254037844386,0.5000000000000001
19.8,12.9,64.0,9.0,22.750000000000004,101.43,2012,10,26,12,4,0,1.2246467991473532e-16,-1.0
-10.4,-16.9,59.0,19.0,25.0,103.135,2012,11,30,21,4,0,-0.7071067811865477,0.7071067811865474
13.4,11.0,85.0,6.0,25.0,101.63,2012,9,3,4,0,0,0.8660254037844386,0.5000000000000001
24.4,12.2,46.0,13.0,24.1,100.87,2012,9,17,17,0,0,-0.9659258262890683,-0.25881904510252063
15.8,11.9,78.0,7.0,24.1,101.21,2012,5,3,18,3,0,-1.0,-1.8369701987210297e-16
1.5,1.2,98.0,13.0,22.750000000000004,101.82,2012,3,14,16,2,0,-0.8660254037844385,-0.5000000000000004
30.8,13.5,35.0,24.0,26.349999999999998,101.44,2012,7,12,14,3,0,-0.4999999999999997,-0.8660254037844388
8.6,2.0,63.0,11.0,25.0,101.77,2012,5,18,3,4,0,0.7071067811865476,0.7071067811865476
-14.8,-21.3,58.0,26.0,24.1,101.07,2012,1,3,8,1,0,0.8660254037844387,-0.4999999999999998
19.6,12.2,62.0,17.0,25.0,100.41,2012,7,24,21,1,0,-0.7071067811865477,0.7071067811865474
15.9,-4.9,24.0,32.0,26.349999999999998,101.27,2012,4,13,15,4,0,-0.7071067811865471,-0.7071067811865479
15.0,8.7,66.0,7.0,25.0,101.59,2012,3,22,2,3,0,0.49999999999999994,0.8660254037844387
-3.9,-8.8,69.0,13.0,25.0,101.37,2012,2,19,0,6,1,0.0,1.0
-9.0,-15.6,59.0,6.0,26.349999999999998,103.135,2012,11,30,14,4,0,-0.4999999999999997,-0.8660254037844388
9.4,9.1,98.0,7.0,22.750000000000004,100.17,2012,10,14,22,6,1,-0.5000000000000004,0.8660254037844384
12.0,3.9,58.0,24.0,26.349999999999998,101.29,2012,9,19,11,2,0,0.258819045102521,-0.9659258262890682
22.6,16.5,68.0,6.0,25.0,100.42,2012,9,6,19,3,0,-0.9659258262890684,0.2588190451025203
18.5,13.4,72.0,26.0,24.1,100.4,2012,9,18,8,1,0,0.8660254037844387,-0.4999999999999998
12.4,10.3,87.0,4.0,25.0,101.15,2012,6,10,4,6,1,0.8660254037844386,0.5000000000000001
0.4,-7.0,58.0,9.0,25.0,102.29,2012,4,18,4,2,0,0.8660254037844386,0.5000000000000001
23.7,13.1,51.0,20.0,24.1,100.44,2012,7,25,18,2,0,-1.0,-1.8369701987210297e-16
-3.7,-7.2,77.0,7.0,24.1,101.54,2012,1,9,11,0,0,0.258819045102521,-0.9659258262890682
-8.7,-11.6,79.0,9.0,25.0,101.74,2012,12,11,21,1,0,-0.7071067811865477,0.7071067811865474
-9.8,-14.5,68.0,0.0,25.0,102.13,2012,1,9,1,0,0,0.25881904510252074,0.9659258262890683
15.4,13.2,87.0,11.0,25.0,100.74,2012,5,15,23,1,0,-0.25881904510252157,0.9659258262890681
24.1,18.2,70.0,17.0,24.1,100.6,2012,6,21,5,3,0,0.9659258262890683,0.25881904510252074
13.1,11.0,87.0,24.0,25.0,100.79,2012,10,19,10,4,0,0.49999999999999994,-0.8660254037844387
14.6,12.9,90.0,19.0,22.750000000000004,99.14,2012,10,31,10,2,0,0.49999999999999994,-0.8660254037844387
18.0,13.8,76.0,13.0,26.349999999999998,101.01,2012,8,6,6,0,0,1.0,6.123233995736766e-17
23.8,7.2,34.0,17.0,26.349999999999998,100.69,2012,6,9,17,5,1,-0.9659258262890683,-0.25881904510252063
-9.5,-15.5,62.0,13.0,25.0,103.135,2012,11,30,18,4,0,-1.0,-1.8369701987210297e-16
3.7,1.1,83.0,11.0,24.1,101.96,2012,12,3,11,0,0,0.258819045102521,-0.9659258262890682
-2.9,-4.5,89.0,6.0,22.750000000000004,102.0,2012,11,20,5,1,0,0.9659258262890683,0.25881904510252074
-12.3,-16.3,72.0,28.0,22.750000000000004,100.47,2012,1,6,10,4,0,0.49999999999999994,-0.8660254037844387
22.4,16.7,70.0,7.0,26.349999999999998,101.31,2012,7,30,8,0,0,0.8660254037844387,-0.4999999999999998
8.1,7.5,96.0,15.0,22.750000000000004,100.78,2012,12,3,0,0,0,0.0,1.0
-6.0,-12.7,59.0,6.0,26.349999999999998,102.05,2012,2,4,14,5,1,-0.4999999999999997,-0.8660254037844388
26.5,19.2,64.0,26.0,24.1,99.51,2012,6,29,11,4,0,0.258819045102521,-0.9659258262890682
12.8,7.8,72.0,13.0,25.0,101.13,2012,10,27,22,5,1,-0.5000000000000004,0.8660254037844384
13.6,11.2,85.0,17.0,25.0,99.34,2012,10,31,5,2,0,0.9659258262890683,0.25881904510252074
20.4,15.9,75.0,6.0,25.0,100.7,2012,8,15,21,2,0,-0.7071067811865477,0.7071067811865474
4.0,-0.7,71.0,32.0,24.1,99.015,2012,3,3,11,5,1,0.258819045102521,-0.9659258262890682
-2.8,-5.3,83.0,11.0,24.1,101.3,2012,12,7,7,4,0,0.9659258262890683,-0.25881904510252063
20.8,12.4,59.0,26.0,26.349999999999998,99.83,2012,6,30,5,5,1,0.9659258262890683,0.25881904510252074
4.0,1.2,82.0,9.0,24.1,101.95,2012,12,3,13,0,0,-0.2588190451025208,-0.9659258262890683
20.4,16.1,76.0,9.0,24.1,100.16,2012,7,1,2,6,1,0.49999999999999994,0.8660254037844387
13.0,10.9,87.0,6.0,22.750000000000004,100.29,2012,6,3,1,6,1,0.25881904510252074,0.9659258262890683
12.5,2.5,50.0,19.0,25.0,100.88,2012,4,20,0,4,0,0.0,1.0
10.8,9.5,92.0,17.0,22.750000000000004,100.96,2012,9,30,4,6,1,0.8660254037844386,0.5000000000000001
16.7,15.2,91.0,6.0,25.0,100.79,2012,8,16,4,3,0,0.8660254037844386,0.5000000000000001
20.7,-4.4,18.5,13.0,26.349999999999998,101.0,2012,5,7,18,0,0,-1.0,-1.8369701987210297e-16
1.9,0.7,92.0,17.0,22.750000000000004,100.57,2012,12,17,17,0,0,-0.9659258262890683,-0.25881904510252063
3.2,-4.1,59.0,13.0,24.1,101.17,2012,11,4,17,6,1,-0.9659258262890683,-0.25881904510252063
7.3,0.6,62.0,7.0,25.0,101.34,2012,10,7,21,6,1,-0.7071067811865477,0.7071067811865474
14.9,10.4,74.0,19.0,24.1,100.87,2012,9,26,7,2,0,0.9659258262890683,-0.25881904510252063
16.6,6.9,53.0,9.0,26.349999999999998,101.42,2012,9,28,13,4,0,-0.2588190451025208,-0.9659258262890683
19.7,15.6,77.0,15.0,25.0,101.4,2012,5,25,1,4,0,0.25881904510252074,0.9659258262890683
22.3,13.5,57.0,13.0,26.349999999999998,100.76,2012,7,25,11,2,0,0.258819045102521,-0.9659258262890682
-15.3,-21.3,60.0,11.0,24.1,102.9,2012,3,6,6,1,0,1.0,6.123233995736766e-17
16.6,3.6,42.0,20.0,26.349999999999998,101.17,2012,9,16,17,6,1,-0.9659258262890683,-0.25881904510252063
18.8,17.7,93.0,0.0,24.1,100.69,2012,8,15,7,2,0,0.9659258262890683,-0.25881904510252063
-11.7,-17.2,64.0,20.0,26.349999999999998,101.68,2012,1,19,10,3,0,0.49999999999999994,-0.8660254037844387
12.6,9.4,81.0,4.0,24.1,100.87,2012,5,23,4,2,0,0.8660254037844386,0.5000000000000001
3.1,2.0,92.0,0.0,22.750000000000004,100.71,2012,3,25,9,6,1,0.7071067811865476,-0.7071067811865475
-1.6,-5.2,76.0,4.0,24.1,102.31,2012,12,9,16,6,1,-0.8660254037844385,-0.5000000000000004
26.3,12.0,41.0,17.0,26.349999999999998,100.91,2012,6,24,11,6,1,0.258819045102521,-0.9659258262890682
-11.6,-14.7,78.0,19.0,22.750000000000004,100.1,2012,1,6,16,4,0,-0.8660254037844385,-0.5000000000000004
-4.3,-9.0,70.0,15.0,25.0,101.26,2012,3,9,6,4,0,1.0,6.123233995736766e-17
5.5,2.9,83.0,26.0,25.0,101.22,2012,12,3,3,0,0,0.7071067811865476,0.7071067811865476
6.1,-1.5,58.0,7.0,26.349999999999998,101.77,2012,4,13,8,4,0,0.8660254037844387,-0.4999999999999998
23.5,9.8,42.0,15.0,26.349999999999998,100.78,2012,7,18,17,2,0,-0.9659258262890683,-0.25881904510252063
2.5,-3.0,67.0,36.5,26.349999999999998,100.76,2012,2,17,10,4,0,0.49999999999999994,-0.8660254037844387
-6.9,-12.8,63.0,22.0,24.1,101.67,2012,2,2,7,3,0,0.9659258262890683,-0.25881904510252063
-14.4,-17.1,80.0,6.0,25.0,101.88,2012,2,5,2,6,1,0.49999999999999994,0.8660254037844387
0.1,-7.6,56.0,36.5,24.1,100.77,2012,1,29,12,6,1,1.2246467991473532e-16,-1.0
-11.2,-12.4,91.0,4.0,24.1,102.19,2012,12,12,7,2,0,0.9659258262890683,-0.25881904510252063
12.4,8.8,79.0,15.0,24.1,101.42,2012,5,3,8,3,0,0.8660254037844387,-0.4999999999999998
6.2,-11.6,27.0,24.0,26.349999999999998,101.62,2012,4,29,11,6,1,0.258819045102521,-0.9659258262890682
21.8,12.8,57.0,11.0,25.0,101.5,2012,7,12,0,3,0,0.0,1.0
10.3,7.2,81.0,19.0,25.0,100.15,2012,10,21,2,6,1,0.49999999999999994,0.8660254037844387
-8.0,-13.7,64.0,9.0,26.349999999999998,102.07,2012,2,20,10,0,0,0.49999999999999994,-0.8660254037844387
0.9,-1.4,85.0,4.0,22.750000000000004,101.88,2012,11,21,22,2,0,-0.5000000000000004,0.8660254037844384
-12.2,-15.2,78.0,0.0,25.0,102.41,2012,2,29,6,2,0,1.0,6.123233995736766e-17
-15.3,-21.8,58.0,7.0,25.0,102.18,2012,1,21,4,5,1,0.8660254037844386,0.5000000000000001
25.8,17.9,62.0,15.0,24.1,100.99,2012,6,19,13,1,0,-0.2588190451025208,-0.9659258262890683
20.9,15.3,70.0,7.0,25.0,101.14,2012,9,4,3,1,0,0.7071067811865476,0.7071067811865476
24.2,9.8,40.0,4.0,26.349999999999998,101.34,2012,7,20,17,4,0,-0.9659258262890683,-0.25881904510252063
14.2,9.8,75.0,11.0,25.0,101.44,2012,7,20,3,4,0,0.7071067811865476,0.7071067811865476
1.5,-2.2,76.0,4.0,22.750000000000004,101.22,2012,12,7,23,4,0,-0.25881904510252157,0.9659258262890681
0.5,-0.8,91.0,24.0,22.750000000000004,100.15,2012,12,18,4,1,0,0.8660254037844386,0.5000000000000001
3.2,-0.7,76.0,11.0,25.0,100.87,2012,11,4,1,6,1,0.25881904510252074,0.9659258262890683
-11.8,-15.1,76.0,17.0,25.0,103.135,2012,12,1,4,5,1,0.8660254037844386,0.5000000000000001
-6.9,-14.6,54.0,22.0,26.349999999999998,99.94,2012,3,4,17,6,1,-0.9659258262890683,-0.25881904510252063
7.4,5.9,90.0,9.0,25.0,101.56,2012,9,27,2,3,0,0.49999999999999994,0.8660254037844387
11.9,6.7,70.0,13.0,26.349999999999998,101.78,2012,3,18,10,6,1,0.49999999999999994,-0.8660254037844387
15.6,12.8,83.0,26.0,24.1,100.43,2012,9,22,6,5,1,1.0,6.123233995736766e-17
12.1,7.9,75.0,7.0,25.0,101.12,2012,9,17,5,0,0,0.9659258262890683,0.25881904510252074
14.0,9.2,73.0,17.0,25.0,101.03,2012,9,25,23,1,0,-0.25881904510252157,0.9659258262890681
3.9,-3.6,58.0,24.0,24.1,101.29,2012,11,8,12,3,0,1.2246467991473532e-16,-1.0
9.1,7.9,92.0,6.0,22.750000000000004,101.41,2012,5,1,23,1,0,-0.25881904510252157,0.9659258262890681
11.2,8.5,83.0,15.0,25.0,101.21,2012,5,3,3,3,0,0.7071067811865476,0.7071067811865476
-11.1,-13.4,83.0,9.0,22.750000000000004,101.97,2012,2,5,10,6,1,0.49999999999999994,-0.8660254037844387
-8.1,-9.6,89.0,4.0,22.750000000000004,101.09,2012,12,31,9,0,0,0.7071067811865476,-0.7071067811865475
14.0,12.3,89.0,0.0,25.0,101.37,2012,7,21,3,5,1,0.7071067811865476,0.7071067811865476
-11.8,-16.1,70.0,36.5,26.349999999999998,100.96,2012,12,30,14,6,1,-0.4999999999999997,-0.8660254037844388
12.6,4.1,56.0,19.0,24.1,101.55,2012,10,25,17,3,0,-0.9659258262890683,-0.25881904510252063
-2.9,-7.4,71.0,20.0,25.0,102.06,2012,12,14,22,4,0,-0.5000000000000004,0.8660254037844384
18.2,8.3,52.0,19.0,25.0,100.77,2012,6,1,23,4,0,-0.25881904510252157,0.9659258262890681
26.5,18.9,63.0,11.0,24.1,101.01,2012,6,19,14,1,0,-0.4999999999999997,-0.8660254037844388
7.3,1.6,67.0,15.0,25.0,101.16,2012,5,17,3,3,0,0.7071067811865476,0.7071067811865476
-1.5,-4.4,81.0,19.0,25.0,99.88,2012,1,27,22,4,0,-0.5000000000000004,0.8660254037844384
16.6,10.3,66.0,13.0,24.1,99.98,2012,5,30,4,2,0,0.8660254037844386,0.5000000000000001
24.8,15.7,57.0,30.0,24.1,100.15,2012,8,17,17,4,0,-0.9659258262890683,-0.25881904510252063
-14.5,-20.8,59.0,13.0,25.0,100.68,2012,2,11,23,5,1,-0.25881904510252157,0.9659258262890681
-10.9,-13.2,83.0,4.0,25.0,102.34,2012,12,25,22,1,0,-0.5000000000000004,0.8660254037844384
18.2,15.1,82.0,28.0,22.750000000000004,100.66,2012,5,22,18,1,0,-1.0,-1.8369701987210297e-16
-4.3,-10.3,63.0,15.0,24.1,101.98,2012,3,7,6,2,0,1.0,6.123233995736766e-17
16.6,15.6,94.0,15.0,22.750000000000004,100.22,2012,9,22,13,5,1,-0.2588190451025208,-0.9659258262890683
-6.5,-11.6,67.0,17.0,22.750000000000004,101.89,2012,1,8,10,6,1,0.49999999999999994,-0.8660254037844387
-6.8,-12.4,64.0,15.0,22.750000000000004,101.76,2012,1,31,3,1,0,0.7071067811865476,0.7071067811865476
25.1,10.5,40.0,13.0,26.349999999999998,100.72,2012,9,7,15,4,0,-0.7071067811865471,-0.7071067811865479
-1.5,-5.7,73.0,7.0,25.0,101.58,2012,12,7,1,4,0,0.25881904510252074,0.9659258262890683
18.2,8.1,52.0,11.0,26.349999999999998,101.13,2012,7,9,8,0,0,0.8660254037844387,-0.4999999999999998
13.2,11.2,88.0,15.0,26.349999999999998,100.01,2012,10,10,15,2,0,-0.7071067811865471,-0.7071067811865479
17.3,9.7,61.0,28.0,24.1,100.68,2012,4,15,11,6,1,0.258819045102521,-0.9659258262890682
27.3,17.0,53.0,15.0,26.349999999999998,101.45,2012,7,14,9,5,1,0.7071067811865476,-0.7071067811865475
-13.8,-16.5,80.0,20.0,25.0,101.5,2012,12,30,21,6,1,-0.7071067811865477,0.7071067811865474
9.4,-2.1,44.0,9.0,25.0,101.87,2012,10,24,22,2,0,-0.5000000000000004,0.8660254037844384
13.8,13.2,96.0,4.0,22.750000000000004,99.89,2012,10,20,9,5,1,0.7071067811865476,-0.7071067811865475
-7.0,-12.2,66.0,6.0,25.0,102.13,2012,2,2,19,3,0,-0.9659258262890684,0.2588190451025203
10.4,9.6,95.0,17.0,22.750000000000004,100.92,2012,9,30,3,6,1,0.7071067811865476,0.7071067811865476
-1.9,-8.4,61.0,15.0,25.0,101.14,2012,2,7,5,1,0,0.9659258262890683,0.25881904510252074
25.9,15.7,53.0,17.0,24.1,100.71,2012,8,16,14,3,0,-0.4999999999999997,-0.8660254037844388
21.1,18.5,85.0,6.0,25.0,100.55,2012,9,6,3,3,0,0.7071067811865476,0.7071067811865476
-8.3,-12.6,71.0,26.0,24.1,100.5,2012,12,23,11,6,1,0.258819045102521,-0.9659258262890682
-1.4,-2.8,90.0,0.0,22.750000000000004,100.33,2012,4,2,3,0,0,0.7071067811865476,0.7071067811865476
13.6,10.5,82.0,36.5,25.0,99.31,2012,10,30,6,1,0,1.0,6.123233995736766e-17
22.7,8.9,41.0,9.0,25.0,101.5,2012,6,10,22,6,1,-0.5000000000000004,0.8660254037844384
13.7,12.9,95.0,4.0,22.750000000000004,100.93,2012,10,5,6,4,0,1.0,6.123233995736766e-17
28.2,13.9,42.0,22.0,26.349999999999998,101.77,2012,9,13,15,3,0,-0.7071067811865471,-0.7071067811865479
-6.0,-7.1,92.0,4.0,22.750000000000004,102.67,2012,12,13,8,3,0,0.8660254037844387,-0.4999999999999998
5.7,3.0,83.0,28.0,22.750000000000004,101.27,2012,12,2,10,6,1,0.49999999999999994,-0.8660254037844387
23.3,19.9,81.0,4.0,25.0,100.14,2012,7,17,3,1,0,0.7071067811865476,0.7071067811865476
-9.7,-12.8,78.0,36.5,25.0,101.7,2012,12,26,22,2,0,-0.5000000000000004,0.8660254037844384
1.8,1.3,96.0,13.0,22.750000000000004,101.4,2012,3,16,11,4,0,0.258819045102521,-0.9659258262890682
-14.9,-22.6,52.0,20.0,24.1,101.34,2012,1,3,12,1,0,1.2246467991473532e-16,-1.0
-2.1,-3.2,92.0,19.0,22.750000000000004,100.88,2012,12,17,6,0,0,1.0,6.123233995736766e-17
-5.1,-18.7,34.0,13.0,26.349999999999998,102.41,2012,3,27,8,1,0,0.8660254037844387,-0.4999999999999998
4.7,1.9,82.0,17.0,25.0,100.13,2012,11,3,2,5,1,0.49999999999999994,0.8660254037844387
0.5,-1.3,88.0,20.0,22.750000000000004,99.015,2012,1,27,14,4,0,-0.4999999999999997,-0.8660254037844388
2.0,-5.9,56.0,17.0,26.349999999999998,100.66,2012,2,21,16,1,0,-0.8660254037844385,-0.5000000000000004
19.6,18.5,93.0,15.0,22.750000000000004,100.01,2012,7,17,6,1,0,1.0,6.123233995736766e-17
-6.5,-10.6,73.0,7.0,25.0,100.53,2012,11,26,1,0,0,0.25881904510252074,0.9659258262890683
-10.0,-14.9,67.0,24.0,25.0,102.31,2012,12,16,0,6,1,0.0,1.0
4.8,2.9,87.0,19.0,25.0,99.46,2012,11,2,5,4,0,0.9659258262890683,0.25881904510252074
16.6,12.7,78.0,20.0,24.1,99.5,2012,10,15,10,0,0,0.49999999999999994,-0.8660254037844387
22.2,10.4,47.0,15.0,26.349999999999998,101.39,2012,3,18,15,6,1,-0.7071067811865471,-0.7071067811865479
-5.7,-12.8,57.0,9.0,26.349999999999998,101.99,2012,2,4,16,5,1,-0.8660254037844385,-0.5000000000000004
12.8,-2.0,36.0,4.0,25.0,101.62,2012,5,5,20,5,1,-0.8660254037844386,0.5000000000000001
24.5,18.2,68.0,17.0,24.1,100.6,2012,6,21,6,3,0,1.0,6.123233995736766e-17
-3.4,-5.7,84.0,7.0,25.0,101.21,2012,11,9,0,4,0,0.0,1.0
24.5,17.6,65.0,6.0,24.1,100.96,2012,9,14,18,4,0,-1.0,-1.8369701987210297e-16
-5.0,-7.3,84.0,32.0,22.750000000000004,99.015,2012,1,13,9,4,0,0.7071067811865476,-0.7071067811865475
3.4,-0.6,75.0,28.0,25.0,100.45,2012,1,24,6,1,0,1.0,6.123233995736766e-17
20.7,18.5,87.0,20.0,24.1,100.08,2012,7,23,19,0,0,-0.9659258262890684,0.2588190451025203
11.0,-0.9,44.0,20.0,26.349999999999998,101.86,2012,5,6,9,6,1,0.7071067811865476,-0.7071067811865475
0.8,-8.2,51.0,24.0,25.0,101.17,2012,3,29,23,3,0,-0.25881904510252157,0.9659258262890681
-1.3,-6.6,67.0,22.0,24.1,102.02,2012,11,7,9,2,0,0.7071067811865476,-0.7071067811865475
23.4,20.7,85.0,9.0,24.1,100.06,2012,7,4,18,2,0,-1.0,-1.8369701987210297e-16
-13.1,-14.7,88.0,6.0,25.0,102.55,2012,12,26,4,2,0,0.8660254037844386,0.5000000000000001
-4.0,-6.9,80.0,0.0,22.750000000000004,100.68,2012,2,1,18,2,0,-1.0,-1.8369701987210297e-16
14.4,9.0,70.0,11.0,26.349999999999998,101.04,2012,6,24,4,6,1,0.8660254037844386,0.5000000000000001
1.5,-6.3,56.0,30.0,24.1,101.05,2012,2,9,14,3,0,-0.4999999999999997,-0.8660254037844388
12.4,-4.2,31.0,22.0,26.349999999999998,99.8,2012,4,8,16,6,1,-0.8660254037844385,-0.5000000000000004
-12.0,-13.3,90.0,7.0,22.750000000000004,101.15,2012,12,29,10,5,1,0.49999999999999994,-0.8660254037844387
23.2,8.8,40.0,15.0,26.349999999999998,102.07,2012,6,15,19,4,0,-0.9659258262890684,0.2588190451025203
26.2,13.5,45.0,17.0,26.349999999999998,101.26,2012,7,21,14,5,1,-0.4999999999999997,-0.8660254037844388
16.5,10.4,67.0,4.0,25.0,100.82,2012,8,21,0,1,0,0.0,1.0
14.6,11.6,82.0,6.0,25.0,100.51,2012,10,1,18,0,0,-1.0,-1.8369701987210297e-16
28.5,12.3,37.0,17.0,26.349999999999998,99.45,2012,6,29,19,4,0,-0.9659258262890684,0.2588190451025203
20.1,17.8,87.0,17.0,22.750000000000004,99.75,2012,5,29,21,1,0,-0.7071067811865477,0.7071067811865474
15.4,14.1,92.0,20.0,22.750000000000004,100.5,2012,9,22,4,5,1,0.8660254037844386,0.5000000000000001
18.8,12.2,65.0,13.0,24.1,101.63,2012,5,21,5,0,0,0.9659258262890683,0.25881904510252074
0.3,-4.4,71.0,22.0,25.0,100.74,2012,2,18,2,5,1,0.49999999999999994,0.8660254037844387
1.5,1.1,97.0,13.0,22.750000000000004,101.41,2012,3,16,10,4,0,0.49999999999999994,-0.8660254037844387
19.8,16.7,82.0,19.0,22.750000000000004,100.73,2012,6,12,13,1,0,-0.2588190451025208,-0.9659258262890683
15.2,11.5,79.0,26.0,24.1,100.27,2012,10,1,15,0,0,-0.7071067811865471,-0.7071067811865479
18.1,13.6,75.0,9.0,24.1,101.13,2012,6,19,4,1,0,0.8660254037844386,0.5000000000000001
11.2,11.0,99.0,17.0,22.750000000000004,99.44,2012,10,1,3,0,0,0.7071067811865476,0.7071067811865476
-6.4,-12.3,63.0,19.0,25.0,102.18,2012,11,29,21,3,0,-0.7071067811865477,0.7071067811865474
6.1,-2.0,56.0,7.0,25.0,101.75,2012,3,11,23,6,1,-0.25881904510252157,0.9659258262890681
26.2,18.0,61.0,17.0,24.1,101.19,2012,8,27,11,0,0,0.258819045102521,-0.9659258262890682
8.5,3.1,69.0,22.0,26.349999999999998,101.3,2012,10,7,10,6,1,0.49999999999999994,-0.8660254037844387
-3.6,-8.7,68.0,7.0,25.0,102.13,2012,2,20,19,0,0,-0.9659258262890684,0.2588190451025203
-9.4,-13.9,70.0,9.0,25.0,102.27,2012,2,4,6,5,1,1.0,6.123233995736766e-17
16.6,9.6,63.0,33.0,24.1,100.09,2012,10,29,15,0,0,-0.7071067811865471,-0.7071067811865479
15.8,0.4,35.0,24.0,26.349999999999998,101.46,2012,5,17,15,3,0,-0.7071067811865471,-0.7071067811865479
0.7,-1.2,87.0,30.0,22.750000000000004,100.04,2012,1,10,6,1,0,1.0,6.123233995736766e-17
2.1,1.8,98.0,4.0,22.750000000000004,101.67,2012,3,14,13,2,0,-0.2588190451025208,-0.9659258262890683
17.3,8.9,58.0,22.0,26.349999999999998,100.65,2012,9,9,12,6,1,1.2246467991473532e-16,-1.0
14.8,14.6,99.0,6.0,22.750000000000004,101.1,2012,10,4,19,3,0,-0.9659258262890684,0.2588190451025203
5.8,2.3,78.0,19.0,25.0,100.01,2012,4,10,19,1,0,-0.9659258262890684,0.2588190451025203
22.7,9.4,43.0,11.0,26.349999999999998,100.86,2012,6,7,14,3,0,-0.4999999999999997,-0.8660254037844388
-9.2,-14.3,66.0,6.0,25.0,102.17,2012,1,9,0,0,0,0.0,1.0
17.8,13.3,75.0,17.0,26.349999999999998,101.08,2012,9,21,12,4,0,1.2246467991473532e-16,-1.0
-4.6,-7.0,83.0,19.0,22.750000000000004,101.67,2012,11,29,9,3,0,0.7071067811865476,-0.7071067811865475
2.6,-2.4,70.0,22.0,24.1,100.5,2012,2,6,12,0,0,1.2246467991473532e-16,-1.0
13.3,7.2,67.0,9.0,25.0,101.68,2012,5,19,3,5,1,0.7071067811865476,0.7071067811865476
13.9,8.4,69.0,4.0,24.1,101.13,2012,6,7,7,3,0,0.9659258262890683,-0.25881904510252063
-10.8,-15.0,71.0,9.0,25.0,100.94,2012,1,17,0,1,0,0.0,1.0
1.9,-2.1,75.0,26.0,25.0,100.6,2012,12,21,0,4,0,0.0,1.0
24.7,16.9,62.0,15.0,25.0,100.1,2012,6,22,2,4,0,0.49999999999999994,0.8660254037844387
-2.1,-5.1,80.0,7.0,26.349999999999998,100.91,2012,1,28,8,5,1,0.8660254037844387,-0.4999999999999998
26.3,9.7,35.0,26.0,26.349999999999998,100.62,2012,7,2,17,0,0,-0.9659258262890683,-0.25881904510252063
-0.6,-2.1,90.0,7.0,22.750000000000004,99.015,2012,1,17,23,1,0,-0.25881904510252157,0.9659258262890681
15.4,8.9,65.0,17.0,24.1,101.31,2012,5,2,17,2,0,-0.9659258262890683,-0.25881904510252063
20.4,4.1,34.0,15.0,26.349999999999998,101.48,2012,5,13,17,6,1,-0.9659258262890683,-0.25881904510252063
-10.3,-14.2,73.0,7.0,25.0,102.41,2012,2,29,4,2,0,0.8660254037844386,0.5000000000000001
5.8,4.9,94.0,9.0,26.349999999999998,101.53,2012,9,16,6,6,1,1.0,6.123233995736766e-17
27.6,14.2,44.0,20.0,26.349999999999998,100.82,2012,8,7,14,1,0,-0.4999999999999997,-0.8660254037844388
5.7,-0.5,64.0,11.0,25.0,101.35,2012,4,14,4,5,1,0.8660254037844386,0.5000000000000001
-3.9,-12.2,52.0,17.0,24.1,102.08,2012,2,29,12,2,0,1.2246467991473532e-16,-1.0
1.4,-1.5,81.0,13.0,22.750000000000004,99.53,2012,2,23,14,3,0,-0.4999999999999997,-0.8660254037844388
-0.8,-11.3,45.0,24.0,26.349999999999998,101.38,2012,11,26,14,0,0,-0.4999999999999997,-0.8660254037844388
10.6,7.4,81.0,17.0,25.0,101.32,2012,10,9,22,1,0,-0.5000000000000004,0.8660254037844384
3.4,0.0,78.0,22.0,24.1,102.12,2012,3,15,13,3,0,-0.2588190451025208,-0.9659258262890683
18.4,9.4,56.0,9.0,25.0,100.75,2012,8,20,20,0,0,-0.8660254037844386,0.5000000000000001
3.7,-1.7,68.0,13.0,25.0,102.69,2012,11,16,19,4,0,-0.9659258262890684,0.2588190451025203
20.8,18.9,89.0,9.0,22.750000000000004,100.69,2012,8,10,8,4,0,0.8660254037844387,-0.4999999999999998
-4.1,-8.3,73.0,20.0,25.0,101.11,2012,2,9,5,3,0,0.9659258262890683,0.25881904510252074
4.8,-2.0,61.0,13.0,24.1,102.55,2012,11,16,16,4,0,-0.8660254037844385,-0.5000000000000004
4.8,-2.0,61.0,30.0,26.349999999999998,102.09,2012,11,13,11,1,0,0.258819045102521,-0.9659258262890682
1.3,-8.7,47.0,11.0,25.0,101.49,2012,4,29,1,6,1,0.25881904510252074,0.9659258262890683
8.7,-0.6,52.0,22.0,25.0,101.04,2012,4,20,5,4,0,0.9659258262890683,0.25881904510252074
-2.2,-7.0,70.0,17.0,25.0,102.05,2012,3,11,3,6,1,0.7071067811865476,0.7071067811865476
10.9,8.9,87.0,26.0,22.750000000000004,100.39,2012,5,8,10,1,0,0.49999999999999994,-0.8660254037844387
24.1,12.0,47.0,9.0,26.349999999999998,100.85,2012,7,3,11,1,0,0.258819045102521,-0.9659258262890682
1.8,-2.6,73.0,4.0,25.0,101.8,2012,3,12,4,0,0,0.8660254037844386,0.5000000000000001
20.0,5.3,38.0,19.0,25.0,100.88,2012,6,1,19,4,0,-0.9659258262890684,0.2588190451025203
-9.4,-14.4,67.0,9.0,24.1,101.92,2012,12,25,12,1,0,1.2246467991473532e-16,-1.0
3.3,1.1,85.0,13.0,25.0,102.13,2012,11,11,18,6,1,-1.0,-1.8369701987210297e-16
-4.8,-7.0,85.0,6.0,22.750000000000004,99.015,2012,1,13,14,4,0,-0.4999999999999997,-0.8660254037844388
18.5,13.3,72.0,6.0,25.0,101.5,2012,7,12,1,3,0,0.25881904510252074,0.9659258262890683
28.0,14.8,45.0,30.0,26.349999999999998,99.68,2012,6,30,13,5,1,-0.2588190451025208,-0.9659258262890683
8.4,4.8,78.0,9.0,24.1,100.27,2012,3,25,16,6,1,-0.8660254037844385,-0.5000000000000004
3.6,-2.2,66.0,9.0,24.1,100.71,2012,3,29,11,3,0,0.258819045102521,-0.9659258262890682
17.1,12.9,76.0,7.0,24.1,100.79,2012,5,4,17,4,0,-0.9659258262890683,-0.25881904510252063
7.0,-0.5,59.0,15.0,26.349999999999998,102.02,2012,10,24,9,2,0,0.7071067811865476,-0.7071067811865475
-5.4,-12.6,57.0,11.0,26.349999999999998,102.01,2012,2,4,15,5,1,-0.7071067811865471,-0.7071067811865479
18.7,14.3,76.0,11.0,25.0,101.09,2012,7,28,3,5,1,0.7071067811865476,0.7071067811865476
0.8,-0.4,92.0,9.0,22.750000000000004,101.96,2012,2,16,0,3,0,0.0,1.0
30.3,17.3,46.0,30.0,24.1,100.08,2012,6,21,19,3,0,-0.9659258262890684,0.2588190451025203
22.9,8.2,39.0,15.0,26.349999999999998,101.21,2012,7,19,17,3,0,-0.9659258262890683,-0.25881904510252063
27.4,16.4,51.0,11.0,25.0,101.38,2012,7,13,21,4,0,-0.7071067811865477,0.7071067811865474
16.1,0.2,34.0,11.0,25.0,100.77,2012,5,8,0,1,0,0.0,1.0
1.5,-8.2,48.0,19.0,25.0,101.09,2012,4,6,3,4,0,0.7071067811865476,0.7071067811865476
26.0,17.9,61.0,22.0,26.349999999999998,101.25,2012,8,27,10,0,0,0.49999999999999994,-0.8660254037844387
16.3,12.2,77.0,20.0,24.1,99.81,2012,6,27,7,2,0,0.9659258262890683,-0.25881904510252063
9.7,5.9,77.0,7.0,25.0,101.56,2012,9,10,22,0,0,-0.5000000000000004,0.8660254037844384
12.8,10.6,86.0,24.0,24.1,100.77,2012,10,19,9,4,0,0.7071067811865476,-0.7071067811865475
10.7,5.9,72.0,22.0,25.0,100.66,2012,10,21,21,6,1,-0.7071067811865477,0.7071067811865474
19.6,16.5,82.0,19.0,25.0,100.4,2012,6,13,2,2,0,0.49999999999999994,0.8660254037844387
-18.1,-23.8,61.0,15.0,25.0,101.89,2012,1,4,2,2,0,0.49999999999999994,0.8660254037844387
23.0,12.8,53.0,24.0,26.349999999999998,101.06,2012,8,6,17,0,0,-0.9659258262890683,-0.25881904510252063
11.3,11.1,99.0,15.0,22.750000000000004,99.47,2012,10,1,5,0,0,0.9659258262890683,0.25881904510252074
-1.6,-3.6,86.0,4.0,22.750000000000004,101.92,2012,11,21,6,2,0,1.0,6.123233995736766e-17
32.0,18.3,44.0,17.0,24.1,101.48,2012,8,4,14,5,1,-0.4999999999999997,-0.8660254037844388
-11.8,-14.4,81.0,6.0,25.0,101.42,2012,12,31,3,0,0,0.7071067811865476,0.7071067811865476
-17.5,-24.2,56.0,13.0,25.0,101.88,2012,1,4,0,2,0,0.0,1.0
6.2,-5.5,43.0,26.0,24.1,101.87,2012,10,12,13,4,0,-0.2588190451025208,-0.9659258262890683
1.1,0.5,96.0,19.0,22.750000000000004,101.46,2012,3,16,3,4,0,0.7071067811865476,0.7071067811865476
-23.3,-28.5,62.0,7.0,24.1,102.45,2012,1,15,8,6,1,0.8660254037844387,-0.4999999999999998
0.8,0.4,97.0,15.0,22.750000000000004,99.6,2012,12,18,22,1,0,-0.5000000000000004,0.8660254037844384
8.9,8.6,98.0,15.0,22.750000000000004,100.13,2012,10,14,23,6,1,-0.25881904510252157,0.9659258262890681
20.7,19.7,94.0,15.0,22.750000000000004,100.61,2012,9,4,22,1,0,-0.5000000000000004,0.8660254037844384
23.5,17.1,67.0,19.0,24.1,100.42,2012,7,7,7,5,1,0.9659258262890683,-0.25881904510252063
12.2,-3.6,33.0,11.0,25.0,101.6,2012,4,30,19,0,0,-0.9659258262890684,0.2588190451025203
-16.8,-24.2,53.0,20.0,26.349999999999998,102.65,2012,1,15,13,6,1,-0.2588190451025208,-0.9659258262890683
29.1,14.0,40.0,22.0,26.349999999999998,100.37,2012,6,22,14,4,0,-0.4999999999999997,-0.8660254037844388
2.1,-3.1,68.0,4.0,25.0,101.18,2012,12,7,20,4,0,-0.8660254037844386,0.5000000000000001
18.7,14.5,77.0,4.0,25.0,100.62,2012,9,7,1,4,0,0.25881904510252074,0.9659258262890683
-21.0,-26.6,61.0,0.0,25.0,102.12,2012,1,15,4,6,1,0.8660254037844386,0.5000000000000001
15.6,9.3,66.0,0.0,25.0,101.61,2012,9,3,1,0,0,0.25881904510252074,0.9659258262890683
16.6,-6.8,19.0,15.0,26.349999999999998,101.66,2012,3,23,14,4,0,-0.4999999999999997,-0.8660254037844388
6.9,0.3,63.0,0.0,25.0,101.55,2012,5,7,1,0,0,0.25881904510252074,0.9659258262890683
10.7,8.2,85.0,32.0,25.0,100.5,2012,12,4,18,1,0,-1.0,-1.8369701987210297e-16
18.8,15.2,80.0,7.0,24.1,100.74,2012,9,26,16,2,0,-0.8660254037844385,-0.5000000000000004
11.3,1.4,50.0,13.0,24.1,101.77,2012,10,25,12,3,0,1.2246467991473532e-16,-1.0
3.7,-0.4,75.0,17.0,24.1,101.45,2012,10,12,7,4,0,0.9659258262890683,-0.25881904510252063
17.7,13.3,75.0,13.0,25.0,100.86,2012,8,6,4,0,0,0.8660254037844386,0.5000000000000001
23.4,14.4,57.0,26.0,26.349999999999998,99.88,2012,6,30,8,5,1,0.8660254037844387,-0.4999999999999998
9.0,7.9,93.0,6.0,22.750000000000004,101.43,2012,5,2,0,2,0,0.0,1.0
2.5,0.6,87.0,19.0,22.750000000000004,99.42,2012,3,28,15,2,0,-0.7071067811865471,-0.7071067811865479
-8.8,-11.9,78.0,6.0,24.1,102.62,2012,2,3,9,4,0,0.7071067811865476,-0.7071067811865475
22.6,10.9,48.0,24.0,26.349999999999998,100.8,2012,7,18,11,2,0,0.258819045102521,-0.9659258262890682
-3.4,-12.8,48.0,24.0,26.349999999999998,100.56,2012,2,13,16,0,0,-0.8660254037844385,-0.5000000000000004
11.0,6.8,75.0,9.0,25.0,100.99,2012,6,6,3,2,0,0.7071067811865476,0.7071067811865476
-9.8,-13.9,72.0,19.0,22.750000000000004,101.61,2012,1,31,8,1,0,0.8660254037844387,-0.4999999999999998
11.4,9.0,85.0,11.0,22.750000000000004,99.5,2012,5,10,4,3,0,0.8660254037844386,0.5000000000000001
14.5,12.3,87.0,11.0,24.1,101.6,2012,5,13,8,6,1,0.8660254037844387,-0.4999999999999998
1.4,-0.9,85.0,6.0,25.0,101.9,2012,11,21,20,2,0,-0.8660254037844386,0.5000000000000001
9.8,6.6,80.0,9.0,25.0,101.25,2012,10,28,3,6,1,0.7071067811865476,0.7071067811865476
8.1,-11.9,23.0,28.0,26.349999999999998,101.77,2012,4,29,18,6,1,-1.0,-1.8369701987210297e-16
17.6,15.6,88.0,9.0,25.0,100.62,2012,9,7,2,4,0,0.49999999999999994,0.8660254037844387
1.3,0.2,92.0,36.5,22.750000000000004,99.015,2012,12,21,17,4,0,-0.9659258262890683,-0.25881904510252063
8.7,0.2,55.0,17.0,24.1,99.19,2012,4,9,16,0,0,-0.8660254037844385,-0.5000000000000004
15.3,13.8,91.0,13.0,22.750000000000004,101.01,2012,10,4,22,3,0,-0.5000000000000004,0.8660254037844384
21.3,18.1,82.0,7.0,25.0,100.53,2012,9,6,0,3,0,0.0,1.0
16.3,8.2,59.0,22.0,24.1,101.43,2012,11,12,14,0,0,-0.4999999999999997,-0.8660254037844388
1.1,0.5,96.0,9.0,22.750000000000004,100.54,2012,12,8,18,5,1,-1.0,-1.8369701987210297e-16
-3.6,-6.4,81.0,4.0,22.750000000000004,100.85,2012,2,1,20,2,0,-0.8660254037844386,0.5000000000000001
24.3,18.9,72.0,19.0,24.1,99.94,2012,7,17,19,1,0,-0.9659258262890684,0.2588190451025203
24.8,17.9,66.0,17.0,26.349999999999998,100.66,2012,7,5,16,3,0,-0.8660254037844385,-0.5000000000000004
8.0,1.2,62.0,24.0,24.1,99.015,2012,4,24,13,1,0,-0.2588190451025208,-0.9659258262890683
0.7,-2.7,78.0,17.0,25.0,99.89,2012,12,11,0,1,0,0.0,1.0
20.8,18.7,88.0,6.0,25.0,100.57,2012,8,1,4,2,0,0.8660254037844386,0.5000000000000001
8.9,3.6,69.0,17.0,24.1,99.015,2012,4,24,12,1,0,1.2246467991473532e-16,-1.0
15.0,5.7,54.0,20.0,26.349999999999998,101.37,2012,9,24,12,0,0,1.2246467991473532e-16,-1.0
8.8,2.7,66.0,17.0,25.0,101.83,2012,3,19,22,0,0,-0.5000000000000004,0.8660254037844384
12.1,10.5,90.0,9.0,22.750000000000004,100.33,2012,5,8,20,1,0,-0.8660254037844386,0.5000000000000001
25.5,7.0,31.0,9.0,26.349999999999998,101.47,2012,9,2,13,6,1,-0.2588190451025208,-0.9659258262890683
26.0,14.7,50.0,9.0,26.349999999999998,101.71,2012,9,13,18,3,0,-1.0,-1.8369701987210297e-16
27.0,19.0,62.0,20.0,24.1,100.94,2012,6,19,19,1,0,-0.9659258262890684,0.2588190451025203
3.6,1.0,83.0,11.0,26.349999999999998,101.87,2012,12,3,9,0,0,0.7071067811865476,-0.7071067811865475
25.0,18.5,67.0,19.0,25.0,100.87,2012,6,20,1,2,0,0.25881904510252074,0.9659258262890683
14.5,10.3,76.0,6.0,25.0,101.68,2012,9,3,5,0,0,0.9659258262890683,0.25881904510252074
7.3,-1.4,54.0,6.0,26.349999999999998,101.37,2012,5,12,5,5,1,0.9659258262890683,0.25881904510252074
-6.1,-8.5,83.0,7.0,25.0,102.03,2012,11,27,3,1,0,0.7071067811865476,0.7071067811865476
-8.1,-13.3,66.0,15.0,25.0,102.21,2012,2,4,5,5,1,0.9659258262890683,0.25881904510252074
-3.9,-5.9,86.0,6.0,22.750000000000004,102.37,2012,12,12,21,2,0,-0.7071067811865477,0.7071067811865474
6.0,0.2,66.0,9.0,25.0,100.69,2012,4,25,23,2,0,-0.25881904510252157,0.9659258262890681
21.6,8.2,42.0,9.0,25.0,101.57,2012,5,19,21,5,1,-0.7071067811865477,0.7071067811865474
17.4,11.2,67.0,15.0,26.349999999999998,101.18,2012,7,28,5,5,1,0.9659258262890683,0.25881904510252074
-4.3,-12.4,53.0,17.0,26.349999999999998,102.54,2012,2,28,16,1,0,-0.8660254037844385,-0.5000000000000004
15.0,11.5,80.0,19.0,24.1,100.35,2012,10,1,16,0,0,-0.8660254037844385,-0.5000000000000004
0.5,-3.6,74.0,17.0,25.0,100.29,2012,3,2,23,4,0,-0.25881904510252157,0.9659258262890681
17.9,8.1,53.0,7.0,25.0,100.81,2012,7,8,22,6,1,-0.5000000000000004,0.8660254037844384
8.1,-4.6,40.0,26.0,24.1,99.81,2012,4,4,17,2,0,-0.9659258262890683,-0.25881904510252063
5.0,1.5,78.0,9.0,24.1,99.48,2012,4,10,7,1,0,0.9659258262890683,-0.25881904510252063
-8.2,-17.8,46.0,9.0,25.0,102.09,2012,2,7,19,1,0,-0.9659258262890684,0.2588190451025203
-10.2,-16.3,61.0,11.0,22.750000000000004,100.89,2012,1,4,15,2,0,-0.7071067811865471,-0.7071067811865479
5.9,2.9,81.0,35.0,24.1,99.015,2012,4,23,17,0,0,-0.9659258262890683,-0.25881904510252063
16.6,6.2,50.0,22.0,26.349999999999998,101.26,2012,5,28,7,0,0,0.9659258262890683,-0.25881904510252063
19.6,10.3,55.0,7.0,25.0,101.21,2012,5,23,22,2,0,-0.5000000000000004,0.8660254037844384
7.2,5.0,86.0,4.0,25.0,101.42,2012,9,24,4,0,0,0.8660254037844386,0.5000000000000001
-3.0,-5.0,86.0,35.0,22.750000000000004,99.015,2012,12,22,9,5,1,0.7071067811865476,-0.7071067811865475
16.8,10.6,67.0,20.0,24.1,99.68,2012,5,9,18,2,0,-1.0,-1.8369701987210297e-16
14.8,3.1,45.0,13.0,25.0,101.76,2012,5,27,3,6,1,0.7071067811865476,0.7071067811865476
32.5,19.8,47.0,13.0,24.1,101.32,2012,8,4,17,5,1,-0.9659258262890683,-0.25881904510252063
-4.0,-12.6,51.0,26.0,26.349999999999998,101.27,2012,3,26,8,0,0,0.8660254037844387,-0.4999999999999998
-10.1,-14.3,71.0,15.0,24.1,101.95,2012,12,25,10,1,0,0.49999999999999994,-0.8660254037844387
22.6,10.9,48.0,15.0,26.349999999999998,101.18,2012,8,21,14,1,0,-0.4999999999999997,-0.8660254037844388
13.0,9.5,79.0,0.0,25.0,101.43,2012,9,2,3,6,1,0.7071067811865476,0.7071067811865476
17.4,8.8,57.0,13.0,25.0,101.23,2012,5,28,1,0,0,0.25881904510252074,0.9659258262890683
3.5,-7.8,43.0,7.0,25.0,102.47,2012,11,10,17,5,1,-0.9659258262890683,-0.25881904510252063
-8.9,-15.1,61.0,15.0,25.0,101.47,2012,1,30,6,0,0,1.0,6.123233995736766e-17
7.9,3.5,74.0,0.0,25.0,101.64,2012,10,23,18,1,0,-1.0,-1.8369701987210297e-16
22.3,8.5,41.0,11.0,26.349999999999998,101.72,2012,5,19,11,5,1,0.258819045102521,-0.9659258262890682
18.8,5.7,42.0,13.0,26.349999999999998,101.49,2012,5,13,19,6,1,-0.9659258262890684,0.2588190451025203
-9.4,-12.6,77.0,13.0,25.0,102.3,2012,12,25,20,1,0,-0.8660254037844386,0.5000000000000001
23.4,15.0,59.0,15.0,26.349999999999998,100.83,2012,7,2,9,0,0,0.7071067811865476,-0.7071067811865475
5.9,-8.0,36.0,4.0,25.0,100.88,2012,3,31,19,5,1,-0.9659258262890684,0.2588190451025203
19.2,6.9,45.0,7.0,26.349999999999998,101.41,2012,5,27,18,6,1,-1.0,-1.8369701987210297e-16
-9.1,-14.7,64.0,20.0,25.0,102.58,2012,12,15,19,5,1,-0.9659258262890684,0.2588190451025203
25.8,6.9,30.0,15.0,26.349999999999998,101.46,2012,5,19,16,5,1,-0.8660254037844385,-0.5000000000000004
5.5,2.9,83.0,19.0,25.0,99.38,2012,11,1,23,3,0,-0.25881904510252157,0.9659258262890681
13.6,8.5,71.0,11.0,24.1,100.34,2012,5,31,4,3,0,0.8660254037844386,0.5000000000000001
19.4,9.4,52.0,7.0,24.1,101.08,2012,6,6,11,2,0,0.258819045102521,-0.9659258262890682
21.5,12.4,56.0,15.0,26.349999999999998,101.11,2012,5,14,19,0,0,-0.9659258262890684,0.2588190451025203
-0.1,-1.5,90.0,26.0,22.750000000000004,99.16,2012,2,24,17,4,0,-0.9659258262890683,-0.25881904510252063
12.1,1.5,48.0,22.0,24.1,99.93,2012,11,23,12,4,0,1.2246467991473532e-16,-1.0
30.1,15.2,40.0,19.0,26.349999999999998,101.54,2012,7,13,12,4,0,1.2246467991473532e-16,-1.0
12.4,6.1,65.0,19.0,26.349999999999998,100.89,2012,9,25,6,1,0,1.0,6.123233995736766e-17
3.1,-1.2,73.0,17.0,25.0,100.88,2012,11,4,3,6,1,0.7071067811865476,0.7071067811865476
19.2,14.4,74.0,19.0,24.1,100.98,2012,5,15,14,1,0,-0.4999999999999997,-0.8660254037844388
32.7,15.3,35.0,28.0,26.349999999999998,101.35,2012,7,14,14,5,1,-0.4999999999999997,-0.8660254037844388
1.9,0.7,92.0,17.0,22.750000000000004,101.22,2012,12,9,1,6,1,0.25881904510252074,0.9659258262890683
21.9,17.8,78.0,11.0,24.1,100.89,2012,8,14,9,1,0,0.7071067811865476,-0.7071067811865475
3.6,2.2,91.0,28.0,25.0,100.1,2012,1,23,22,0,0,-0.5000000000000004,0.8660254037844384
1.8,-6.1,56.0,7.0,25.0,101.13,2012,2,14,19,1,0,-0.9659258262890684,0.2588190451025203
12.9,3.8,54.0,4.0,26.349999999999998,102.04,2012,9,27,12,3,0,1.2246467991473532e-16,-1.0
11.9,4.0,58.0,11.0,24.1,101.57,2012,10,23,16,1,0,-0.8660254037844385,-0.5000000000000004
-0.6,-5.4,70.0,24.0,26.349999999999998,100.85,2012,2,18,9,5,1,0.7071067811865476,-0.7071067811865475
7.1,6.9,99.0,15.0,22.750000000000004,100.71,2012,12,2,22,6,1,-0.5000000000000004,0.8660254037844384
5.4,3.6,88.0,6.0,25.0,101.54,2012,10,23,5,1,0,0.9659258262890683,0.25881904510252074
12.0,8.4,79.0,11.0,25.0,101.14,2012,10,27,23,5,1,-0.25881904510252157,0.9659258262890681
26.5,16.5,54.0,22.0,24.1,100.42,2012,7,7,12,5,1,1.2246467991473532e-16,-1.0
0.4,-0.4,94.0,19.0,22.750000000000004,100.76,2012,12,17,11,0,0,0.258819045102521,-0.9659258262890682
0.4,-0.9,91.0,24.0,22.750000000000004,100.32,2012,12,18,2,1,0,0.49999999999999994,0.8660254037844387
9.7,-2.7,42.0,13.0,24.1,101.36,2012,3,7,15,2,0,-0.7071067811865471,-0.7071067811865479
0.9,-4.3,68.0,20.0,25.0,102.34,2012,11,11,4,6,1,0.8660254037844386,0.5000000000000001
8.0,4.7,80.0,7.0,25.0,101.98,2012,9,28,1,4,0,0.25881904510252074,0.9659258262890683
-12.9,-17.9,66.0,11.0,25.0,100.93,2012,2,14,2,1,0,0.49999999999999994,0.8660254037844387
-2.3,-4.6,84.0,9.0,22.750000000000004,100.47,2012,12,31,15,0,0,-0.7071067811865471,-0.7071067811865479
15.6,3.1,43.0,11.0,26.349999999999998,101.94,2012,5,27,8,6,1,0.8660254037844387,-0.4999999999999998
14.8,5.4,53.0,4.0,25.0,100.71,2012,5,8,2,1,0,0.49999999999999994,0.8660254037844387
25.6,18.6,65.0,30.0,24.1,100.35,2012,8,31,15,4,0,-0.7071067811865471,-0.7071067811865479
0.7,-4.0,71.0,6.0,25.0,101.98,2012,11,10,5,5,1,0.9659258262890683,0.25881904510252074
-4.3,-10.5,62.0,19.0,25.0,99.77,2012,3,4,5,6,1,0.9659258262890683,0.25881904510252074
30.8,10.6,29.0,13.0,26.349999999999998,101.58,2012,5,20,17,6,1,-0.9659258262890683,-0.25881904510252063
2.1,-7.4,49.0,9.0,26.349999999999998,101.87,2012,11,6,14,1,0,-0.4999999999999997,-0.8660254037844388
0.2,-2.5,82.0,15.0,25.0,101.84,2012,12,13,22,3,0,-0.5000000000000004,0.8660254037844384
29.5,16.8,46.0,4.0,26.349999999999998,101.62,2012,8,26,17,6,1,-0.9659258262890683,-0.25881904510252063
20.6,15.3,72.0,9.0,24.1,99.97,2012,7,26,9,3,0,0.7071067811865476,-0.7071067811865475
7.8,5.1,83.0,24.0,22.750000000000004,101.13,2012,5,1,5,1,0,0.9659258262890683,0.25881904510252074
3.1,-2.5,67.0,15.0,24.1,102.53,2012,11,16,11,4,0,0.258819045102521,-0.9659258262890682
14.2,6.2,59.0,24.0,26.349999999999998,101.0,2012,10,22,13,0,0,-0.2588190451025208,-0.9659258262890683
20.6,16.3,76.0,11.0,24.1,99.96,2012,7,26,10,3,0,0.49999999999999994,-0.8660254037844387
4.6,-7.8,40.0,24.0,26.349999999999998,100.72,2012,4,2,11,0,0,0.258819045102521,-0.9659258262890682
27.2,15.8,50.0,19.0,26.349999999999998,101.22,2012,7,30,12,0,0,1.2246467991473532e-16,-1.0
-5.2,-12.1,58.0,20.0,25.0,100.99,2012,1,26,21,3,0,-0.7071067811865477,0.7071067811865474
-5.8,-9.3,76.0,4.0,25.0,102.2,2012,2,20,23,0,0,-0.25881904510252157,0.9659258262890681
4.5,0.0,73.0,13.0,24.1,99.84,2012,4,25,5,2,0,0.9659258262890683,0.25881904510252074
10.1,7.5,84.0,26.0,24.1,100.7,2012,10,29,7,0,0,0.9659258262890683,-0.25881904510252063
0.6,-3.2,76.0,32.0,25.0,100.72,2012,1,8,0,6,1,0.0,1.0
9.4,5.0,74.0,9.0,24.1,101.75,2012,10,23,9,1,0,0.7071067811865476,-0.7071067811865475
-1.4,-8.6,58.0,19.0,25.0,101.88,2012,12,5,20,2,0,-0.8660254037844386,0.5000000000000001
9.1,1.5,59.0,15.0,25.0,101.0,2012,4,20,3,4,0,0.7071067811865476,0.7071067811865476
32.4,19.9,48.0,17.0,24.1,100.61,2012,6,20,18,2,0,-1.0,-1.8369701987210297e-16
3.0,1.3,89.0,0.0,25.0,100.3,2012,4,11,3,2,0,0.7071067811865476,0.7071067811865476
28.2,8.7,29.0,30.0,26.349999999999998,101.14,2012,5,21,16,0,0,-0.8660254037844385,-0.5000000000000004
10.7,3.3,60.0,11.0,26.349999999999998,101.38,2012,6,1,5,4,0,0.9659258262890683,0.25881904510252074
10.4,2.6,58.0,13.0,25.0,101.72,2012,5,18,0,4,0,0.0,1.0
17.0,6.6,50.0,4.0,25.0,100.93,2012,6,9,22,5,1,-0.5000000000000004,0.8660254037844384
17.7,13.9,78.0,11.0,25.0,100.2,2012,6,28,4,3,0,0.8660254037844386,0.5000000000000001
-8.8,-14.3,64.0,4.0,24.1,101.15,2012,2,14,10,1,0,0.49999999999999994,-0.8660254037844387
-1.4,-2.3,94.0,9.0,22.750000000000004,100.78,2012,2,11,0,5,1,0.0,1.0
26.9,12.3,40.0,11.0,24.1,101.56,2012,5,20,19,6,1,-0.9659258262890684,0.2588190451025203
-3.3,-9.4,63.0,33.0,25.0,100.15,2012,11,25,2,6,1,0.49999999999999994,0.8660254037844387
-12.3,-20.1,52.0,24.0,25.0,100.57,2012,2,12,18,6,1,-1.0,-1.8369701987210297e-16
-5.6,-10.3,69.0,11.0,25.0,101.59,2012,1,8,7,6,1,0.9659258262890683,-0.25881904510252063
24.3,16.9,63.0,15.0,25.0,101.49,2012,8,27,0,0,0,0.0,1.0
9.9,8.5,91.0,0.0,22.750000000000004,101.59,2012,3,19,7,0,0,0.9659258262890683,-0.25881904510252063
10.1,7.6,84.0,30.0,25.0,100.21,2012,10,21,6,6,1,1.0,6.123233995736766e-17
21.0,17.8,82.0,20.0,22.750000000000004,99.77,2012,9,8,7,5,1,0.9659258262890683,-0.25881904510252063
6.7,2.2,73.0,4.0,24.1,100.76,2012,4,11,10,2,0,0.49999999999999994,-0.8660254037844387
4.0,-5.1,51.0,11.0,25.0,101.48,2012,4,13,1,4,0,0.25881904510252074,0.9659258262890683
2.6,-0.8,78.0,11.0,26.349999999999998,101.99,2012,10,24,7,2,0,0.9659258262890683,-0.25881904510252063
18.1,13.6,75.0,4.0,25.0,101.34,2012,8,21,23,1,0,-0.25881904510252157,0.9659258262890681
2.6,-11.4,35.0,13.0,25.0,101.68,2012,3,27,20,1,0,-0.8660254037844386,0.5000000000000001
5.9,-4.2,48.0,11.0,26.349999999999998,101.92,2012,3,11,11,6,1,0.258819045102521,-0.9659258262890682
13.6,9.5,76.0,24.0,22.750000000000004,100.43,2012,6,2,4,5,1,0.8660254037844386,0.5000000000000001
-5.2,-7.0,87.0,4.0,26.349999999999998,103.135,2012,11,14,7,2,0,0.9659258262890683,-0.25881904510252063
-3.3,-7.3,74.0,13.0,22.750000000000004,102.21,2012,2,3,16,4,0,-0.8660254037844385,-0.5000000000000004
19.8,14.7,72.0,28.0,24.1,99.44,2012,10,30,13,1,0,-0.2588190451025208,-0.9659258262890683
-1.2,-5.7,71.0,15.0,25.0,102.31,2012,12,9,17,6,1,-0.9659258262890683,-0.25881904510252063
15.6,8.9,64.0,24.0,25.0,100.84,2012,11,12,23,0,0,-0.25881904510252157,0.9659258262890681
15.9,-3.5,26.0,19.0,26.349999999999998,100.98,2012,4,14,16,5,1,-0.8660254037844385,-0.5000000000000004
-2.7,-10.2,56.0,11.0,26.349999999999998,102.75,2012,3,10,15,5,1,-0.7071067811865471,-0.7071067811865479
20.4,17.9,86.0,35.0,24.1,99.015,2012,9,18,17,1,0,-0.9659258262890683,-0.25881904510252063
21.8,14.8,64.0,6.0,25.0,101.61,2012,8,4,3,5,1,0.7071067811865476,0.7071067811865476
26.8,21.9,75.0,9.0,25.0,100.39,2012,7,6,22,4,0,-0.5000000000000004,0.8660254037844384
-3.4,-5.2,87.0,11.0,25.0,101.89,2012,11,28,6,2,0,1.0,6.123233995736766e-17
17.5,13.1,75.0,7.0,25.0,101.22,2012,5,14,23,0,0,-0.25881904510252157,0.9659258262890681
14.0,10.1,77.0,11.0,25.0,99.24,2012,10,31,6,2,0,1.0,6.123233995736766e-17
14.0,9.8,76.0,32.0,25.0,100.99,2012,5,4,21,4,0,-0.7071067811865477,0.7071067811865474
12.8,2.9,51.0,17.0,24.1,101.66,2012,10,25,14,3,0,-0.4999999999999997,-0.8660254037844388
12.6,6.4,66.0,32.0,24.1,100.3,2012,10,21,12,6,1,1.2246467991473532e-16,-1.0
-10.2,-15.1,67.0,19.0,26.349999999999998,102.63,2012,12,15,7,5,1,0.9659258262890683,-0.25881904510252063
5.5,-1.5,61.0,13.0,25.0,101.14,2012,4,12,0,3,0,0.0,1.0
14.1,0.4,39.0,13.0,26.349999999999998,101.54,2012,5,17,19,3,0,-0.9659258262890684,0.2588190451025203
29.9,16.1,43.0,20.0,24.1,100.41,2012,8,2,17,3,0,-0.9659258262890683,-0.25881904510252063
3.8,-5.7,50.0,13.0,26.349999999999998,101.97,2012,3,11,10,6,1,0.49999999999999994,-0.8660254037844387
24.1,18.6,71.0,11.0,25.0,101.26,2012,7,15,3,6,1,0.7071067811865476,0.7071067811865476
26.4,11.1,38.0,13.0,26.349999999999998,101.13,2012,7,28,14,5,1,-0.4999999999999997,-0.8660254037844388
18.9,16.4,85.0,13.0,24.1,99.71,2012,6,29,5,4,0,0.9659258262890683,0.25881904510252074
-4.3,-6.5,85.0,22.0,22.750000000000004,100.05,2012,1,17,14,1,0,-0.4999999999999997,-0.8660254037844388
10.4,8.5,88.0,17.0,25.0,101.05,2012,9,10,5,0,0,0.9659258262890683,0.25881904510252074
15.1,10.9,76.0,11.0,25.0,101.5,2012,5,13,4,6,1,0.8660254037844386,0.5000000000000001
-11.0,-16.5,64.0,13.0,25.0,103.135,2012,12,1,1,5,1,0.25881904510252074,0.9659258262890683
14.9,11.8,82.0,4.0,25.0,102.0,2012,9,13,5,3,0,0.9659258262890683,0.25881904510252074
13.2,8.4,73.0,6.0,25.0,101.54,2012,3,22,4,3,0,0.8660254037844386,0.5000000000000001
-1.6,-4.1,83.0,20.0,25.0,101.08,2012,3,28,3,2,0,0.7071067811865476,0.7071067811865476
-3.4,-5.2,87.0,7.0,22.750000000000004,102.02,2012,11,20,7,1,0,0.9659258262890683,-0.25881904510252063
5.1,-0.9,65.0,13.0,25.0,101.07,2012,3,13,1,1,0,0.25881904510252074,0.9659258262890683
24.8,19.5,72.0,19.0,24.1,100.86,2012,7,23,8,0,0,0.8660254037844387,-0.4999999999999998
14.6,9.5,71.0,17.0,24.1,101.1,2012,10,27,15,5,1,-0.7071067811865471,-0.7071067811865479
1.7,-2.5,74.0,15.0,25.0,101.99,2012,12,13,19,3,0,-0.9659258262890684,0.2588190451025203
-0.7,-5.2,72.0,30.0,25.0,100.86,2012,2,6,0,0,0,0.0,1.0
-4.3,-5.3,93.0,11.0,22.750000000000004,102.49,2012,12,13,1,3,0,0.25881904510252074,0.9659258262890683
2.5,-1.2,77.0,0.0,25.0,101.13,2012,12,8,4,5,1,0.8660254037844386,0.5000000000000001
0.2,-0.5,95.0,15.0,22.750000000000004,102.13,2012,3,14,20,2,0,-0.8660254037844386,0.5000000000000001
-9.1,-11.4,83.0,6.0,25.0,101.78,2012,12,11,22,1,0,-0.5000000000000004,0.8660254037844384
22.2,5.5,34.0,19.0,26.349999999999998,102.22,2012,6,14,13,3,0,-0.2588190451025208,-0.9659258262890683
-6.0,-12.1,62.0,11.0,26.349999999999998,102.1,2012,2,20,12,0,0,1.2246467991473532e-16,-1.0
27.3,13.4,42.0,17.0,26.349999999999998,101.8,2012,9,12,15,2,0,-0.7071067811865471,-0.7071067811865479
16.8,14.3,85.0,9.0,24.1,100.92,2012,10,5,8,4,0,0.8660254037844387,-0.4999999999999998
-13.2,-14.8,88.0,11.0,22.750000000000004,101.13,2012,12,29,9,5,1,0.7071067811865476,-0.7071067811865475
-11.7,-15.0,76.0,19.0,24.1,100.69,2012,12,30,9,6,1,0.7071067811865476,-0.7071067811865475
-16.9,-24.8,50.0,24.0,25.0,101.74,2012,1,3,19,1,0,-0.9659258262890684,0.2588190451025203
-4.4,-8.8,71.0,9.0,24.1,102.05,2012,11,27,7,1,0,0.9659258262890683,-0.25881904510252063
9.9,7.4,84.0,7.0,24.1,101.38,2012,10,28,8,6,1,0.8660254037844387,-0.4999999999999998
-9.7,-14.3,69.0,24.0,22.750000000000004,99.85,2012,1,14,1,5,1,0.25881904510252074,0.9659258262890683
13.3,7.4,67.0,11.0,25.0,101.14,2012,10,27,21,5,1,-0.7071067811865477,0.7071067811865474
0.4,-0.9,91.0,11.0,22.750000000000004,99.015,2012,2,25,2,5,1,0.49999999999999994,0.8660254037844387
10.6,8.6,87.0,4.0,25.0,101.42,2012,3,19,2,0,0,0.49999999999999994,0.8660254037844387
12.6,11.2,91.0,0.0,22.750000000000004,100.2,2012,5,9,1,2,0,0.25881904510252074,0.9659258262890683
24.5,16.1,59.0,11.0,26.349999999999998,100.66,2012,7,5,14,3,0,-0.4999999999999997,-0.8660254037844388
-4.7,-6.9,85.0,36.5,22.750000000000004,99.015,2012,12,22,13,5,1,-0.2588190451025208,-0.9659258262890683
22.4,18.4,78.0,6.0,25.0,101.89,2012,8,26,1,6,1,0.25881904510252074,0.9659258262890683
19.2,8.9,51.0,9.0,26.349999999999998,101.3,2012,7,19,10,3,0,0.49999999999999994,-0.8660254037844387
6.6,5.0,90.0,7.0,25.0,101.52,2012,9,16,0,6,1,0.0,1.0
23.2,10.3,44.0,22.0,26.349999999999998,101.19,2012,8,21,13,1,0,-0.2588190451025208,-0.9659258262890683
4.6,-4.0,54.0,11.0,25.0,101.49,2012,4,13,0,4,0,0.0,1.0
13.4,11.1,86.0,11.0,22.750000000000004,101.35,2012,10,27,11,5,1,0.258819045102521,-0.9659258262890682
25.8,18.1,63.0,9.0,25.0,100.07,2012,6,22,0,4,0,0.0,1.0
8.0,0.5,59.0,19.0,24.1,99.58,2012,4,10,12,1,0,1.2246467991473532e-16,-1.0
16.2,11.7,75.0,17.0,26.349999999999998,100.58,2012,6,8,6,4,0,1.0,6.123233995736766e-17
-9.4,-14.7,65.0,33.0,22.750000000000004,101.82,2012,12,16,9,6,1,0.7071067811865476,-0.7071067811865475
16.3,10.7,69.0,28.0,24.1,99.64,2012,10,15,13,0,0,-0.2588190451025208,-0.9659258262890683
-2.2,-3.7,89.0,35.0,22.750000000000004,99.015,2012,12,22,7,5,1,0.9659258262890683,-0.25881904510252063
23.0,17.3,70.0,17.0,24.1,100.37,2012,6,22,8,4,0,0.8660254037844387,-0.4999999999999998
25.2,13.9,50.0,22.0,26.349999999999998,100.6,2012,8,28,12,1,0,1.2246467991473532e-16,-1.0
21.9,14.0,61.0,17.0,25.0,101.27,2012,8,22,22,2,0,-0.5000000000000004,0.8660254037844384
19.4,18.5,95.0,22.0,25.0,99.28,2012,9,18,19,1,0,-0.9659258262890684,0.2588190451025203
8.4,4.9,79.0,15.0,24.1,99.22,2012,11,1,13,3,0,-0.2588190451025208,-0.9659258262890683
-5.1,-10.4,66.0,11.0,24.1,101.32,2012,3,30,5,4,0,0.9659258262890683,0.25881904510252074
24.0,18.2,70.0,22.0,24.1,100.43,2012,8,31,13,4,0,-0.2588190451025208,-0.9659258262890683
13.5,7.7,68.0,19.0,25.0,101.22,2012,5,2,22,2,0,-0.5000000000000004,0.8660254037844384
-4.8,-8.1,78.0,7.0,25.0,102.01,2012,11,27,4,1,0,0.8660254037844386,0.5000000000000001
-0.8,-8.0,58.0,22.0,25.0,101.76,2012,12,5,18,2,0,-1.0,-1.8369701987210297e-16
1.9,-0.3,85.0,19.0,24.1,101.1,2012,4,22,6,6,1,1.0,6.123233995736766e-17
19.1,18.2,95.0,17.0,25.0,100.35,2012,9,5,2,2,0,0.49999999999999994,0.8660254037844387
8.1,-0.9,53.0,11.0,26.349999999999998,101.93,2012,10,24,11,2,0,0.258819045102521,-0.9659258262890682
21.4,6.3,37.0,13.0,26.349999999999998,102.37,2012,6,15,10,4,0,0.49999999999999994,-0.8660254037844387
15.9,15.4,97.0,7.0,22.750000000000004,100.85,2012,9,22,1,5,1,0.25881904510252074,0.9659258262890683
22.4,14.0,59.0,11.0,25.0,101.88,2012,9,12,20,2,0,-0.8660254037844386,0.5000000000000001
6.1,1.4,72.0,0.0,24.1,100.72,2012,4,11,9,2,0,0.7071067811865476,-0.7071067811865475
-3.4,-5.2,87.0,7.0,25.0,101.2,2012,11,9,4,4,0,0.8660254037844386,0.5000000000000001
23.5,8.0,37.0,6.0,25.0,101.53,2012,5,19,20,5,1,-0.8660254037844386,0.5000000000000001
26.2,13.1,44.0,15.0,26.349999999999998,101.19,2012,7,21,16,5,1,-0.8660254037844385,-0.5000000000000004
-6.1,-12.4,61.0,11.0,24.1,101.13,2012,12,11,12,1,0,1.2246467991473532e-16,-1.0
16.6,4.5,45.0,17.0,25.0,100.73,2012,4,19,20,3,0,-0.8660254037844386,0.5000000000000001
14.1,8.7,70.0,7.0,25.0,101.05,2012,8,28,23,1,0,-0.25881904510252157,0.9659258262890681
-6.0,-10.0,73.0,17.0,26.349999999999998,100.45,2012,1,5,10,3,0,0.49999999999999994,-0.8660254037844387
-12.5,-19.7,55.0,13.0,24.1,102.01,2012,1,21,14,5,1,-0.4999999999999997,-0.8660254037844388
4.2,1.2,81.0,30.0,25.0,100.25,2012,1,24,4,1,0,0.8660254037844386,0.5000000000000001
8.8,-1.5,48.0,17.0,24.1,100.41,2012,4,25,16,2,0,-0.8660254037844385,-0.5000000000000004
15.4,10.9,75.0,6.0,25.0,101.39,2012,5,13,3,6,1,0.7071067811865476,0.7071067811865476
0.5,-1.9,84.0,11.0,25.0,100.19,2012,3,29,3,3,0,0.7071067811865476,0.7071067811865476
4.9,-0.4,69.0,6.0,22.750000000000004,102.64,2012,11,19,13,0,0,-0.2588190451025208,-0.9659258262890683
4.6,-1.9,63.0,33.0,25.0,100.29,2012,3,26,1,0,0,0.25881904510252074,0.9659258262890683
-1.1,-3.5,84.0,9.0,25.0,102.9,2012,11,17,0,5,1,0.0,1.0
1.1,0.0,92.0,30.0,22.750000000000004,99.015,2012,12,21,23,4,0,-0.25881904510252157,0.9659258262890681
19.0,13.9,72.0,7.0,25.0,101.51,2012,10,3,19,2,0,-0.9659258262890684,0.2588190451025203
18.5,13.3,72.0,6.0,25.0,101.33,2012,8,21,22,1,0,-0.5000000000000004,0.8660254037844384
8.2,4.2,76.0,19.0,25.0,100.69,2012,10,11,23,3,0,-0.25881904510252157,0.9659258262890681
20.2,15.6,75.0,19.0,24.1,100.6,2012,10,5,14,4,0,-0.4999999999999997,-0.8660254037844388
7.6,-4.6,42.0,22.0,24.1,99.87,2012,4,4,18,2,0,-1.0,-1.8369701987210297e-16
-3.9,-10.0,63.0,36.5,25.0,101.79,2012,1,25,7,2,0,0.9659258262890683,-0.25881904510252063
15.9,11.0,73.0,7.0,25.0,99.68,2012,5,9,20,2,0,-0.8660254037844386,0.5000000000000001
4.5,-2.9,59.0,11.0,25.0,100.73,2012,3,25,5,6,1,0.9659258262890683,0.25881904510252074
21.7,13.7,60.0,24.0,25.0,100.67,2012,8,6,0,0,0,0.0,1.0
-4.3,-5.9,89.0,33.0,22.750000000000004,100.96,2012,12,10,3,0,0,0.7071067811865476,0.7071067811865476
12.1,10.9,92.0,0.0,22.750000000000004,101.38,2012,10,27,4,5,1,0.8660254037844386,0.5000000000000001
17.7,11.7,68.0,7.0,25.0,100.64,2012,7,8,3,6,1,0.7071067811865476,0.7071067811865476
5.6,3.9,89.0,9.0,25.0,99.015,2012,4,23,23,0,0,-0.25881904510252157,0.9659258262890681
22.5,10.0,45.0,17.0,24.1,100.64,2012,8,20,18,0,0,-1.0,-1.8369701987210297e-16
14.3,0.9,40.0,15.0,26.349999999999998,101.49,2012,9,19,15,2,0,-0.7071067811865471,-0.7071067811865479
5.8,4.1,89.0,22.0,22.750000000000004,99.67,2012,4,27,0,4,0,0.0,1.0
11.5,5.2,65.0,20.0,24.1,99.99,2012,3,8,13,3,0,-0.2588190451025208,-0.9659258262890683
3.1,-9.1,40.0,6.0,26.349999999999998,101.38,2012,3,30,13,4,0,-0.2588190451025208,-0.9659258262890683
16.0,12.4,79.0,15.0,26.349999999999998,101.21,2012,9,21,9,4,0,0.7071067811865476,-0.7071067811865475
18.5,10.9,61.0,9.0,25.0,101.45,2012,6,11,3,0,0,0.7071067811865476,0.7071067811865476
2.6,-2.6,69.0,11.0,25.0,100.65,2012,2,6,20,0,0,-0.8660254037844386,0.5000000000000001
14.2,10.4,78.0,26.0,25.0,100.41,2012,9,23,0,6,1,0.0,1.0
14.2,5.5,56.0,28.0,26.349999999999998,101.44,2012,9,24,11,0,0,0.258819045102521,-0.9659258262890682
0.5,-2.7,79.0,22.0,24.1,100.4,2012,3,28,7,2,0,0.9659258262890683,-0.25881904510252063
-0.7,-6.0,67.0,24.0,25.0,101.52,2012,1,25,4,2,0,0.8660254037844386,0.5000000000000001
-2.4,-12.2,47.0,24.0,26.349999999999998,101.54,2012,2,8,14,2,0,-0.4999999999999997,-0.8660254037844388
8.7,6.5,86.0,9.0,26.349999999999998,101.55,2012,9,16,7,6,1,0.9659258262890683,-0.25881904510252063
19.7,16.7,83.0,17.0,24.1,99.72,2012,6,29,6,4,0,1.0,6.123233995736766e-17
0.9,-0.3,92.0,19.0,22.750000000000004,101.99,2012,11,12,0,0,0,0.0,1.0
3.4,-4.0,58.0,36.5,25.0,99.015,2012,3,3,19,5,1,-0.9659258262890684,0.2588190451025203
7.7,0.2,59.0,32.0,26.349999999999998,101.19,2012,10,11,10,3,0,0.49999999999999994,-0.8660254037844387
19.4,16.6,84.0,6.0,25.0,100.25,2012,7,4,1,2,0,0.25881904510252074,0.9659258262890683
25.5,5.8,28.0,11.0,26.349999999999998,101.38,2012,6,10,13,6,1,-0.2588190451025208,-0.9659258262890683
19.6,4.6,37.0,15.0,26.349999999999998,101.21,2012,6,1,14,4,0,-0.4999999999999997,-0.8660254037844388
13.1,12.7,97.0,6.0,25.0,100.66,2012,10,1,22,0,0,-0.5000000000000004,0.8660254037844384
19.6,18.7,95.0,4.0,22.750000000000004,100.75,2012,8,12,5,6,1,0.9659258262890683,0.25881904510252074
-15.3,-23.1,51.0,11.0,25.0,100.62,2012,2,12,1,6,1,0.25881904510252074,0.9659258262890683
12.3,9.7,84.0,11.0,22.750000000000004,100.48,2012,6,2,8,5,1,0.8660254037844387,-0.4999999999999998
-2.2,-8.9,60.0,7.0,25.0,101.64,2012,3,9,22,4,0,-0.5000000000000004,0.8660254037844384
-0.5,-4.9,72.0,6.0,25.0,100.4,2012,2,21,21,1,0,-0.7071067811865477,0.7071067811865474
15.6,8.5,63.0,17.0,26.349999999999998,102.32,2012,6,15,6,4,0,1.0,6.123233995736766e-17
16.4,14.1,86.0,4.0,25.0,101.65,2012,9,14,5,4,0,0.9659258262890683,0.25881904510252074
5.9,-0.9,62.0,6.0,22.750000000000004,102.54,2012,11,19,14,0,0,-0.4999999999999997,-0.8660254037844388
7.7,-8.6,30.0,6.0,26.349999999999998,100.94,2012,3,31,15,5,1,-0.7071067811865471,-0.7071067811865479
19.3,6.5,43.0,22.0,26.349999999999998,100.84,2012,7,8,8,6,1,0.8660254037844387,-0.4999999999999998
27.4,13.6,43.0,17.0,26.349999999999998,100.74,2012,8,7,16,1,0,-0.8660254037844385,-0.5000000000000004
16.9,11.5,70.0,15.0,24.1,100.12,2012,6,26,12,1,0,1.2246467991473532e-16,-1.0
-3.6,-9.0,66.0,30.0,25.0,99.8,2012,2,25,18,5,1,-1.0,-1.8369701987210297e-16
4.4,1.9,84.0,11.0,25.0,100.16,2012,4,10,22,1,0,-0.5000000000000004,0.8660254037844384
-1.9,-9.4,56.0,9.0,25.0,102.67,2012,3,10,19,5,1,-0.9659258262890684,0.2588190451025203
-2.7,-8.6,64.0,19.0,26.349999999999998,101.51,2012,2,19,13,6,1,-0.2588190451025208,-0.9659258262890683
29.2,16.9,47.0,20.0,26.349999999999998,100.99,2012,7,22,18,6,1,-1.0,-1.8369701987210297e-16
19.5,11.1,58.0,15.0,26.349999999999998,101.22,2012,7,28,7,5,1,0.9659258262890683,-0.25881904510252063
23.5,7.0,35.0,11.0,26.349999999999998,102.3,2012,6,15,12,4,0,1.2246467991473532e-16,-1.0
-4.9,-7.5,82.0,32.0,22.750000000000004,100.6,2012,3,1,9,3,0,0.7071067811865476,-0.7071067811865475
-10.2,-13.7,75.0,6.0,25.0,101.77,2012,2,20,5,0,0,0.9659258262890683,0.25881904510252074
19.1,17.3,89.0,15.0,22.750000000000004,100.67,2012,6,12,15,1,0,-0.7071067811865471,-0.7071067811865479
16.3,14.0,86.0,20.0,25.0,100.39,2012,9,22,20,5,1,-0.8660254037844386,0.5000000000000001
15.0,13.6,91.0,24.0,25.0,101.09,2012,9,15,2,5,1,0.49999999999999994,0.8660254037844387
9.2,4.0,70.0,6.0,25.0,101.96,2012,9,28,0,4,0,0.0,1.0
1.5,0.2,91.0,7.0,22.750000000000004,101.85,2012,2,15,18,2,0,-1.0,-1.8369701987210297e-16
-5.5,-11.5,63.0,22.0,24.1,101.34,2012,2,27,14,0,0,-0.4999999999999997,-0.8660254037844388
21.5,9.5,46.0,11.0,26.349999999999998,101.26,2012,7,10,20,1,0,-0.8660254037844386,0.5000000000000001
24.3,17.9,67.0,7.0,24.1,100.3,2012,7,16,20,0,0,-0.8660254037844386,0.5000000000000001
-11.0,-14.4,76.0,4.0,24.1,101.87,2012,2,20,7,0,0,0.9659258262890683,-0.25881904510252063
7.6,6.2,91.0,4.0,25.0,99.35,2012,11,1,2,3,0,0.49999999999999994,0.8660254037844387
14.7,11.0,78.0,7.0,25.0,100.95,2012,6,5,22,1,0,-0.5000000000000004,0.8660254037844384
15.2,8.9,66.0,6.0,25.0,100.89,2012,8,18,22,5,1,-0.5000000000000004,0.8660254037844384
-5.7,-8.8,79.0,17.0,24.1,101.2,2012,3,2,8,4,0,0.8660254037844387,-0.4999999999999998
9.0,3.1,66.0,17.0,25.0,100.0,2012,5,10,23,3,0,-0.25881904510252157,0.9659258262890681
2.2,-2.5,71.0,30.0,24.1,101.17,2012,12,5,11,2,0,0.258819045102521,-0.9659258262890682
8.8,1.1,58.0,19.0,25.0,101.02,2012,4,20,4,4,0,0.8660254037844386,0.5000000000000001
-0.6,-5.3,70.0,36.5,22.750000000000004,99.81,2012,11,24,17,5,1,-0.9659258262890683,-0.25881904510252063
16.6,10.8,69.0,13.0,26.349999999999998,101.23,2012,7,29,5,6,1,0.9659258262890683,0.25881904510252074
8.6,-3.3,43.0,15.0,26.349999999999998,102.05,2012,4,18,13,2,0,-0.2588190451025208,-0.9659258262890683
-10.8,-18.8,52.0,11.0,26.349999999999998,100.73,2012,2,11,15,5,1,-0.7071067811865471,-0.7071067811865479
13.0,6.8,66.0,20.0,24.1,101.13,2012,10,28,14,6,1,-0.4999999999999997,-0.8660254037844388
-6.9,-10.3,77.0,22.0,22.750000000000004,102.19,2012,2,28,6,1,0,1.0,6.123233995736766e-17
-3.4,-5.5,85.0,4.0,25.0,101.93,2012,11,28,4,2,0,0.8660254037844386,0.5000000000000001
8.2,-2.3,47.0,22.0,26.349999999999998,101.78,2012,5,6,7,6,1,0.9659258262890683,-0.25881904510252063
-3.0,-4.2,91.0,24.0,22.750000000000004,100.89,2012,12,17,5,0,0,0.9659258262890683,0.25881904510252074
20.2,18.2,88.0,13.0,22.750000000000004,100.92,2012,8,9,19,3,0,-0.9659258262890684,0.2588190451025203
-10.4,-13.3,79.0,19.0,25.0,101.07,2012,12,24,5,0,0,0.9659258262890683,0.25881904510252074
-8.6,-15.5,57.0,4.0,25.0,102.61,2012,2,27,1,0,0,0.25881904510252074,0.9659258262890683
5.7,4.0,89.0,15.0,25.0,99.87,2012,11,2,18,4,0,-1.0,-1.8369701987210297e-16
13.1,9.3,78.0,9.0,25.0,101.24,2012,9,29,1,5,1,0.25881904510252074,0.9659258262890683
16.9,8.4,57.0,6.0,25.0,101.64,2012,5,20,1,6,1,0.25881904510252074,0.9659258262890683
31.9,12.3,30.0,22.0,26.349999999999998,101.46,2012,7,13,15,4,0,-0.7071067811865471,-0.7071067811865479
-15.1,-22.8,52.0,24.0,26.349999999999998,102.79,2012,1,15,16,6,1,-0.8660254037844385,-0.5000000000000004
13.2,12.3,94.0,13.0,22.750000000000004,100.02,2012,10,20,0,5,1,0.0,1.0
-2.0,-7.1,68.0,11.0,25.0,102.5,2012,3,10,22,5,1,-0.5000000000000004,0.8660254037844384
2.1,0.7,90.0,11.0,22.750000000000004,99.015,2012,1,18,0,2,0,0.0,1.0
4.0,-4.5,54.0,7.0,25.0,100.95,2012,4,8,5,6,1,0.9659258262890683,0.25881904510252074
3.3,-1.7,70.0,9.0,25.0,102.75,2012,11,16,20,4,0,-0.8660254037844386,0.5000000000000001
-5.0,-7.6,82.0,30.0,22.750000000000004,99.72,2012,1,12,19,3,0,-0.9659258262890684,0.2588190451025203
10.8,8.5,86.0,6.0,25.0,101.39,2012,3,19,1,0,0,0.25881904510252074,0.9659258262890683
13.1,10.7,85.0,6.0,25.0,101.96,2012,9,12,5,2,0,0.9659258262890683,0.25881904510252074
-5.1,-11.2,62.0,30.0,22.750000000000004,101.01,2012,2,29,23,2,0,-0.25881904510252157,0.9659258262890681
10.9,-3.9,35.0,15.0,25.0,99.59,2012,4,8,20,6,1,-0.8660254037844386,0.5000000000000001
15.6,14.2,91.0,22.0,25.0,101.14,2012,9,15,1,5,1,0.25881904510252074,0.9659258262890683
2.7,-5.9,53.0,7.0,26.349999999999998,101.98,2012,3,11,9,6,1,0.7071067811865476,-0.7071067811865475
15.4,15.3,99.0,0.0,22.750000000000004,101.04,2012,9,21,21,4,0,-0.7071067811865477,0.7071067811865474
16.0,9.9,67.0,9.0,24.1,100.34,2012,6,8,20,4,0,-0.8660254037844386,0.5000000000000001
-7.1,-12.4,66.0,17.0,22.750000000000004,101.71,2012,1,31,4,1,0,0.8660254037844386,0.5000000000000001
4.9,4.3,96.0,17.0,22.750000000000004,101.16,2012,10,14,4,6,1,0.8660254037844386,0.5000000000000001
1.8,-3.4,68.0,6.0,26.349999999999998,101.67,2012,4,13,6,4,0,1.0,6.123233995736766e-17
20.3,17.5,84.0,4.0,25.0,99.97,2012,7,26,21,3,0,-0.7071067811865477,0.7071067811865474
10.0,8.8,92.0,0.0,25.0,102.02,2012,3,21,5,2,0,0.9659258262890683,0.25881904510252074
3.1,2.1,93.0,9.0,22.750000000000004,100.09,2012,1,24,2,1,0,0.49999999999999994,0.8660254037844387
-10.8,-16.2,64.0,9.0,25.0,103.135,2012,12,1,0,5,1,0.0,1.0
-3.5,-8.2,70.0,36.5,25.0,99.015,2012,1,18,3,2,0,0.7071067811865476,0.7071067811865476
-6.8,-14.6,54.0,19.0,26.349999999999998,102.84,2012,3,10,8,5,1,0.8660254037844387,-0.4999999999999998
22.8,16.1,66.0,20.0,24.1,101.36,2012,5,25,8,4,0,0.8660254037844387,-0.4999999999999998
3.4,-0.9,73.0,13.0,25.0,101.16,2012,11,22,22,3,0,-0.5000000000000004,0.8660254037844384
8.9,7.4,90.0,13.0,22.750000000000004,101.68,2012,5,2,9,2,0,0.7071067811865476,-0.7071067811865475
-5.0,-6.2,91.0,32.0,22.750000000000004,101.31,2012,12,10,1,0,0,0.25881904510252074,0.9659258262890683
22.4,15.6,65.0,7.0,24.1,101.63,2012,6,11,9,0,0,0.7071067811865476,-0.7071067811865475
2.6,-1.0,77.0,13.0,25.0,99.27,2012,2,22,23,2,0,-0.25881904510252157,0.9659258262890681
0.6,0.2,97.0,13.0,22.750000000000004,100.33,2012,12,19,9,2,0,0.7071067811865476,-0.7071067811865475
12.9,11.4,91.0,6.0,22.750000000000004,100.13,2012,5,9,3,2,0,0.7071067811865476,0.7071067811865476
15.2,15.1,99.0,7.0,25.0,101.01,2012,9,21,19,4,0,-0.9659258262890684,0.2588190451025203
13.4,10.7,84.0,6.0,26.349999999999998,101.68,2012,9,3,6,0,0,1.0,6.123233995736766e-17
1.4,-7.4,52.0,17.0,25.0,101.14,2012,3,29,22,3,0,-0.5000000000000004,0.8660254037844384
19.3,13.9,71.0,13.0,24.1,100.93,2012,9,21,15,4,0,-0.7071067811865471,-0.7071067811865479
21.8,17.4,76.0,9.0,25.0,100.89,2012,8,9,3,3,0,0.7071067811865476,0.7071067811865476
17.6,-1.0,28.0,32.0,26.349999999999998,100.72,2012,5,11,14,4,0,-0.4999999999999997,-0.8660254037844388
-13.5,-16.9,76.0,6.0,25.0,102.72,2012,11,30,2,4,0,0.49999999999999994,0.8660254037844387
17.3,16.6,96.0,32.0,24.1,99.49,2012,9,18,14,1,0,-0.4999999999999997,-0.8660254037844388
-1.3,-3.1,88.0,0.0,22.750000000000004,100.5,2012,1,7,21,5,1,-0.7071067811865477,0.7071067811865474
-7.3,-14.0,59.0,17.0,25.0,102.29,2012,11,29,22,3,0,-0.5000000000000004,0.8660254037844384
11.0,5.4,68.0,30.0,25.0,101.08,2012,5,4,22,4,0,-0.5000000000000004,0.8660254037844384
-12.9,-15.7,79.0,6.0,25.0,101.86,2012,2,5,3,6,1,0.7071067811865476,0.7071067811865476
11.3,1.8,52.0,0.0,26.349999999999998,101.93,2012,3,23,8,4,0,0.8660254037844387,-0.4999999999999998
13.3,10.4,83.0,15.0,25.0,100.34,2012,6,2,22,5,1,-0.5000000000000004,0.8660254037844384
20.9,2.5,30.0,17.0,26.349999999999998,101.59,2012,5,18,17,4,0,-0.9659258262890683,-0.25881904510252063
24.6,20.2,77.0,19.0,24.1,100.96,2012,8,5,6,6,1,1.0,6.123233995736766e-17
24.3,5.6,30.0,11.0,26.349999999999998,102.17,2012,6,15,14,4,0,-0.4999999999999997,-0.8660254037844388
17.6,8.0,53.0,11.0,26.349999999999998,101.62,2012,6,13,20,2,0,-0.8660254037844386,0.5000000000000001
6.6,1.4,69.0,9.0,26.349999999999998,101.24,2012,5,17,4,3,0,0.8660254037844386,0.5000000000000001
-9.6,-11.3,87.0,13.0,22.750000000000004,100.23,2012,12,30,0,6,1,0.0,1.0
21.9,18.2,80.0,15.0,24.1,100.86,2012,8,14,11,1,0,0.258819045102521,-0.9659258262890682
-1.1,-6.7,66.0,11.0,25.0,101.34,2012,11,5,5,0,0,0.9659258262890683,0.25881904510252074
1.3,0.6,95.0,17.0,22.750000000000004,100.96,2012,12,8,23,5,1,-0.25881904510252157,0.9659258262890681
0.0,-5.6,66.0,22.0,25.0,101.58,2012,11,7,22,2,0,-0.5000000000000004,0.8660254037844384
13.5,11.2,86.0,0.0,26.349999999999998,102.02,2012,9,12,6,2,0,1.0,6.123233995736766e-17
4.8,-4.8,50.0,7.0,25.0,101.18,2012,4,8,1,6,1,0.25881904510252074,0.9659258262890683
19.6,16.1,80.0,15.0,26.349999999999998,101.01,2012,8,7,7,1,0,0.9659258262890683,-0.25881904510252063
21.1,16.1,73.0,13.0,25.0,100.21,2012,9,8,0,5,1,0.0,1.0
24.1,19.2,74.0,20.0,24.1,100.06,2012,8,17,13,4,0,-0.2588190451025208,-0.9659258262890683
4.6,-0.4,70.0,4.0,25.0,101.55,2012,5,7,3,0,0,0.7071067811865476,0.7071067811865476
0.8,-2.6,78.0,15.0,25.0,101.71,2012,12,14,0,4,0,0.0,1.0
13.5,5.9,60.0,33.0,26.349999999999998,100.99,2012,4,17,5,1,0,0.9659258262890683,0.25881904510252074
-16.2,-22.3,59.0,22.0,24.1,100.88,2012,3,5,7,0,0,0.9659258262890683,-0.25881904510252063
10.6,9.9,95.0,20.0,22.750000000000004,101.08,2012,9,29,22,5,1,-0.5000000000000004,0.8660254037844384
25.6,15.5,54.0,22.0,26.349999999999998,101.34,2012,8,23,16,3,0,-0.8660254037844385,-0.5000000000000004
-4.7,-9.6,69.0,20.0,26.349999999999998,100.38,2012,1,5,12,3,0,1.2246467991473532e-16,-1.0
18.2,12.9,71.0,9.0,24.1,101.03,2012,10,2,13,1,0,-0.2588190451025208,-0.9659258262890683
24.3,17.0,64.0,13.0,24.1,101.49,2012,7,14,7,5,1,0.9659258262890683,-0.25881904510252063
28.2,18.4,55.0,13.0,24.1,100.3,2012,9,6,15,3,0,-0.7071067811865471,-0.7071067811865479
23.9,15.1,58.0,22.0,26.349999999999998,101.39,2012,8,23,10,3,0,0.49999999999999994,-0.8660254037844387
19.5,15.5,78.0,9.0,25.0,101.72,2012,9,14,0,4,0,0.0,1.0
29.8,18.9,52.0,19.0,24.1,100.43,2012,8,2,15,3,0,-0.7071067811865471,-0.7071067811865479
1.5,-4.1,66.0,36.5,24.1,99.18,2012,1,2,10,0,0,0.49999999999999994,-0.8660254037844387
-10.5,-17.0,59.0,9.0,26.349999999999998,101.68,2012,1,30,8,0,0,0.8660254037844387,-0.4999999999999998
-9.4,-13.2,74.0,7.0,25.0,101.44,2012,12,24,21,0,0,-0.7071067811865477,0.7071067811865474
19.1,14.7,76.0,19.0,22.750000000000004,99.99,2012,6,27,14,2,0,-0.4999999999999997,-0.8660254037844388
17.6,10.7,64.0,22.0,24.1,100.34,2012,5,16,19,2,0,-0.9659258262890684,0.2588190451025203
2.5,-6.2,53.0,13.0,26.349999999999998,102.44,2012,4,18,7,2,0,0.9659258262890683,-0.25881904510252063
1.1,-6.0,59.0,19.0,24.1,101.44,2012,11,5,16,0,0,-0.8660254037844385,-0.5000000000000004
29.6,19.7,55.0,20.0,24.1,100.47,2012,7,6,15,4,0,-0.7071067811865471,-0.7071067811865479
12.1,-4.7,31.0,9.0,25.0,101.67,2012,5,6,0,6,1,0.0,1.0
16.4,14.3,87.0,15.0,22.750000000000004,100.21,2012,6,25,5,0,0,0.9659258262890683,0.25881904510252074
0.8,-1.1,87.0,20.0,22.750000000000004,100.31,2012,1,1,14,6,1,-0.4999999999999997,-0.8660254037844388
-7.1,-12.6,65.0,22.0,24.1,101.92,2012,1,8,11,6,1,0.258819045102521,-0.9659258262890682
1.1,-5.0,64.0,15.0,25.0,100.12,2012,2,23,20,3,0,-0.8660254037844386,0.5000000000000001
22.8,20.4,86.0,7.0,22.750000000000004,100.1,2012,7,17,4,1,0,0.8660254037844386,0.5000000000000001
2.6,-1.3,75.0,9.0,24.1,100.69,2012,4,26,5,3,0,0.9659258262890683,0.25881904510252074
17.1,7.3,52.0,35.0,25.0,101.09,2012,11,12,18,0,0,-1.0,-1.8369701987210297e-16
-3.9,-6.7,81.0,6.0,22.750000000000004,100.78,2012,2,1,19,2,0,-0.9659258262890684,0.2588190451025203
21.2,5.4,36.0,0.0,26.349999999999998,101.63,2012,5,27,14,6,1,-0.4999999999999997,-0.8660254037844388
23.9,12.7,49.0,9.0,26.349999999999998,101.25,2012,8,22,19,2,0,-0.9659258262890684,0.2588190451025203
1.2,-2.1,79.0,28.0,25.0,100.69,2012,12,20,23,3,0,-0.25881904510252157,0.9659258262890681
23.9,13.3,51.0,20.0,26.349999999999998,101.98,2012,9,12,11,2,0,0.258819045102521,-0.9659258262890682
19.8,17.3,86.0,7.0,24.1,100.84,2012,8,14,5,1,0,0.9659258262890683,0.25881904510252074
12.6,5.6,62.0,17.0,25.0,101.08,2012,9,24,22,0,0,-0.5000000000000004,0.8660254037844384
-13.4,-19.7,59.0,4.0,25.0,101.03,2012,2,14,5,1,0,0.9659258262890683,0.25881904510252074
-13.8,-21.5,52.0,4.0,25.0,102.21,2012,2,8,0,2,0,0.0,1.0
23.8,13.9,54.0,17.0,25.0,100.53,2012,7,7,23,5,1,-0.25881904510252157,0.9659258262890681
-2.1,-5.1,80.0,11.0,24.1,102.99,2012,11,15,8,3,0,0.8660254037844387,-0.4999999999999998
4.8,-4.1,52.0,17.0,26.349999999999998,99.85,2012,4,4,7,2,0,0.9659258262890683,-0.25881904510252063
4.0,-4.5,54.0,15.0,25.0,102.21,2012,10,12,18,4,0,-1.0,-1.8369701987210297e-16
24.4,10.4,41.0,13.0,24.1,100.56,2012,8,20,16,0,0,-0.8660254037844385,-0.5000000000000004
2.6,-0.2,82.0,13.0,22.750000000000004,99.93,2012,1,1,16,6,1,-0.8660254037844385,-0.5000000000000004
1.8,-5.5,58.0,11.0,24.1,102.53,2012,11,15,16,3,0,-0.8660254037844385,-0.5000000000000004
16.6,-2.7,27.0,7.0,26.349999999999998,101.6,2012,5,6,16,6,1,-0.8660254037844385,-0.5000000000000004
5.4,-1.4,62.0,28.0,24.1,99.3,2012,2,22,15,2,0,-0.7071067811865471,-0.7071067811865479
-9.2,-11.6,83.0,7.0,25.0,101.87,2012,12,12,0,2,0,0.0,1.0
11.1,4.8,65.0,6.0,25.0,100.92,2012,10,18,0,3,0,0.0,1.0
2.6,0.2,84.0,11.0,22.750000000000004,100.18,2012,4,1,20,6,1,-0.8660254037844386,0.5000000000000001
14.4,-1.8,33.0,9.0,26.349999999999998,101.56,2012,5,6,19,6,1,-0.9659258262890684,0.2588190451025203
22.8,17.7,73.0,9.0,25.0,100.93,2012,8,9,0,3,0,0.0,1.0
14.2,9.8,75.0,36.5,25.0,99.37,2012,10,29,22,0,0,-0.5000000000000004,0.8660254037844384
-4.0,-5.6,89.0,24.0,22.750000000000004,100.7,2012,12,27,23,3,0,-0.25881904510252157,0.9659258262890681
7.9,-1.6,51.0,22.0,25.0,101.35,2012,4,14,0,5,1,0.0,1.0
5.8,-2.2,56.0,15.0,25.0,101.15,2012,4,12,1,3,0,0.25881904510252074,0.9659258262890683
21.9,8.0,41.0,17.0,26.349999999999998,101.36,2012,5,14,12,0,0,1.2246467991473532e-16,-1.0
10.2,5.9,75.0,26.0,25.0,100.52,2012,10,6,19,5,1,-0.9659258262890684,0.2588190451025203
17.6,8.9,57.0,17.0,26.349999999999998,100.67,2012,9,9,15,6,1,-0.7071067811865471,-0.7071067811865479
20.0,3.8,34.0,17.0,26.349999999999998,102.31,2012,6,14,10,3,0,0.49999999999999994,-0.8660254037844387
-1.5,-4.5,80.0,20.0,24.1,102.35,2012,12,9,10,6,1,0.49999999999999994,-0.8660254037844387
3.2,0.6,83.0,13.0,25.0,101.48,2012,12,3,5,0,0,0.9659258262890683,0.25881904510252074
14.2,3.9,50.0,6.0,25.0,101.18,2012,9,16,19,6,1,-0.9659258262890684,0.2588190451025203
5.6,-9.7,32.0,11.0,25.0,101.28,2012,4,7,0,5,1,0.0,1.0
-1.4,-6.0,71.0,13.0,24.1,102.22,2012,11,10,7,5,1,0.9659258262890683,-0.25881904510252063
7.9,5.9,87.0,19.0,25.0,100.37,2012,10,10,21,2,0,-0.7071067811865477,0.7071067811865474
0.8,0.3,96.0,11.0,22.750000000000004,101.26,2012,12,19,19,2,0,-0.9659258262890684,0.2588190451025203
23.0,14.3,58.0,11.0,25.0,101.77,2012,8,24,22,4,0,-0.5000000000000004,0.8660254037844384
8.2,4.8,79.0,30.0,25.0,100.63,2012,9,19,5,2,0,0.9659258262890683,0.25881904510252074
16.2,-2.5,28.0,11.0,26.349999999999998,101.81,2012,3,23,12,4,0,1.2246467991473532e-16,-1.0
-0.8,-5.8,69.0,20.0,25.0,101.46,2012,11,8,3,3,0,0.7071067811865476,0.7071067811865476
-11.5,-14.7,77.0,0.0,25.0,102.45,2012,2,29,3,2,0,0.7071067811865476,0.7071067811865476
16.6,14.0,85.0,15.0,25.0,100.77,2012,5,15,21,1,0,-0.7071067811865477,0.7071067811865474
-3.9,-8.1,73.0,20.0,25.0,101.54,2012,12,10,0,0,0,0.0,1.0
0.1,-9.1,50.0,19.0,25.0,101.18,2012,3,30,0,4,0,0.0,1.0
18.0,13.7,76.0,6.0,25.0,101.19,2012,6,19,5,1,0,0.9659258262890683,0.25881904510252074
3.0,-0.3,79.0,26.0,24.1,101.98,2012,3,15,17,3,0,-0.9659258262890683,-0.25881904510252063
10.3,7.1,81.0,26.0,25.0,100.98,2012,10,28,23,6,1,-0.25881904510252157,0.9659258262890681
13.0,10.8,86.0,7.0,24.1,101.48,2012,9,2,6,6,1,1.0,6.123233995736766e-17
1.5,-5.2,61.0,17.0,25.0,100.47,2012,4,5,4,3,0,0.8660254037844386,0.5000000000000001
14.9,11.0,77.0,19.0,24.1,100.89,2012,9,26,8,2,0,0.8660254037844387,-0.4999999999999998
15.7,12.5,81.0,13.0,24.1,101.63,2012,5,13,9,6,1,0.7071067811865476,-0.7071067811865475
-7.4,-9.9,82.0,4.0,25.0,101.97,2012,11,27,0,1,0,0.0,1.0
23.3,16.3,65.0,7.0,26.349999999999998,100.69,2012,7,5,11,3,0,0.258819045102521,-0.9659258262890682
-5.0,-8.2,78.0,7.0,26.349999999999998,101.98,2012,2,21,8,1,0,0.8660254037844387,-0.4999999999999998
10.3,5.8,74.0,13.0,25.0,101.24,2012,10,22,20,0,0,-0.8660254037844386,0.5000000000000001
-10.6,-14.4,74.0,6.0,24.1,102.01,2012,1,26,7,3,0,0.9659258262890683,-0.25881904510252063
-5.9,-8.3,83.0,9.0,22.750000000000004,101.66,2012,2,28,3,1,0,0.7071067811865476,0.7071067811865476
0.8,-8.9,48.0,26.0,25.0,100.6,2012,3,26,3,0,0,0.7071067811865476,0.7071067811865476
13.7,9.0,73.0,15.0,26.349999999999998,101.57,2012,3,22,6,3,0,1.0,6.123233995736766e-17
-10.5,-13.4,79.0,15.0,25.0,100.13,2012,1,6,19,4,0,-0.9659258262890684,0.2588190451025203
20.9,13.7,63.0,6.0,25.0,101.8,2012,8,25,2,5,1,0.49999999999999994,0.8660254037844387
20.2,4.3,35.0,22.0,26.349999999999998,101.04,2012,6,1,16,4,0,-0.8660254037844385,-0.5000000000000004
-7.2,-11.6,71.0,28.0,22.750000000000004,99.96,2012,12,22,21,5,1,-0.7071067811865477,0.7071067811865474
-6.5,-13.0,60.0,20.0,26.349999999999998,100.59,2012,2,13,11,0,0,0.258819045102521,-0.9659258262890682
20.0,12.3,61.0,6.0,24.1,100.27,2012,7,1,4,6,1,0.8660254037844386,0.5000000000000001
21.6,17.8,79.0,7.0,24.1,101.24,2012,7,15,4,6,1,0.8660254037844386,0.5000000000000001
19.6,16.6,83.0,15.0,25.0,100.44,2012,6,13,1,2,0,0.25881904510252074,0.9659258262890683
17.5,10.2,62.0,7.0,25.0,101.6,2012,9,3,0,0,0,0.0,1.0
23.9,16.9,65.0,15.0,25.0,101.52,2012,8,26,22,6,1,-0.5000000000000004,0.8660254037844384
24.9,22.9,89.0,26.0,22.750000000000004,100.42,2012,8,5,14,6,1,-0.4999999999999997,-0.8660254037844388
-11.0,-13.2,84.0,15.0,24.1,102.54,2012,12,26,10,2,0,0.49999999999999994,-0.8660254037844387
25.9,9.4,35.0,26.0,26.349999999999998,101.15,2012,7,10,12,1,0,1.2246467991473532e-16,-1.0
23.5,17.8,70.0,19.0,24.1,99.93,2012,7,24,9,1,0,0.7071067811865476,-0.7071067811865475
5.6,-8.6,35.0,4.0,25.0,100.2,2012,4,4,1,2,0,0.25881904510252074,0.9659258262890683
4.7,1.1,77.0,9.0,24.1,100.2,2012,4,1,14,6,1,-0.4999999999999997,-0.8660254037844388
-6.0,-17.0,41.0,17.0,25.0,102.06,2012,3,27,3,1,0,0.7071067811865476,0.7071067811865476
14.7,8.2,65.0,33.0,24.1,99.69,2012,10,15,17,0,0,-0.9659258262890683,-0.25881904510252063
19.0,12.0,64.0,15.0,24.1,100.28,2012,6,8,19,4,0,-0.9659258262890684,0.2588190451025203
14.2,11.4,83.0,13.0,24.1,101.41,2012,9,15,15,5,1,-0.7071067811865471,-0.7071067811865479
10.2,8.6,90.0,4.0,24.1,99.26,2012,10,31,16,2,0,-0.8660254037844385,-0.5000000000000004
18.6,16.7,89.0,11.0,25.0,99.93,2012,9,8,5,5,1,0.9659258262890683,0.25881904510252074
1.3,-3.4,71.0,7.0,22.750000000000004,102.9,2012,11,19,10,0,0,0.49999999999999994,-0.8660254037844387
17.5,10.9,65.0,22.0,26.349999999999998,100.69,2012,4,15,16,6,1,-0.8660254037844385,-0.5000000000000004
-7.1,-12.0,68.0,9.0,24.1,101.12,2012,12,11,10,1,0,0.49999999999999994,-0.8660254037844387
1.3,-1.5,82.0,20.0,22.750000000000004,99.77,2012,2,22,3,2,0,0.7071067811865476,0.7071067811865476
13.5,7.8,68.0,6.0,25.0,100.48,2012,6,8,22,4,0,-0.5000000000000004,0.8660254037844384
19.2,13.2,68.0,36.5,25.0,99.51,2012,9,8,20,5,1,-0.8660254037844386,0.5000000000000001
3.6,-7.2,45.0,7.0,24.1,103.135,2012,11,14,17,2,0,-0.9659258262890683,-0.25881904510252063
0.3,-5.8,64.0,36.5,25.0,100.21,2012,1,29,2,6,1,0.49999999999999994,0.8660254037844387
6.9,4.7,86.0,22.0,25.0,99.33,2012,11,1,19,3,0,-0.9659258262890684,0.2588190451025203
24.2,17.7,67.0,7.0,22.750000000000004,100.0,2012,5,29,12,1,0,1.2246467991473532e-16,-1.0
8.8,7.4,91.0,13.0,25.0,99.37,2012,10,31,18,2,0,-1.0,-1.8369701987210297e-16
30.1,18.4,50.0,17.0,26.349999999999998,101.27,2012,6,11,15,0,0,-0.7071067811865471,-0.7071067811865479
20.1,16.1,78.0,13.0,25.0,101.02,2012,7,31,3,1,0,0.7071067811865476,0.7071067811865476
-3.0,-13.1,46.0,22.0,26.349999999999998,101.33,2012,3,26,9,0,0,0.7071067811865476,-0.7071067811865475
-1.4,-3.3,87.0,6.0,22.750000000000004,101.85,2012,11,22,5,3,0,0.9659258262890683,0.25881904510252074
-10.5,-17.0,59.0,4.0,25.0,100.68,2012,2,11,17,5,1,-0.9659258262890683,-0.25881904510252063
-4.9,-5.9,93.0,9.0,22.750000000000004,101.0,2012,12,28,4,4,0,0.8660254037844386,0.5000000000000001
19.5,12.7,65.0,11.0,24.1,101.18,2012,5,23,12,2,0,1.2246467991473532e-16,-1.0
21.9,17.1,74.0,9.0,24.1,100.87,2012,8,14,8,1,0,0.8660254037844387,-0.4999999999999998
16.3,6.9,54.0,20.0,26.349999999999998,100.77,2012,6,4,19,0,0,-0.9659258262890684,0.2588190451025203
11.7,11.0,95.0,15.0,22.750000000000004,99.51,2012,10,1,6,0,0,1.0,6.123233995736766e-17
18.5,14.3,77.0,15.0,25.0,101.33,2012,8,23,5,3,0,0.9659258262890683,0.25881904510252074
10.9,-5.9,30.0,6.0,25.0,101.72,2012,3,23,20,4,0,-0.8660254037844386,0.5000000000000001
-9.0,-16.0,57.0,28.0,25.0,100.35,2012,1,3,0,1,0,0.0,1.0
-3.6,-5.7,85.0,24.0,22.750000000000004,99.015,2012,1,17,20,1,0,-0.8660254037844386,0.5000000000000001
11.3,8.2,81.0,22.0,24.1,100.46,2012,6,4,6,0,0,1.0,6.123233995736766e-17
21.6,20.0,91.0,11.0,24.1,100.02,2012,7,4,17,2,0,-0.9659258262890683,-0.25881904510252063
23.4,17.9,71.0,7.0,24.1,100.57,2012,9,5,11,2,0,0.258819045102521,-0.9659258262890682
3.7,-0.2,76.0,36.5,25.0,100.37,2012,1,24,5,1,0,0.9659258262890683,0.25881904510252074
-10.6,-15.9,65.0,24.0,24.1,103.135,2012,12,1,9,5,1,0.7071067811865476,-0.7071067811865475
17.1,6.1,48.0,6.0,25.0,102.17,2012,6,15,1,4,0,0.25881904510252074,0.9659258262890683
7.4,0.8,63.0,13.0,25.0,101.07,2012,4,11,20,2,0,-0.8660254037844386,0.5000000000000001
18.1,13.5,74.0,20.0,24.1,100.84,2012,9,26,11,2,0,0.258819045102521,-0.9659258262890682
18.0,10.5,62.0,7.0,25.0,101.66,2012,3,21,22,2,0,-0.5000000000000004,0.8660254037844384
31.9,19.3,47.0,19.0,26.349999999999998,101.37,2012,7,14,13,5,1,-0.2588190451025208,-0.9659258262890683
-3.2,-11.3,53.0,7.0,26.349999999999998,102.89,2012,3,10,13,5,1,-0.2588190451025208,-0.9659258262890683
24.1,18.5,71.0,13.0,24.1,100.87,2012,8,3,8,4,0,0.8660254037844387,-0.4999999999999998
32.9,15.3,35.0,24.0,26.349999999999998,101.26,2012,7,14,16,5,1,-0.8660254037844385,-0.5000000000000004
-8.1,-13.3,66.0,13.0,24.1,101.86,2012,2,2,12,3,0,1.2246467991473532e-16,-1.0
12.0,5.5,64.0,30.0,24.1,100.44,2012,10,21,16,6,1,-0.8660254037844385,-0.5000000000000004
1.8,-3.4,68.0,24.0,25.0,100.68,2012,2,17,20,4,0,-0.8660254037844386,0.5000000000000001
-4.0,-6.1,85.0,11.0,22.750000000000004,102.3,2012,12,12,19,2,0,-0.9659258262890684,0.2588190451025203
6.9,2.5,74.0,15.0,24.1,99.58,2012,4,10,11,1,0,0.258819045102521,-0.9659258262890682
1.1,-1.2,85.0,7.0,25.0,100.91,2012,10,17,2,2,0,0.49999999999999994,0.8660254037844387
13.1,-1.4,37.0,9.0,25.0,101.58,2012,5,6,20,6,1,-0.8660254037844386,0.5000000000000001
1.1,-3.4,72.0,22.0,25.0,101.13,2012,1,24,22,1,0,-0.5000000000000004,0.8660254037844384
2.1,1.2,94.0,15.0,22.750000000000004,100.52,2012,12,8,14,5,1,-0.4999999999999997,-0.8660254037844388
14.0,8.9,71.0,19.0,25.0,101.24,2012,9,20,23,3,0,-0.25881904510252157,0.9659258262890681
-12.0,-18.2,60.0,22.0,25.0,101.67,2012,1,18,18,2,0,-1.0,-1.8369701987210297e-16
11.4,8.9,85.0,15.0,25.0,101.17,2012,5,3,1,3,0,0.25881904510252074,0.9659258262890683
8.4,6.0,85.0,15.0,26.349999999999998,102.08,2012,10,9,8,1,0,0.8660254037844387,-0.4999999999999998
20.7,12.2,58.0,17.0,25.0,100.34,2012,7,24,20,1,0,-0.8660254037844386,0.5000000000000001
-3.1,-5.5,83.0,4.0,25.0,102.42,2012,11,16,0,4,0,0.0,1.0
1.4,-6.7,55.0,20.0,25.0,101.69,2012,11,7,19,2,0,-0.9659258262890684,0.2588190451025203
16.1,14.5,90.0,17.0,24.1,99.53,2012,10,30,12,1,0,1.2246467991473532e-16,-1.0
6.9,-9.2,31.0,11.0,25.0,100.29,2012,4,3,23,1,0,-0.25881904510252157,0.9659258262890681
11.3,9.4,88.0,4.0,24.1,101.56,2012,3,19,6,0,0,1.0,6.123233995736766e-17
14.3,10.7,79.0,6.0,25.0,101.91,2012,3,20,23,1,0,-0.25881904510252157,0.9659258262890681
5.7,4.3,91.0,6.0,25.0,101.41,2012,9,24,1,0,0,0.25881904510252074,0.9659258262890683
-11.3,-16.1,68.0,15.0,22.750000000000004,100.7,2012,1,6,4,4,0,0.8660254037844386,0.5000000000000001
30.5,19.2,51.0,15.0,24.1,100.98,2012,7,15,13,6,1,-0.2588190451025208,-0.9659258262890683
1.1,-0.1,92.0,32.0,22.750000000000004,99.015,2012,12,22,0,5,1,0.0,1.0
1.7,-6.3,55.0,33.0,24.1,101.09,2012,4,27,17,4,0,-0.9659258262890683,-0.25881904510252063
19.2,16.0,82.0,15.0,22.750000000000004,101.02,2012,5,22,1,1,0,0.25881904510252074,0.9659258262890683
22.0,15.3,66.0,6.0,24.1,100.53,2012,7,27,10,4,0,0.49999999999999994,-0.8660254037844387
-13.6,-17.0,75.0,6.0,25.0,102.9,2012,11,30,5,4,0,0.9659258262890683,0.25881904510252074
20.5,15.6,73.0,4.0,25.0,100.22,2012,4,16,20,0,0,-0.8660254037844386,0.5000000000000001
4.0,2.5,90.0,22.0,25.0,100.08,2012,1,23,23,0,0,-0.25881904510252157,0.9659258262890681
4.6,1.7,81.0,4.0,24.1,100.65,2012,4,11,8,2,0,0.8660254037844387,-0.4999999999999998
18.8,13.9,73.0,4.0,24.1,101.5,2012,5,24,7,3,0,0.9659258262890683,-0.25881904510252063
24.7,13.7,50.0,9.0,26.349999999999998,101.39,2012,7,21,11,5,1,0.258819045102521,-0.9659258262890682
-8.4,-12.7,71.0,9.0,22.750000000000004,100.65,2012,1,4,19,2,0,-0.9659258262890684,0.2588190451025203
20.2,15.1,72.0,6.0,24.1,101.93,2012,8,25,6,5,1,1.0,6.123233995736766e-17
1.3,-0.2,90.0,19.0,22.750000000000004,100.57,2012,2,17,1,4,0,0.25881904510252074,0.9659258262890683
21.3,8.1,43.0,13.0,26.349999999999998,100.78,2012,8,18,17,5,1,-0.9659258262890683,-0.25881904510252063
21.8,17.0,74.0,13.0,24.1,100.13,2012,8,17,10,4,0,0.49999999999999994,-0.8660254037844387
23.0,11.5,48.0,24.0,26.349999999999998,100.19,2012,7,24,17,1,0,-0.9659258262890683,-0.25881904510252063
0.5,-4.8,68.0,32.0,25.0,99.34,2012,3,4,0,6,1,0.0,1.0
10.9,-0.7,45.0,15.0,26.349999999999998,101.65,2012,3,11,16,6,1,-0.8660254037844385,-0.5000000000000004
21.4,17.4,78.0,4.0,25.0,100.61,2012,8,15,0,2,0,0.0,1.0
5.7,5.3,97.0,4.0,22.750000000000004,102.32,2012,3,17,12,5,1,1.2246467991473532e-16,-1.0
26.7,17.7,58.0,17.0,25.0,100.09,2012,6,21,23,3,0,-0.25881904510252157,0.9659258262890681
6.5,-0.2,62.0,0.0,26.349999999999998,102.03,2012,3,12,9,0,0,0.7071067811865476,-0.7071067811865475
1.0,-10.1,43.0,20.0,25.0,101.47,2012,3,27,22,1,0,-0.5000000000000004,0.8660254037844384
-5.2,-11.0,64.0,17.0,24.1,101.21,2012,12,11,14,1,0,-0.4999999999999997,-0.8660254037844388
-9.6,-16.8,56.0,13.0,25.0,100.81,2012,1,6,0,4,0,0.0,1.0
20.7,15.3,71.0,13.0,25.0,101.43,2012,5,25,0,4,0,0.0,1.0
21.0,7.7,42.0,13.0,24.1,101.56,2012,5,26,19,5,1,-0.9659258262890684,0.2588190451025203
0.4,0.0,97.0,9.0,22.750000000000004,99.82,2012,12,19,3,2,0,0.7071067811865476,0.7071067811865476
22.4,15.9,67.0,15.0,25.0,101.13,2012,7,22,2,6,1,0.49999999999999994,0.8660254037844387
-10.0,-16.8,57.0,9.0,26.349999999999998,103.12,2012,3,6,10,1,0,0.49999999999999994,-0.8660254037844387
24.9,13.3,48.0,7.0,25.0,101.77,2012,8,24,21,4,0,-0.7071067811865477,0.7071067811865474
15.4,12.7,84.0,0.0,22.750000000000004,100.17,2012,5,29,8,1,0,0.8660254037844387,-0.4999999999999998
-11.2,-14.3,78.0,17.0,25.0,100.15,2012,1,6,17,4,0,-0.9659258262890683,-0.25881904510252063
-3.9,-9.2,67.0,11.0,26.349999999999998,101.92,2012,3,7,7,2,0,0.9659258262890683,-0.25881904510252063
7.8,-0.9,54.0,9.0,25.0,101.19,2012,5,11,23,4,0,-0.25881904510252157,0.9659258262890681
-0.3,-3.5,79.0,20.0,24.1,100.51,2012,3,28,6,2,0,1.0,6.123233995736766e-17
-8.0,-13.2,66.0,17.0,25.0,102.41,2012,12,15,3,5,1,0.7071067811865476,0.7071067811865476
16.9,10.5,66.0,9.0,24.1,100.16,2012,6,26,9,1,0,0.7071067811865476,-0.7071067811865475
-11.7,-15.4,74.0,28.0,22.750000000000004,100.23,2012,1,6,12,4,0,1.2246467991473532e-16,-1.0
10.4,7.9,84.0,9.0,22.750000000000004,101.16,2012,5,1,15,1,0,-0.7071067811865471,-0.7071067811865479
25.0,12.5,46.0,13.0,24.1,100.87,2012,9,17,16,0,0,-0.8660254037844385,-0.5000000000000004
18.8,6.7,45.0,19.0,26.349999999999998,100.99,2012,6,5,10,1,0,0.49999999999999994,-0.8660254037844387
20.0,9.9,52.0,15.0,26.349999999999998,101.55,2012,3,18,13,6,1,-0.2588190451025208,-0.9659258262890683
12.9,8.3,74.0,30.0,25.0,99.72,2012,10,15,19,0,0,-0.9659258262890684,0.2588190451025203
13.8,0.6,40.0,7.0,26.349999999999998,101.58,2012,5,17,20,3,0,-0.8660254037844386,0.5000000000000001
20.6,16.5,77.0,0.0,25.0,100.81,2012,8,15,23,2,0,-0.25881904510252157,0.9659258262890681
21.5,19.2,87.0,15.0,25.0,100.49,2012,8,28,1,1,0,0.25881904510252074,0.9659258262890683
28.0,9.3,31.0,24.0,26.349999999999998,101.45,2012,5,21,12,0,0,1.2246467991473532e-16,-1.0
-0.4,-2.9,83.0,9.0,22.750000000000004,102.46,2012,12,13,12,3,0,1.2246467991473532e-16,-1.0
9.2,-1.8,46.0,30.0,26.349999999999998,101.22,2012,10,11,13,3,0,-0.2588190451025208,-0.9659258262890683
8.3,-1.6,50.0,4.0,22.750000000000004,101.86,2012,11,21,14,2,0,-0.4999999999999997,-0.8660254037844388
-6.7,-12.1,65.0,9.0,24.1,101.9,2012,2,2,15,3,0,-0.7071067811865471,-0.7071067811865479
23.0,16.7,68.0,13.0,24.1,101.45,2012,7,14,5,5,1,0.9659258262890683,0.25881904510252074
3.9,-6.1,48.0,22.0,24.1,100.76,2012,4,5,9,3,0,0.7071067811865476,-0.7071067811865475
-3.1,-6.1,80.0,15.0,25.0,102.91,2012,11,15,6,3,0,1.0,6.123233995736766e-17
16.3,11.8,75.0,26.0,26.349999999999998,100.95,2012,8,30,6,3,0,1.0,6.123233995736766e-17
13.8,12.1,89.0,7.0,24.1,100.71,2012,7,25,5,2,0,0.9659258262890683,0.25881904510252074
-5.5,-11.8,61.0,20.0,24.1,101.63,2012,2,5,14,6,1,-0.4999999999999997,-0.8660254037844388
-3.4,-7.0,76.0,11.0,22.750000000000004,102.19,2012,2,3,17,4,0,-0.9659258262890683,-0.25881904510252063
-6.3,-14.6,52.0,6.0,26.349999999999998,102.84,2012,3,6,18,1,0,-1.0,-1.8369701987210297e-16
23.2,13.9,56.0,24.0,26.349999999999998,101.46,2012,8,22,11,2,0,0.258819045102521,-0.9659258262890682
1.2,-5.8,60.0,9.0,26.349999999999998,101.26,2012,12,7,10,4,0,0.49999999999999994,-0.8660254037844387
-4.7,-10.2,65.0,15.0,24.1,101.41,2012,3,9,8,4,0,0.8660254037844387,-0.4999999999999998
23.2,12.7,52.0,9.0,26.349999999999998,100.76,2012,7,25,12,2,0,1.2246467991473532e-16,-1.0
13.9,2.5,46.0,22.0,26.349999999999998,101.49,2012,5,17,11,3,0,0.258819045102521,-0.9659258262890682
1.2,-0.3,90.0,13.0,22.750000000000004,99.86,2012,3,28,20,2,0,-0.8660254037844386,0.5000000000000001
25.9,19.5,68.0,7.0,24.1,100.98,2012,7,31,9,1,0,0.7071067811865476,-0.7071067811865475
-8.5,-14.1,64.0,22.0,25.0,100.93,2012,1,12,4,3,0,0.8660254037844386,0.5000000000000001
28.7,14.5,42.0,20.0,26.349999999999998,100.28,2012,7,7,17,5,1,-0.9659258262890683,-0.25881904510252063
28.7,18.3,53.0,15.0,24.1,101.4,2012,6,11,13,0,0,-0.2588190451025208,-0.9659258262890683
-9.2,-18.4,47.0,11.0,25.0,102.12,2012,2,7,20,1,0,-0.8660254037844386,0.5000000000000001
-7.1,-10.5,77.0,20.0,22.750000000000004,101.02,2012,1,31,21,1,0,-0.7071067811865477,0.7071067811865474
25.7,10.9,39.0,20.0,26.349999999999998,101.33,2012,8,22,15,2,0,-0.7071067811865471,-0.7071067811865479
9.8,3.1,63.0,4.0,25.0,101.88,2012,9,19,23,2,0,-0.25881904510252157,0.9659258262890681
24.5,4.7,28.0,15.0,26.349999999999998,100.99,2012,7,9,16,0,0,-0.8660254037844385,-0.5000000000000004
1.3,0.7,96.0,15.0,22.750000000000004,99.54,2012,12,18,20,1,0,-0.8660254037844386,0.5000000000000001
10.2,-0.6,47.0,17.0,26.349999999999998,101.25,2012,10,7,14,6,1,-0.4999999999999997,-0.8660254037844388
-4.7,-11.7,58.0,20.0,26.349999999999998,102.08,2012,2,20,13,0,0,-0.2588190451025208,-0.9659258262890683
-16.7,-24.3,52.0,19.0,24.1,101.3,2012,1,14,16,5,1,-0.8660254037844385,-0.5000000000000004
5.7,3.1,83.0,17.0,25.0,99.96,2012,11,2,21,4,0,-0.7071067811865477,0.7071067811865474
19.9,19.1,95.0,9.0,22.750000000000004,99.99,2012,7,17,7,1,0,0.9659258262890683,-0.25881904510252063
9.0,5.0,76.0,26.0,24.1,99.51,2012,5,10,9,3,0,0.7071067811865476,-0.7071067811865475
14.9,8.6,66.0,13.0,24.1,100.64,2012,5,31,8,3,0,0.8660254037844387,-0.4999999999999998
26.6,12.4,41.0,24.0,24.1,100.26,2012,4,16,14,0,0,-0.4999999999999997,-0.8660254037844388
1.1,-0.3,90.0,15.0,25.0,102.04,2012,11,11,23,6,1,-0.25881904510252157,0.9659258262890681
3.9,1.2,83.0,13.0,24.1,101.99,2012,12,3,10,0,0,0.49999999999999994,-0.8660254037844387
22.0,6.2,36.0,20.0,26.349999999999998,101.27,2012,5,12,19,5,1,-0.9659258262890684,0.2588190451025203
11.6,0.6,47.0,13.0,26.349999999999998,101.84,2012,3,12,13,0,0,-0.2588190451025208,-0.9659258262890683
4.4,1.8,83.0,22.0,25.0,99.87,2012,4,27,3,4,0,0.7071067811865476,0.7071067811865476
18.8,11.5,63.0,9.0,24.1,101.08,2012,10,2,15,1,0,-0.7071067811865471,-0.7071067811865479
-2.0,-10.1,54.0,13.0,26.349999999999998,101.63,2012,3,30,9,4,0,0.7071067811865476,-0.7071067811865475
9.3,-0.5,50.0,20.0,26.349999999999998,101.32,2012,10,7,13,6,1,-0.2588190451025208,-0.9659258262890683
17.6,12.1,70.0,13.0,25.0,101.14,2012,7,28,4,5,1,0.8660254037844386,0.5000000000000001
22.2,20.1,88.0,11.0,25.0,100.47,2012,8,2,3,3,0,0.7071067811865476,0.7071067811865476
0.1,-4.1,73.0,19.0,25.0,101.13,2012,2,10,1,4,0,0.25881904510252074,0.9659258262890683
32.2,19.6,47.0,22.0,24.1,100.75,2012,6,20,15,2,0,-0.7071067811865471,-0.7071067811865479
-7.5,-10.2,81.0,0.0,22.750000000000004,100.29,2012,1,5,1,3,0,0.25881904510252074,0.9659258262890683
-3.4,-11.5,53.0,20.0,25.0,100.35,2012,11,25,18,6,1,-1.0,-1.8369701987210297e-16
-4.6,-13.2,51.0,30.0,25.0,101.46,2012,2,29,19,2,0,-0.9659258262890684,0.2588190451025203
27.2,14.9,47.0,15.0,25.0,101.55,2012,8,26,19,6,1,-0.9659258262890684,0.2588190451025203
22.2,10.6,48.0,7.0,26.349999999999998,101.03,2012,6,24,8,6,1,0.8660254037844387,-0.4999999999999998
19.4,12.2,63.0,6.0,26.349999999999998,101.56,2012,5,26,8,5,1,0.8660254037844387,-0.4999999999999998
14.4,9.9,74.0,15.0,24.1,101.14,2012,10,27,14,5,1,-0.4999999999999997,-0.8660254037844388
12.6,7.5,71.0,7.0,25.0,101.39,2012,9,26,22,2,0,-0.5000000000000004,0.8660254037844384
16.4,13.8,85.0,7.0,24.1,101.24,2012,5,15,7,1,0,0.9659258262890683,-0.25881904510252063
20.0,8.5,47.0,7.0,26.349999999999998,101.28,2012,7,19,20,3,0,-0.8660254037844386,0.5000000000000001
23.1,11.8,49.0,4.0,26.349999999999998,101.62,2012,6,16,20,5,1,-0.8660254037844386,0.5000000000000001
-6.6,-11.7,67.0,11.0,24.1,101.94,2012,2,2,16,3,0,-0.8660254037844385,-0.5000000000000004
20.7,10.3,51.0,17.0,26.349999999999998,101.66,2012,9,11,18,1,0,-1.0,-1.8369701987210297e-16
9.7,-1.7,45.0,26.0,26.349999999999998,101.2,2012,10,11,14,3,0,-0.4999999999999997,-0.8660254037844388
10.9,1.9,54.0,36.5,26.349999999999998,101.32,2012,4,17,7,1,0,0.9659258262890683,-0.25881904510252063
-14.0,-21.8,52.0,9.0,25.0,102.06,2012,1,21,8,5,1,0.8660254037844387,-0.4999999999999998
17.5,14.1,80.0,9.0,25.0,100.17,2012,6,27,23,2,0,-0.25881904510252157,0.9659258262890681
12.3,-3.8,32.0,22.0,26.349999999999998,99.86,2012,4,8,15,6,1,-0.7071067811865471,-0.7071067811865479
24.6,10.5,41.0,15.0,24.1,100.6,2012,8,20,15,0,0,-0.7071067811865471,-0.7071067811865479
-0.6,-2.9,84.0,19.0,22.750000000000004,99.75,2012,3,3,2,5,1,0.49999999999999994,0.8660254037844387
-0.6,-7.8,58.0,11.0,25.0,100.99,2012,2,18,19,5,1,-0.9659258262890684,0.2588190451025203
-1.8,-5.2,78.0,4.0,25.0,101.31,2012,2,15,1,2,0,0.25881904510252074,0.9659258262890683
17.0,10.4,65.0,13.0,24.1,100.15,2012,6,26,10,1,0,0.49999999999999994,-0.8660254037844387
10.9,9.6,92.0,15.0,22.750000000000004,100.92,2012,9,30,5,6,1,0.9659258262890683,0.25881904510252074
9.5,2.7,62.0,0.0,25.0,101.83,2012,9,19,21,2,0,-0.7071067811865477,0.7071067811865474
13.7,7.1,64.0,15.0,25.0,100.82,2012,6,5,1,1,0,0.25881904510252074,0.9659258262890683
15.6,9.3,66.0,4.0,25.0,101.07,2012,6,10,1,6,1,0.25881904510252074,0.9659258262890683
26.8,15.5,50.0,24.0,25.0,100.53,2012,8,2,21,3,0,-0.7071067811865477,0.7071067811865474
16.1,14.5,90.0,9.0,24.1,100.56,2012,7,5,5,3,0,0.9659258262890683,0.25881904510252074
18.5,15.3,82.0,19.0,24.1,100.74,2012,10,5,12,4,0,1.2246467991473532e-16,-1.0
-1.6,-10.0,53.0,17.0,26.349999999999998,102.68,2012,3,10,17,5,1,-0.9659258262890683,-0.25881904510252063
10.9,5.7,70.0,7.0,25.0,101.54,2012,9,10,20,0,0,-0.8660254037844386,0.5000000000000001
0.2,-7.1,58.0,19.0,25.0,101.42,2012,4,27,21,4,0,-0.7071067811865477,0.7071067811865474
15.8,3.2,43.0,28.0,26.349999999999998,101.28,2012,9,24,13,0,0,-0.2588190451025208,-0.9659258262890683
23.5,7.9,37.0,32.0,26.349999999999998,100.98,2012,8,29,13,2,0,-0.2588190451025208,-0.9659258262890683
-6.3,-12.2,63.0,33.0,25.0,100.98,2012,1,20,5,4,0,0.9659258262890683,0.25881904510252074
-0.7,-8.3,56.0,30.0,25.0,101.66,2012,12,5,17,2,0,-0.9659258262890683,-0.25881904510252063
2.9,-5.6,54.0,19.0,25.0,101.01,2012,3,29,19,3,0,-0.9659258262890684,0.2588190451025203
16.4,11.4,72.0,6.0,24.1,101.22,2012,5,3,17,3,0,-0.9659258262890683,-0.25881904510252063
24.8,16.1,58.0,0.0,24.1,100.55,2012,7,27,13,4,0,-0.2588190451025208,-0.9659258262890683
5.2,-6.6,42.0,22.0,24.1,100.74,2012,4,5,12,3,0,1.2246467991473532e-16,-1.0
32.6,20.4,49.0,20.0,24.1,100.25,2012,6,21,14,3,0,-0.4999999999999997,-0.8660254037844388
10.2,8.3,88.0,11.0,25.0,101.42,2012,3,19,3,0,0,0.7071067811865476,0.7071067811865476
-10.2,-12.4,84.0,6.0,25.0,101.28,2012,12,31,5,0,0,0.9659258262890683,0.25881904510252074
31.1,22.0,58.0,28.0,24.1,100.26,2012,8,5,16,6,1,-0.8660254037844385,-0.5000000000000004
-8.8,-15.4,59.0,15.0,26.349999999999998,101.42,2012,1,19,12,3,0,1.2246467991473532e-16,-1.0
26.5,17.2,57.0,4.0,24.1,100.32,2012,7,16,19,0,0,-0.9659258262890684,0.2588190451025203
2.3,-3.7,64.0,24.0,24.1,99.82,2012,2,23,17,3,0,-0.9659258262890683,-0.25881904510252063
0.2,-1.7,87.0,13.0,22.750000000000004,100.58,2012,1,1,13,6,1,-0.2588190451025208,-0.9659258262890683
21.8,17.1,75.0,35.0,24.1,100.5,2012,8,31,9,4,0,0.7071067811865476,-0.7071067811865475
22.2,8.5,41.0,19.0,26.349999999999998,100.72,2012,7,8,19,6,1,-0.9659258262890684,0.2588190451025203
19.7,13.6,68.0,17.0,26.349999999999998,101.09,2012,8,6,8,0,0,0.8660254037844387,-0.4999999999999998
18.9,14.8,77.0,19.0,25.0,100.99,2012,8,7,2,1,0,0.49999999999999994,0.8660254037844387
21.4,16.7,75.0,20.0,24.1,99.65,2012,6,29,7,4,0,0.9659258262890683,-0.25881904510252063
-1.3,-5.9,71.0,26.0,25.0,101.44,2012,11,8,4,3,0,0.8660254037844386,0.5000000000000001
20.3,5.1,37.0,11.0,26.349999999999998,101.57,2012,5,27,15,6,1,-0.7071067811865471,-0.7071067811865479
18.6,10.4,59.0,30.0,25.0,100.74,2012,6,7,21,3,0,-0.7071067811865477,0.7071067811865474
11.8,11.1,95.0,17.0,22.750000000000004,100.65,2012,9,30,12,6,1,1.2246467991473532e-16,-1.0
23.5,17.3,68.0,13.0,25.0,100.52,2012,8,3,2,4,0,0.49999999999999994,0.8660254037844387
3.8,1.6,86.0,24.0,22.750000000000004,100.96,2012,4,21,18,5,1,-1.0,-1.8369701987210297e-16
2.3,-3.4,66.0,35.0,25.0,100.28,2012,1,10,1,1,0,0.25881904510252074,0.9659258262890683
2.2,-5.8,55.0,19.0,26.349999999999998,100.82,2012,2,21,15,1,0,-0.7071067811865471,-0.7071067811865479
12.8,3.5,53.0,6.0,26.349999999999998,102.04,2012,9,27,11,3,0,0.258819045102521,-0.9659258262890682
-3.6,-5.1,89.0,0.0,22.750000000000004,102.4,2012,11,16,3,4,0,0.7071067811865476,0.7071067811865476
15.9,6.4,53.0,26.0,26.349999999999998,101.02,2012,6,5,8,1,0,0.8660254037844387,-0.4999999999999998
7.9,1.6,64.0,26.0,25.0,99.65,2012,11,23,23,4,0,-0.25881904510252157,0.9659258262890681
5.6,3.5,86.0,11.0,22.750000000000004,100.59,2012,4,21,11,5,1,0.258819045102521,-0.9659258262890682
25.3,14.8,52.0,19.0,24.1,101.13,2012,6,18,12,0,0,1.2246467991473532e-16,-1.0
0.0,-1.4,90.0,24.0,22.750000000000004,99.07,2012,2,24,18,4,0,-1.0,-1.8369701987210297e-16
-9.0,-14.8,63.0,13.0,25.0,100.83,2012,1,5,21,3,0,-0.7071067811865477,0.7071067811865474
5.5,2.9,83.0,7.0,22.750000000000004,100.5,2012,3,13,8,1,0,0.8660254037844387,-0.4999999999999998
-9.0,-12.0,79.0,7.0,22.750000000000004,100.15,2012,1,6,23,4,0,-0.25881904510252157,0.9659258262890681
23.3,12.1,49.0,7.0,24.1,101.73,2012,3,20,16,1,0,-0.8660254037844385,-0.5000000000000004
24.4,19.3,73.0,22.0,25.0,101.06,2012,8,5,3,6,1,0.7071067811865476,0.7071067811865476
-5.7,-13.4,55.0,19.0,26.349999999999998,99.9,2012,3,4,14,6,1,-0.4999999999999997,-0.8660254037844388
-1.4,-5.4,74.0,15.0,24.1,101.5,2012,11,29,16,3,0,-0.8660254037844385,-0.5000000000000004
-16.9,-24.8,50.0,9.0,25.0,102.34,2012,1,20,20,4,0,-0.8660254037844386,0.5000000000000001
-4.2,-5.7,89.0,19.0,22.750000000000004,100.78,2012,12,28,0,4,0,0.0,1.0
3.7,-2.5,64.0,15.0,24.1,101.22,2012,2,16,16,3,0,-0.8660254037844385,-0.5000000000000004
-4.7,-7.6,80.0,9.0,24.1,102.2,2012,12,12,10,2,0,0.49999999999999994,-0.8660254037844387
-9.4,-12.2,80.0,26.0,25.0,101.37,2012,12,27,1,3,0,0.25881904510252074,0.9659258262890683
17.6,9.8,60.0,19.0,25.0,99.91,2012,5,30,3,2,0,0.7071067811865476,0.7071067811865476
17.6,-2.2,26.0,22.0,26.349999999999998,100.82,2012,5,11,17,4,0,-0.9659258262890683,-0.25881904510252063
19.5,17.4,88.0,6.0,25.0,100.83,2012,8,14,4,1,0,0.8660254037844386,0.5000000000000001
12.7,6.3,65.0,30.0,26.349999999999998,101.06,2012,10,22,11,0,0,0.258819045102521,-0.9659258262890682
17.8,9.3,57.0,30.0,26.349999999999998,99.65,2012,10,15,14,0,0,-0.4999999999999997,-0.8660254037844388
2.4,-0.9,79.0,6.0,22.750000000000004,101.82,2012,11,20,18,1,0,-1.0,-1.8369701987210297e-16
2.9,0.7,85.0,26.0,24.1,99.57,2012,2,22,9,2,0,0.7071067811865476,-0.7071067811865475
16.4,-1.3,30.0,20.0,26.349999999999998,100.7,2012,5,11,13,4,0,-0.2588190451025208,-0.9659258262890683
2.3,-0.4,82.0,36.5,24.1,99.52,2012,4,23,7,0,0,0.9659258262890683,-0.25881904510252063
19.5,12.3,63.0,13.0,25.0,100.65,2012,6,23,3,5,1,0.7071067811865476,0.7071067811865476
14.8,13.5,92.0,19.0,22.750000000000004,101.5,2012,10,3,10,2,0,0.49999999999999994,-0.8660254037844387
-18.5,-22.6,70.0,0.0,25.0,102.71,2012,1,22,2,6,1,0.49999999999999994,0.8660254037844387
15.7,12.9,83.0,17.0,22.750000000000004,99.75,2012,6,27,0,2,0,0.0,1.0
4.9,4.6,98.0,9.0,25.0,101.45,2012,9,16,5,6,1,0.9659258262890683,0.25881904510252074
29.1,13.6,39.0,13.0,26.349999999999998,101.32,2012,7,12,18,3,0,-1.0,-1.8369701987210297e-16
12.7,12.5,99.0,4.0,22.750000000000004,99.89,2012,10,20,8,5,1,0.8660254037844387,-0.4999999999999998
-6.9,-10.6,75.0,32.0,22.750000000000004,99.83,2012,12,22,20,5,1,-0.8660254037844386,0.5000000000000001
28.9,9.0,29.0,33.0,26.349999999999998,101.21,2012,5,21,15,0,0,-0.7071067811865471,-0.7071067811865479
1.3,-13.3,33.0,28.0,26.349999999999998,101.24,2012,3,26,14,0,0,-0.4999999999999997,-0.8660254037844388
21.9,16.4,71.0,4.0,24.1,101.96,2012,8,25,8,5,1,0.8660254037844387,-0.4999999999999998
0.4,-7.0,58.0,13.0,25.0,101.32,2012,11,5,4,0,0,0.8660254037844386,0.5000000000000001
-18.0,-25.5,52.0,13.0,26.349999999999998,102.67,2012,1,15,12,6,1,1.2246467991473532e-16,-1.0
16.0,10.7,71.0,28.0,24.1,100.12,2012,6,25,18,0,0,-1.0,-1.8369701987210297e-16
-11.9,-15.6,74.0,20.0,24.1,100.13,2012,1,6,13,4,0,-0.2588190451025208,-0.9659258262890683
2.0,1.0,93.0,17.0,22.750000000000004,100.48,2012,12,8,15,5,1,-0.7071067811865471,-0.7071067811865479
9.2,6.4,83.0,30.0,22.750000000000004,99.83,2012,11,23,16,4,0,-0.8660254037844385,-0.5000000000000004
18.9,16.5,86.0,4.0,25.0,100.44,2012,8,17,2,4,0,0.49999999999999994,0.8660254037844387
-2.8,-9.0,62.0,35.0,25.0,101.66,2012,1,25,6,2,0,1.0,6.123233995736766e-17
23.9,16.0,61.0,13.0,25.0,100.47,2012,7,7,4,5,1,0.8660254037844386,0.5000000000000001
2.0,-7.4,50.0,28.0,26.349999999999998,101.73,2012,4,28,10,5,1,0.49999999999999994,-0.8660254037844387
6.5,3.4,81.0,17.0,25.0,100.32,2012,4,20,22,4,0,-0.5000000000000004,0.8660254037844384
-2.9,-5.9,80.0,13.0,24.1,102.94,2012,11,15,7,3,0,0.9659258262890683,-0.25881904510252063
18.3,8.1,51.0,6.0,26.349999999999998,100.13,2012,5,30,20,2,0,-0.8660254037844386,0.5000000000000001
27.6,15.6,48.0,24.0,24.1,101.1,2012,8,3,14,4,0,-0.4999999999999997,-0.8660254037844388
-2.9,-7.8,69.0,19.0,22.750000000000004,102.25,2012,2,3,15,4,0,-0.7071067811865471,-0.7071067811865479
2.7,-0.5,79.0,9.0,25.0,101.66,2012,11,10,2,5,1,0.49999999999999994,0.8660254037844387
5.2,0.9,74.0,33.0,24.1,101.89,2012,11,13,8,1,0,0.8660254037844387,-0.4999999999999998
-13.1,-18.8,62.0,11.0,24.1,101.03,2012,2,11,11,5,1,0.258819045102521,-0.9659258262890682
16.0,6.1,52.0,20.0,26.349999999999998,101.31,2012,9,10,12,0,0,1.2246467991473532e-16,-1.0
13.0,8.5,74.0,11.0,22.750000000000004,101.51,2012,5,2,14,2,0,-0.4999999999999997,-0.8660254037844388
0.1,-0.3,97.0,4.0,22.750000000000004,99.42,2012,12,10,17,0,0,-0.9659258262890683,-0.25881904510252063
25.3,12.4,45.0,9.0,25.0,101.19,2012,9,3,19,0,0,-0.9659258262890684,0.2588190451025203
-0.2,-4.9,71.0,9.0,25.0,102.48,2012,10,12,23,4,0,-0.25881904510252157,0.9659258262890681
1.3,-7.0,54.0,30.0,24.1,101.29,2012,12,5,13,2,0,-0.2588190451025208,-0.9659258262890683
15.7,11.2,75.0,7.0,25.0,100.54,2012,8,18,3,5,1,0.7071067811865476,0.7071067811865476
12.8,11.3,91.0,6.0,22.750000000000004,100.14,2012,5,9,2,2,0,0.49999999999999994,0.8660254037844387
19.3,17.6,90.0,9.0,22.750000000000004,100.67,2012,8,10,4,4,0,0.8660254037844386,0.5000000000000001
22.5,15.0,63.0,11.0,25.0,99.88,2012,6,28,22,3,0,-0.5000000000000004,0.8660254037844384
1.2,-1.2,84.0,7.0,22.750000000000004,101.95,2012,2,16,8,3,0,0.8660254037844387,-0.4999999999999998
25.0,17.8,64.0,9.0,25.0,101.03,2012,7,22,23,6,1,-0.25881904510252157,0.9659258262890681
-4.8,-8.3,76.0,9.0,22.750000000000004,101.64,2012,1,9,10,0,0,0.49999999999999994,-0.8660254037844387
6.2,5.4,95.0,7.0,22.750000000000004,101.13,2012,10,14,8,6,1,0.8660254037844387,-0.4999999999999998
8.5,5.7,83.0,7.0,25.0,101.51,2012,9,15,22,5,1,-0.5000000000000004,0.8660254037844384
8.1,-0.3,55.0,32.0,26.349999999999998,99.19,2012,4,24,16,1,0,-0.8660254037844385,-0.5000000000000004
10.8,7.9,82.0,11.0,24.1,101.34,2012,10,28,9,6,1,0.7071067811865476,-0.7071067811865475
0.8,-4.7,67.0,28.0,25.0,101.11,2012,2,9,22,3,0,-0.5000000000000004,0.8660254037844384
9.2,6.3,82.0,7.0,25.0,101.76,2012,3,23,4,4,0,0.8660254037844386,0.5000000000000001
1.6,-0.8,84.0,13.0,25.0,99.32,2012,2,22,20,2,0,-0.8660254037844386,0.5000000000000001
6.4,4.5,88.0,22.0,25.0,99.35,2012,11,1,21,3,0,-0.7071067811865477,0.7071067811865474
8.4,7.3,93.0,13.0,22.750000000000004,101.57,2012,5,2,5,2,0,0.9659258262890683,0.25881904510252074
13.7,8.8,72.0,11.0,25.0,101.13,2012,10,27,19,5,1,-0.9659258262890684,0.2588190451025203
19.4,14.7,74.0,24.0,25.0,100.25,2012,4,16,22,0,0,-0.5000000000000004,0.8660254037844384
15.7,12.9,83.0,7.0,25.0,100.65,2012,6,8,1,4,0,0.25881904510252074,0.9659258262890683
-8.4,-12.4,73.0,9.0,25.0,101.86,2012,11,29,4,3,0,0.8660254037844386,0.5000000000000001
-16.3,-24.2,51.0,13.0,25.0,102.33,2012,1,20,19,4,0,-0.9659258262890684,0.2588190451025203
7.5,2.5,71.0,7.0,24.1,100.42,2012,5,11,5,4,0,0.9659258262890683,0.25881904510252074
18.6,10.5,59.0,22.0,25.0,99.88,2012,5,30,2,2,0,0.49999999999999994,0.8660254037844387
-6.9,-11.5,70.0,13.0,25.0,101.51,2012,12,11,18,1,0,-1.0,-1.8369701987210297e-16
-16.9,-21.7,66.0,17.0,25.0,103.07,2012,1,15,22,6,1,-0.5000000000000004,0.8660254037844384
22.9,13.4,55.0,6.0,25.0,100.5,2012,9,7,21,4,0,-0.7071067811865477,0.7071067811865474
1.0,0.5,96.0,17.0,22.750000000000004,101.39,2012,3,16,4,4,0,0.8660254037844386,0.5000000000000001
1.0,-2.2,79.0,6.0,26.349999999999998,102.56,2012,10,13,7,5,1,0.9659258262890683,-0.25881904510252063
25.9,19.3,67.0,11.0,25.0,100.81,2012,6,19,21,1,0,-0.7071067811865477,0.7071067811865474
12.2,10.9,92.0,4.0,22.750000000000004,101.39,2012,10,27,3,5,1,0.7071067811865476,0.7071067811865476
20.2,19.2,94.0,9.0,22.750000000000004,100.47,2012,9,4,23,1,0,-0.25881904510252157,0.9659258262890681
1.5,-8.5,47.0,9.0,25.0,103.135,2012,11,18,17,6,1,-0.9659258262890683,-0.25881904510252063
-4.7,-10.7,63.0,6.0,22.750000000000004,101.48,2012,2,5,16,6,1,-0.8660254037844385,-0.5000000000000004
-1.3,-3.9,82.0,19.0,24.1,99.75,2012,1,27,21,4,0,-0.7071067811865477,0.7071067811865474
11.0,9.6,91.0,13.0,22.750000000000004,100.9,2012,9,30,6,6,1,1.0,6.123233995736766e-17
22.7,19.1,80.0,15.0,24.1,100.09,2012,8,17,12,4,0,1.2246467991473532e-16,-1.0
14.1,11.5,84.0,6.0,24.1,101.51,2012,5,13,5,6,1,0.9659258262890683,0.25881904510252074
-1.5,-3.1,89.0,7.0,22.750000000000004,101.29,2012,1,1,6,6,1,1.0,6.123233995736766e-17
16.7,8.7,59.0,17.0,24.1,101.37,2012,9,28,14,4,0,-0.4999999999999997,-0.8660254037844388
-7.6,-13.6,62.0,0.0,26.349999999999998,102.29,2012,2,4,11,5,1,0.258819045102521,-0.9659258262890682
-1.9,-8.9,59.0,17.0,26.349999999999998,102.08,2012,2,20,17,0,0,-0.9659258262890683,-0.25881904510252063
-0.2,-1.8,89.0,28.0,22.750000000000004,99.91,2012,12,31,22,0,0,-0.5000000000000004,0.8660254037844384
11.2,9.9,92.0,15.0,22.750000000000004,100.88,2012,9,30,7,6,1,0.9659258262890683,-0.25881904510252063
7.1,-0.4,59.0,4.0,26.349999999999998,101.24,2012,4,19,7,3,0,0.9659258262890683,-0.25881904510252063
3.3,-1.2,72.0,22.0,24.1,101.33,2012,12,14,13,4,0,-0.2588190451025208,-0.9659258262890683
-6.8,-10.3,76.0,24.0,26.349999999999998,101.22,2012,12,28,15,4,0,-0.7071067811865471,-0.7071067811865479
22.8,18.8,78.0,13.0,25.0,100.65,2012,7,31,21,1,0,-0.7071067811865477,0.7071067811865474
11.4,-1.9,39.0,11.0,25.0,101.32,2012,5,1,0,1,0,0.0,1.0
4.1,-10.2,34.0,11.0,25.0,101.51,2012,4,28,20,5,1,-0.8660254037844386,0.5000000000000001
15.7,10.6,72.0,11.0,25.0,100.11,2012,6,26,2,1,0,0.49999999999999994,0.8660254037844387
7.5,0.4,61.0,19.0,25.0,99.59,2012,11,24,0,5,1,0.0,1.0
17.1,7.8,54.0,32.0,25.0,100.98,2012,11,12,19,0,0,-0.9659258262890684,0.2588190451025203
2.5,-5.2,57.0,30.0,25.0,100.38,2012,1,10,0,1,0,0.0,1.0
-13.7,-20.3,57.0,33.0,24.1,101.72,2012,1,20,10,4,0,0.49999999999999994,-0.8660254037844387
20.0,10.8,55.0,13.0,24.1,101.93,2012,3,20,13,1,0,-0.2588190451025208,-0.9659258262890683
-5.6,-9.1,76.0,6.0,25.0,101.52,2012,2,2,3,3,0,0.7071067811865476,0.7071067811865476
24.8,16.3,59.0,4.0,24.1,101.58,2012,6,11,10,0,0,0.49999999999999994,-0.8660254037844387
7.1,4.1,81.0,6.0,24.1,101.08,2012,10,17,9,2,0,0.7071067811865476,-0.7071067811865475
3.9,-2.8,62.0,17.0,24.1,102.48,2012,11,16,12,4,0,1.2246467991473532e-16,-1.0
2.7,-1.5,74.0,7.0,25.0,100.66,2012,4,26,4,3,0,0.8660254037844386,0.5000000000000001
13.8,12.6,92.0,17.0,24.1,100.16,2012,10,19,21,4,0,-0.7071067811865477,0.7071067811865474
1.1,0.6,96.0,19.0,22.750000000000004,101.37,2012,3,16,7,4,0,0.9659258262890683,-0.25881904510252063
20.6,19.1,91.0,30.0,22.750000000000004,100.19,2012,7,23,18,0,0,-1.0,-1.8369701987210297e-16
1.1,0.7,97.0,15.0,22.750000000000004,101.38,2012,3,16,8,4,0,0.8660254037844387,-0.4999999999999998
4.8,-0.3,70.0,4.0,24.1,100.43,2012,4,1,11,6,1,0.258819045102521,-0.9659258262890682
0.7,-1.0,88.0,20.0,22.750000000000004,99.08,2012,1,27,11,4,0,0.258819045102521,-0.9659258262890682
-13.3,-17.1,73.0,9.0,22.750000000000004,102.28,2012,1,22,23,6,1,-0.25881904510252157,0.9659258262890681
-8.0,-13.5,65.0,24.0,26.349999999999998,100.54,2012,2,13,8,0,0,0.8660254037844387,-0.4999999999999998
13.3,6.0,61.0,13.0,26.349999999999998,101.67,2012,9,28,10,4,0,0.49999999999999994,-0.8660254037844387
-14.4,-21.0,57.0,13.0,25.0,101.77,2012,1,11,7,2,0,0.9659258262890683,-0.25881904510252063
17.1,4.6,44.0,9.0,26.349999999999998,101.95,2012,5,27,9,6,1,0.7071067811865476,-0.7071067811865475
14.6,5.9,56.0,11.0,25.0,100.83,2012,6,4,23,0,0,-0.25881904510252157,0.9659258262890681
5.8,-1.6,59.0,6.0,22.750000000000004,101.77,2012,11,20,14,1,0,-0.4999999999999997,-0.8660254037844388
26.4,12.1,41.0,19.0,26.349999999999998,99.9,2012,6,28,18,3,0,-1.0,-1.8369701987210297e-16
-5.5,-10.1,70.0,32.0,22.750000000000004,99.28,2012,1,13,22,4,0,-0.5000000000000004,0.8660254037844384
-6.3,-11.8,65.0,7.0,25.0,101.52,2012,2,19,23,6,1,-0.25881904510252157,0.9659258262890681
23.5,7.6,36.0,26.0,26.349999999999998,100.86,2012,8,29,17,2,0,-0.9659258262890683,-0.25881904510252063
-5.9,-10.0,73.0,11.0,24.1,102.47,2012,12,6,7,3,0,0.9659258262890683,-0.25881904510252063
6.9,6.8,99.0,9.0,26.349999999999998,101.47,2012,9,24,6,0,0,1.0,6.123233995736766e-17
27.4,9.4,32.0,13.0,26.349999999999998,101.61,2012,7,11,14,2,0,-0.4999999999999997,-0.8660254037844388
-12.5,-17.5,66.0,15.0,25.0,101.31,2012,1,16,18,0,0,-1.0,-1.8369701987210297e-16
2.8,-1.0,76.0,17.0,24.1,101.53,2012,12,14,16,4,0,-0.8660254037844385,-0.5000000000000004
9.1,6.2,82.0,6.0,22.750000000000004,101.6,2012,10,26,8,4,0,0.8660254037844387,-0.4999999999999998
25.8,13.4,46.0,24.0,24.1,101.02,2012,6,18,15,0,0,-0.7071067811865471,-0.7071067811865479
13.0,10.0,82.0,15.0,25.0,101.35,2012,9,28,19,4,0,-0.9659258262890684,0.2588190451025203
14.6,10.5,76.0,6.0,25.0,100.83,2012,4,15,21,6,1,-0.7071067811865477,0.7071067811865474
13.1,9.9,81.0,20.0,25.0,101.23,2012,9,21,1,4,0,0.25881904510252074,0.9659258262890683
-2.6,-11.1,52.0,15.0,26.349999999999998,102.84,2012,3,10,14,5,1,-0.4999999999999997,-0.8660254037844388
23.2,17.4,70.0,9.0,24.1,100.45,2012,7,7,6,5,1,1.0,6.123233995736766e-17
-6.1,-17.7,39.0,9.0,26.349999999999998,102.39,2012,3,27,7,1,0,0.9659258262890683,-0.25881904510252063
26.1,14.0,47.0,22.0,24.1,101.06,2012,6,18,14,0,0,-0.4999999999999997,-0.8660254037844388
15.5,8.9,65.0,30.0,24.1,99.7,2012,10,15,16,0,0,-0.8660254037844385,-0.5000000000000004
22.8,9.2,42.0,15.0,26.349999999999998,100.74,2012,6,7,16,3,0,-0.8660254037844385,-0.5000000000000004
-5.7,-8.7,79.0,22.0,24.1,101.17,2012,3,2,7,4,0,0.9659258262890683,-0.25881904510252063
0.5,0.1,97.0,17.0,22.750000000000004,101.99,2012,3,14,18,2,0,-1.0,-1.8369701987210297e-16
10.8,0.4,49.0,9.0,26.349999999999998,101.94,2012,3,12,12,0,0,1.2246467991473532e-16,-1.0
19.6,7.5,45.0,0.0,25.0,100.99,2012,6,23,22,5,1,-0.5000000000000004,0.8660254037844384
10.8,3.1,59.0,9.0,25.0,101.27,2012,6,1,2,4,0,0.49999999999999994,0.8660254037844387
29.1,18.0,51.0,22.0,26.349999999999998,101.16,2012,6,11,17,0,0,-0.9659258262890683,-0.25881904510252063
22.1,16.7,71.0,15.0,26.349999999999998,100.76,2012,7,6,8,4,0,0.8660254037844387,-0.4999999999999998
13.6,10.9,84.0,20.0,24.1,100.39,2012,6,2,14,5,1,-0.4999999999999997,-0.8660254037844388
6.2,-10.6,29.0,19.0,25.0,101.86,2012,3,24,2,5,1,0.49999999999999994,0.8660254037844387
12.1,-3.5,33.0,20.0,26.349999999999998,99.97,2012,4,8,14,6,1,-0.4999999999999997,-0.8660254037844388
10.8,8.1,83.0,30.0,25.0,100.55,2012,12,4,17,1,0,-0.9659258262890683,-0.25881904510252063
-7.7,-14.7,57.0,19.0,26.349999999999998,101.86,2012,1,30,11,0,0,0.258819045102521,-0.9659258262890682
-16.2,-23.2,55.0,15.0,25.0,102.85,2012,1,15,17,6,1,-0.9659258262890683,-0.25881904510252063
2.8,-8.4,43.0,17.0,25.0,100.98,2012,4,6,1,4,0,0.25881904510252074,0.9659258262890683
-0.4,-10.0,48.0,24.0,26.349999999999998,101.78,2012,4,28,8,5,1,0.8660254037844387,-0.4999999999999998
12.1,6.4,68.0,19.0,25.0,100.92,2012,9,25,1,1,0,0.25881904510252074,0.9659258262890683
25.5,23.1,87.0,17.0,22.750000000000004,99.65,2012,7,17,14,1,0,-0.4999999999999997,-0.8660254037844388
0.1,-17.3,26.0,24.0,26.349999999999998,101.43,2012,3,26,18,0,0,-1.0,-1.8369701987210297e-16
11.5,11.0,97.0,9.0,22.750000000000004,101.59,2012,10,4,5,3,0,0.9659258262890683,0.25881904510252074
-1.5,-3.0,89.0,4.0,22.750000000000004,100.54,2012,1,7,22,5,1,-0.5000000000000004,0.8660254037844384
21.5,12.2,55.0,6.0,24.1,101.13,2012,5,23,16,2,0,-0.8660254037844385,-0.5000000000000004
24.6,15.3,56.0,9.0,26.349999999999998,100.19,2012,6,28,12,3,0,1.2246467991473532e-16,-1.0
25.8,12.5,44.0,13.0,26.349999999999998,101.2,2012,9,3,18,0,0,-1.0,-1.8369701987210297e-16
15.8,9.2,65.0,6.0,25.0,101.03,2012,6,10,0,6,1,0.0,1.0
19.5,11.6,60.0,13.0,24.1,101.28,2012,6,13,11,2,0,0.258819045102521,-0.9659258262890682
20.2,14.3,69.0,17.0,25.0,101.0,2012,6,12,3,1,0,0.7071067811865476,0.7071067811865476
13.7,12.7,94.0,11.0,25.0,99.41,2012,10,31,2,2,0,0.49999999999999994,0.8660254037844387
13.3,11.3,88.0,11.0,22.750000000000004,100.69,2012,5,4,6,4,0,1.0,6.123233995736766e-17
16.6,3.0,40.0,15.0,26.349999999999998,101.2,2012,9,16,16,6,1,-0.8660254037844385,-0.5000000000000004
21.6,19.4,87.0,0.0,25.0,100.62,2012,7,16,1,0,0,0.25881904510252074,0.9659258262890683
-12.5,-22.8,42.0,28.0,26.349999999999998,100.51,2012,2,12,15,6,1,-0.7071067811865471,-0.7071067811865479
7.3,-3.1,48.0,22.0,26.349999999999998,101.72,2012,5,6,6,6,1,1.0,6.123233995736766e-17
22.2,15.1,64.0,9.0,26.349999999999998,101.5,2012,6,17,8,6,1,0.8660254037844387,-0.4999999999999998
17.1,12.8,76.0,15.0,26.349999999999998,101.13,2012,9,21,11,4,0,0.258819045102521,-0.9659258262890682
1.0,-0.7,88.0,22.0,22.750000000000004,101.35,2012,11,28,19,2,0,-0.9659258262890684,0.2588190451025203
-11.9,-15.3,76.0,6.0,25.0,101.89,2012,2,5,0,6,1,0.0,1.0
21.0,18.9,88.0,17.0,25.0,100.94,2012,9,14,19,4,0,-0.9659258262890684,0.2588190451025203
-4.2,-6.4,85.0,13.0,25.0,101.92,2012,11,7,6,2,0,1.0,6.123233995736766e-17
1.9,-6.3,55.0,24.0,25.0,101.11,2012,3,29,21,3,0,-0.7071067811865477,0.7071067811865474
4.5,-7.6,41.0,17.0,24.1,100.76,2012,4,5,10,3,0,0.49999999999999994,-0.8660254037844387
11.9,9.9,88.0,7.0,22.750000000000004,101.67,2012,3,19,8,0,0,0.8660254037844387,-0.4999999999999998
2.3,-6.9,51.0,19.0,24.1,100.68,2012,4,5,7,3,0,0.9659258262890683,-0.25881904510252063
29.5,20.2,57.0,15.0,24.1,100.38,2012,7,6,17,4,0,-0.9659258262890683,-0.25881904510252063
23.2,11.9,49.0,4.0,25.0,100.58,2012,9,7,20,4,0,-0.8660254037844386,0.5000000000000001
-14.9,-22.9,50.0,22.0,24.1,101.38,2012,1,3,14,1,0,-0.4999999999999997,-0.8660254037844388
-13.5,-18.2,68.0,6.0,25.0,100.7,2012,2,11,22,5,1,-0.5000000000000004,0.8660254037844384
26.1,10.8,38.0,15.0,26.349999999999998,101.11,2012,7,21,18,5,1,-1.0,-1.8369701987210297e-16
25.0,18.4,67.0,17.0,24.1,100.41,2012,8,31,17,4,0,-0.9659258262890683,-0.25881904510252063
2.0,-0.5,83.0,36.5,22.750000000000004,100.13,2012,3,8,22,3,0,-0.5000000000000004,0.8660254037844384
14.3,9.7,74.0,36.5,25.0,99.55,2012,10,29,20,0,0,-0.8660254037844386,0.5000000000000001
5.7,0.4,69.0,11.0,25.0,101.85,2012,3,20,2,1,0,0.49999999999999994,0.8660254037844387
26.4,18.1,60.0,13.0,24.1,100.49,2012,9,5,14,2,0,-0.4999999999999997,-0.8660254037844388
-2.2,-8.3,63.0,32.0,24.1,100.81,2012,1,29,8,6,1,0.8660254037844387,-0.4999999999999998
8.0,-6.1,36.0,7.0,25.0,101.35,2012,4,7,18,5,1,-1.0,-1.8369701987210297e-16
18.3,6.7,47.0,22.0,26.349999999999998,101.48,2012,9,20,13,3,0,-0.2588190451025208,-0.9659258262890683
9.5,4.1,69.0,15.0,25.0,101.8,2012,3,19,21,0,0,-0.7071067811865477,0.7071067811865474
23.1,11.9,49.0,20.0,25.0,99.63,2012,6,30,0,5,1,0.0,1.0
-11.8,-20.9,47.0,20.0,24.1,101.6,2012,1,11,16,2,0,-0.8660254037844385,-0.5000000000000004
-14.3,-22.0,52.0,9.0,25.0,101.98,2012,1,21,6,5,1,1.0,6.123233995736766e-17
-8.0,-14.2,61.0,13.0,26.349999999999998,102.59,2012,12,15,14,5,1,-0.4999999999999997,-0.8660254037844388
12.0,0.0,44.0,7.0,25.0,100.86,2012,4,14,21,5,1,-0.7071067811865477,0.7071067811865474
-7.3,-9.2,86.0,11.0,24.1,102.14,2012,12,12,8,2,0,0.8660254037844387,-0.4999999999999998
9.0,5.8,80.0,11.0,26.349999999999998,100.96,2012,10,18,6,3,0,1.0,6.123233995736766e-17
-0.1,-6.2,63.0,15.0,26.349999999999998,101.55,2012,2,21,11,1,0,0.258819045102521,-0.9659258262890682
11.7,10.7,94.0,9.0,22.750000000000004,101.38,2012,10,27,5,5,1,0.9659258262890683,0.25881904510252074
0.0,-1.3,91.0,22.0,22.750000000000004,99.015,2012,2,24,19,4,0,-0.9659258262890684,0.2588190451025203
22.2,13.6,58.0,15.0,24.1,100.52,2012,4,16,9,0,0,0.7071067811865476,-0.7071067811865475
-1.0,-5.2,73.0,7.0,25.0,100.31,2012,2,23,23,3,0,-0.25881904510252157,0.9659258262890681
-8.0,-11.2,78.0,26.0,22.750000000000004,101.54,2012,12,16,13,6,1,-0.2588190451025208,-0.9659258262890683
23.2,15.1,60.0,9.0,25.0,100.49,2012,7,7,22,5,1,-0.5000000000000004,0.8660254037844384
-1.6,-3.2,89.0,17.0,22.750000000000004,99.015,2012,1,17,22,1,0,-0.5000000000000004,0.8660254037844384
30.8,19.2,50.0,20.0,24.1,101.23,2012,8,4,19,5,1,-0.9659258262890684,0.2588190451025203
-5.1,-15.1,45.0,15.0,24.1,101.79,2012,2,7,14,1,0,-0.4999999999999997,-0.8660254037844388
23.3,15.3,61.0,9.0,25.0,101.42,2012,8,3,22,4,0,-0.5000000000000004,0.8660254037844384
22.2,15.0,64.0,11.0,25.0,101.83,2012,9,12,19,2,0,-0.9659258262890684,0.2588190451025203
-17.1,-24.1,55.0,17.0,26.349999999999998,101.18,2012,1,14,13,5,1,-0.2588190451025208,-0.9659258262890683
4.4,-8.8,38.0,17.0,26.349999999999998,101.3,2012,3,30,14,4,0,-0.4999999999999997,-0.8660254037844388
-13.2,-19.1,61.0,9.0,25.0,100.96,2012,2,14,3,1,0,0.7071067811865476,0.7071067811865476
5.0,2.3,83.0,20.0,24.1,100.62,2012,11,3,17,5,1,-0.9659258262890683,-0.25881904510252063
26.1,16.5,55.0,17.0,26.349999999999998,101.17,2012,6,17,14,6,1,-0.4999999999999997,-0.8660254037844388
27.0,14.8,47.0,22.0,26.349999999999998,100.03,2012,6,28,15,3,0,-0.7071067811865471,-0.7071067811865479
21.7,10.5,49.0,13.0,26.349999999999998,101.45,2012,3,18,14,6,1,-0.4999999999999997,-0.8660254037844388
-6.7,-16.0,48.0,9.0,26.349999999999998,103.01,2012,3,6,13,1,0,-0.2588190451025208,-0.9659258262890683
5.2,-5.3,47.0,19.0,24.1,102.07,2012,10,12,16,4,0,-0.8660254037844385,-0.5000000000000004
23.1,15.7,63.0,13.0,26.349999999999998,100.74,2012,8,20,11,0,0,0.258819045102521,-0.9659258262890682
11.3,2.1,53.0,22.0,26.349999999999998,101.48,2012,5,17,9,3,0,0.7071067811865476,-0.7071067811865475
6.1,3.9,86.0,19.0,22.750000000000004,100.69,2012,4,21,14,5,1,-0.4999999999999997,-0.8660254037844388
16.1,11.7,75.0,15.0,24.1,101.15,2012,5,23,9,2,0,0.7071067811865476,-0.7071067811865475
19.6,12.1,62.0,7.0,25.0,100.56,2012,6,23,0,5,1,0.0,1.0
-1.8,-8.3,61.0,24.0,24.1,100.87,2012,1,29,10,6,1,0.49999999999999994,-0.8660254037844387
29.2,18.7,53.0,19.0,24.1,101.23,2012,8,4,20,5,1,-0.8660254037844386,0.5000000000000001
5.2,0.4,71.0,30.0,25.0,100.74,2012,12,5,7,2,0,0.9659258262890683,-0.25881904510252063
-12.1,-18.0,61.0,26.0,26.349999999999998,102.23,2012,2,26,8,6,1,0.8660254037844387,-0.4999999999999998
27.3,17.5,55.0,7.0,24.1,101.47,2012,6,11,12,0,0,1.2246467991473532e-16,-1.0
22.6,14.2,59.0,19.0,26.349999999999998,101.15,2012,6,18,10,0,0,0.49999999999999994,-0.8660254037844387
-7.1,-13.3,61.0,9.0,26.349999999999998,102.09,2012,2,20,11,0,0,0.258819045102521,-0.9659258262890682
14.4,13.7,96.0,6.0,22.750000000000004,101.07,2012,10,4,21,3,0,-0.7071067811865477,0.7071067811865474
12.4,7.7,73.0,15.0,24.1,101.07,2012,6,6,6,2,0,1.0,6.123233995736766e-17
2.8,-7.4,47.0,6.0,26.349999999999998,103.135,2012,11,17,14,5,1,-0.4999999999999997,-0.8660254037844388
16.6,10.8,69.0,6.0,25.0,100.8,2012,8,20,23,0,0,-0.25881904510252157,0.9659258262890681
21.8,10.9,50.0,13.0,26.349999999999998,101.18,2012,8,21,10,1,0,0.49999999999999994,-0.8660254037844387
25.2,17.8,64.0,9.0,24.1,100.89,2012,9,4,13,1,0,-0.2588190451025208,-0.9659258262890683
-3.6,-13.7,45.0,15.0,24.1,100.6,2012,2,13,17,0,0,-0.9659258262890683,-0.25881904510252063
-0.7,-3.6,81.0,9.0,24.1,100.21,2012,2,24,8,4,0,0.8660254037844387,-0.4999999999999998
13.8,10.4,80.0,35.0,25.0,99.28,2012,10,30,4,1,0,0.8660254037844386,0.5000000000000001
3.1,-7.6,45.0,17.0,25.0,102.24,2012,11,11,3,6,1,0.7071067811865476,0.7071067811865476
0.8,-7.8,53.0,13.0,25.0,101.47,2012,4,29,3,6,1,0.7071067811865476,0.7071067811865476
-4.6,-12.5,54.0,11.0,24.1,101.88,2012,1,26,12,3,0,1.2246467991473532e-16,-1.0
-8.2,-12.0,74.0,17.0,22.750000000000004,101.22,2012,1,31,15,1,0,-0.7071067811865471,-0.7071067811865479
7.6,-2.1,50.0,20.0,25.0,101.18,2012,3,7,20,2,0,-0.8660254037844386,0.5000000000000001
8.1,5.8,85.0,7.0,25.0,99.69,2012,4,26,20,3,0,-0.8660254037844386,0.5000000000000001
8.7,6.1,84.0,35.0,25.0,100.31,2012,9,19,3,2,0,0.7071067811865476,0.7071067811865476
1.1,-2.0,80.0,19.0,25.0,102.01,2012,12,13,18,3,0,-1.0,-1.8369701987210297e-16
0.6,-1.1,88.0,22.0,22.750000000000004,99.015,2012,2,25,5,5,1,0.9659258262890683,0.25881904510252074
17.9,8.4,54.0,22.0,26.349999999999998,100.71,2012,9,9,16,6,1,-0.8660254037844385,-0.5000000000000004
16.1,9.0,63.0,4.0,25.0,101.47,2012,9,2,0,6,1,0.0,1.0
7.2,-0.4,58.0,6.0,22.750000000000004,101.89,2012,11,21,12,2,0,1.2246467991473532e-16,-1.0
-3.3,-9.9,60.0,0.0,25.0,101.76,2012,11,6,4,1,0,0.8660254037844386,0.5000000000000001
24.4,16.9,63.0,17.0,25.0,100.5,2012,8,3,0,4,0,0.0,1.0
18.0,12.9,72.0,28.0,24.1,99.83,2012,6,27,8,2,0,0.8660254037844387,-0.4999999999999998
-4.5,-7.5,80.0,6.0,25.0,102.14,2012,11,27,20,1,0,-0.8660254037844386,0.5000000000000001
14.9,13.6,92.0,9.0,25.0,99.36,2012,10,31,1,2,0,0.25881904510252074,0.9659258262890683
12.1,10.8,92.0,4.0,22.750000000000004,101.42,2012,10,27,1,5,1,0.25881904510252074,0.9659258262890683
11.3,10.8,97.0,9.0,22.750000000000004,101.58,2012,10,4,6,3,0,1.0,6.123233995736766e-17
18.0,12.5,70.0,17.0,25.0,100.5,2012,7,24,23,1,0,-0.25881904510252157,0.9659258262890681
1.3,-3.2,72.0,19.0,25.0,101.06,2012,1,24,20,1,0,-0.8660254037844386,0.5000000000000001
-6.1,-8.6,82.0,19.0,24.1,101.27,2012,12,28,10,4,0,0.49999999999999994,-0.8660254037844387
17.9,12.6,71.0,24.0,24.1,100.94,2012,8,30,8,3,0,0.8660254037844387,-0.4999999999999998
-9.0,-12.5,76.0,11.0,25.0,101.44,2012,12,25,0,1,0,0.0,1.0
12.8,2.3,49.0,4.0,26.349999999999998,101.94,2012,3,23,9,4,0,0.7071067811865476,-0.7071067811865475
-0.9,-4.0,79.0,15.0,24.1,101.65,2012,12,20,13,3,0,-0.2588190451025208,-0.9659258262890683
-3.9,-8.6,70.0,28.0,25.0,101.62,2012,11,29,0,3,0,0.0,1.0
-12.7,-14.1,89.0,4.0,25.0,102.48,2012,12,26,5,2,0,0.9659258262890683,0.25881904510252074
8.6,-2.8,45.0,20.0,26.349999999999998,102.24,2012,10,13,13,5,1,-0.2588190451025208,-0.9659258262890683
18.3,13.1,72.0,9.0,25.0,100.6,2012,6,24,22,6,1,-0.5000000000000004,0.8660254037844384
14.4,4.6,52.0,17.0,26.349999999999998,101.94,2012,5,18,9,4,0,0.7071067811865476,-0.7071067811865475
24.0,11.1,44.0,19.0,26.349999999999998,101.69,2012,5,21,8,0,0,0.8660254037844387,-0.4999999999999998
25.4,17.2,60.0,7.0,24.1,101.04,2012,9,14,17,4,0,-0.9659258262890683,-0.25881904510252063
10.8,0.8,50.0,13.0,26.349999999999998,101.73,2012,5,5,11,5,1,0.258819045102521,-0.9659258262890682
8.5,-1.0,51.0,0.0,25.0,101.23,2012,5,12,2,5,1,0.49999999999999994,0.8660254037844387
6.0,1.3,72.0,19.0,24.1,100.27,2012,10,16,9,1,0,0.7071067811865476,-0.7071067811865475
19.3,16.8,85.0,19.0,25.0,100.68,2012,8,10,1,4,0,0.25881904510252074,0.9659258262890683
2.6,-1.3,75.0,11.0,25.0,100.96,2012,11,23,2,4,0,0.49999999999999994,0.8660254037844387
12.4,9.5,82.0,11.0,25.0,100.98,2012,9,10,3,0,0,0.7071067811865476,0.7071067811865476
8.6,8.4,99.0,11.0,22.750000000000004,100.35,2012,10,6,7,5,1,0.9659258262890683,-0.25881904510252063
2.3,-5.9,55.0,11.0,25.0,100.4,2012,4,5,2,3,0,0.49999999999999994,0.8660254037844387
23.8,21.7,88.0,24.0,22.750000000000004,99.81,2012,7,17,16,1,0,-0.8660254037844385,-0.5000000000000004
-15.4,-22.8,53.0,24.0,26.349999999999998,102.71,2012,1,15,15,6,1,-0.7071067811865471,-0.7071067811865479
14.4,-1.0,35.0,7.0,26.349999999999998,101.59,2012,5,5,14,5,1,-0.4999999999999997,-0.8660254037844388
23.0,16.7,68.0,19.0,24.1,100.14,2012,6,22,4,4,0,0.8660254037844386,0.5000000000000001
-8.7,-11.7,79.0,6.0,22.750000000000004,100.13,2012,1,7,0,5,1,0.0,1.0
-3.0,-8.2,67.0,28.0,25.0,101.78,2012,12,9,22,6,1,-0.5000000000000004,0.8660254037844384
14.3,9.4,72.0,30.0,25.0,100.18,2012,9,9,0,6,1,0.0,1.0
7.6,6.3,91.0,6.0,24.1,101.83,2012,9,11,6,1,0,1.0,6.123233995736766e-17
19.1,17.9,93.0,17.0,22.750000000000004,100.65,2012,8,10,20,4,0,-0.8660254037844386,0.5000000000000001
10.9,7.9,82.0,7.0,22.750000000000004,101.08,2012,5,1,12,1,0,1.2246467991473532e-16,-1.0
24.8,11.2,42.0,24.0,26.349999999999998,101.63,2012,5,21,9,0,0,0.7071067811865476,-0.7071067811865475
-10.0,-14.2,71.0,19.0,24.1,102.28,2012,12,26,15,2,0,-0.7071067811865471,-0.7071067811865479
19.4,14.3,72.0,11.0,26.349999999999998,101.06,2012,8,19,9,6,1,0.7071067811865476,-0.7071067811865475
2.6,-2.0,72.0,22.0,24.1,101.35,2012,12,14,11,4,0,0.258819045102521,-0.9659258262890682
32.2,20.1,49.0,13.0,24.1,101.29,2012,8,4,18,5,1,-1.0,-1.8369701987210297e-16
1.0,0.6,97.0,13.0,22.750000000000004,99.58,2012,12,18,21,1,0,-0.7071067811865477,0.7071067811865474
25.5,17.4,61.0,24.0,24.1,99.08,2012,9,8,13,5,1,-0.2588190451025208,-0.9659258262890683
28.8,20.3,60.0,13.0,26.349999999999998,100.57,2012,7,23,12,0,0,1.2246467991473532e-16,-1.0
1.2,-4.8,64.0,11.0,25.0,101.27,2012,11,5,1,0,0,0.25881904510252074,0.9659258262890683
26.5,11.7,40.0,28.0,26.349999999999998,101.07,2012,5,21,18,0,0,-1.0,-1.8369701987210297e-16
28.3,12.3,37.0,30.0,26.349999999999998,100.55,2012,7,2,15,0,0,-0.7071067811865471,-0.7071067811865479
25.6,9.6,36.0,19.0,26.349999999999998,100.84,2012,6,23,13,5,1,-0.2588190451025208,-0.9659258262890683
11.3,-2.2,39.0,17.0,26.349999999999998,101.33,2012,4,12,18,3,0,-1.0,-1.8369701987210297e-16
-2.3,-9.5,58.0,15.0,26.349999999999998,101.45,2012,2,19,14,6,1,-0.4999999999999997,-0.8660254037844388
0.4,-6.8,58.0,7.0,24.1,102.07,2012,11,27,15,1,0,-0.7071067811865471,-0.7071067811865479
1.3,-15.7,27.0,30.0,26.349999999999998,101.29,2012,3,26,16,0,0,-0.8660254037844385,-0.5000000000000004
-7.4,-10.7,77.0,20.0,22.750000000000004,101.09,2012,1,31,20,1,0,-0.8660254037844386,0.5000000000000001
8.5,8.2,98.0,9.0,22.750000000000004,100.02,2012,10,15,1,0,0,0.25881904510252074,0.9659258262890683
19.8,18.9,95.0,9.0,22.750000000000004,100.75,2012,8,12,6,6,1,1.0,6.123233995736766e-17
20.7,17.5,82.0,9.0,26.349999999999998,100.79,2012,7,6,6,4,0,1.0,6.123233995736766e-17
-21.2,-26.8,61.0,11.0,25.0,101.81,2012,1,15,0,6,1,0.0,1.0
19.9,7.5,45.0,17.0,26.349999999999998,101.12,2012,7,9,10,0,0,0.49999999999999994,-0.8660254037844387
12.4,11.9,97.0,7.0,22.750000000000004,99.83,2012,10,20,4,5,1,0.8660254037844386,0.5000000000000001
-9.3,-18.6,47.0,28.0,26.349999999999998,102.42,2012,2,26,12,6,1,1.2246467991473532e-16,-1.0
19.9,-4.0,20.0,11.0,26.349999999999998,100.93,2012,5,7,19,0,0,-0.9659258262890684,0.2588190451025203
26.7,11.2,38.0,22.0,26.349999999999998,101.12,2012,7,28,15,5,1,-0.7071067811865471,-0.7071067811865479
15.1,5.7,53.0,15.0,26.349999999999998,101.07,2012,9,23,16,6,1,-0.8660254037844385,-0.5000000000000004
-3.7,-6.0,84.0,11.0,22.750000000000004,99.015,2012,1,13,16,4,0,-0.8660254037844385,-0.5000000000000004
9.2,0.4,54.0,15.0,24.1,101.37,2012,11,22,16,3,0,-0.8660254037844385,-0.5000000000000004
18.2,12.3,68.0,0.0,25.0,101.36,2012,7,20,23,4,0,-0.25881904510252157,0.9659258262890681
-1.8,-6.8,69.0,6.0,25.0,103.135,2012,11,18,20,6,1,-0.8660254037844386,0.5000000000000001
22.2,9.6,45.0,11.0,26.349999999999998,101.93,2012,5,20,9,6,1,0.7071067811865476,-0.7071067811865475
0.0,-3.7,76.0,22.0,25.0,100.41,2012,3,9,1,4,0,0.25881904510252074,0.9659258262890683
-16.0,-17.2,90.0,6.0,22.750000000000004,101.25,2012,12,29,4,5,1,0.8660254037844386,0.5000000000000001
16.3,12.2,77.0,7.0,24.1,100.7,2012,7,8,4,6,1,0.8660254037844386,0.5000000000000001
23.2,8.8,40.0,28.0,26.349999999999998,100.65,2012,8,28,15,1,0,-0.7071067811865471,-0.7071067811865479
19.7,5.1,38.0,17.0,26.349999999999998,101.47,2012,5,13,18,6,1,-1.0,-1.8369701987210297e-16
21.2,14.4,65.0,19.0,26.349999999999998,100.8,2012,9,7,9,4,0,0.7071067811865476,-0.7071067811865475
-0.9,-7.9,59.0,7.0,26.349999999999998,101.47,2012,3,9,17,4,0,-0.9659258262890683,-0.25881904510252063
5.3,-7.9,38.0,19.0,25.0,100.87,2012,4,5,20,3,0,-0.8660254037844386,0.5000000000000001
-10.6,-13.3,80.0,9.0,22.750000000000004,102.62,2012,2,3,8,4,0,0.8660254037844387,-0.4999999999999998
-13.7,-21.7,51.0,11.0,24.1,101.25,2012,1,4,12,2,0,1.2246467991473532e-16,-1.0
12.3,4.3,58.0,11.0,24.1,101.57,2012,10,23,15,1,0,-0.7071067811865471,-0.7071067811865479
24.5,9.7,39.0,15.0,26.349999999999998,100.69,2012,7,2,19,0,0,-0.9659258262890684,0.2588190451025203
10.2,4.6,68.0,17.0,25.0,101.17,2012,5,4,23,4,0,-0.25881904510252157,0.9659258262890681
4.2,1.2,81.0,20.0,24.1,100.39,2012,11,3,8,5,1,0.8660254037844387,-0.4999999999999998
11.7,8.6,81.0,15.0,24.1,101.36,2012,5,3,7,3,0,0.9659258262890683,-0.25881904510252063
0.8,-0.2,93.0,33.0,22.750000000000004,99.38,2012,12,21,9,4,0,0.7071067811865476,-0.7071067811865475
25.3,17.0,60.0,9.0,24.1,100.99,2012,6,19,12,1,0,1.2246467991473532e-16,-1.0
24.9,13.5,49.0,6.0,26.349999999999998,101.91,2012,6,16,14,5,1,-0.4999999999999997,-0.8660254037844388
-3.2,-8.8,65.0,9.0,26.349999999999998,102.1,2012,2,20,18,0,0,-1.0,-1.8369701987210297e-16
-1.1,-9.3,54.0,17.0,25.0,100.77,2012,1,29,18,6,1,-1.0,-1.8369701987210297e-16
17.2,16.5,96.0,0.0,25.0,100.05,2012,7,27,1,4,0,0.25881904510252074,0.9659258262890683
-10.9,-13.2,83.0,13.0,25.0,101.38,2012,12,28,23,4,0,-0.25881904510252157,0.9659258262890681
22.0,7.9,40.0,9.0,26.349999999999998,100.67,2012,6,7,18,3,0,-1.0,-1.8369701987210297e-16
24.1,12.1,47.0,22.0,24.1,100.44,2012,4,16,11,0,0,0.258819045102521,-0.9659258262890682
-10.8,-16.1,65.0,17.0,25.0,103.135,2012,11,30,23,4,0,-0.25881904510252157,0.9659258262890681
30.7,14.6,38.0,32.0,26.349999999999998,99.42,2012,6,29,15,4,0,-0.7071067811865471,-0.7071067811865479
-5.0,-15.1,45.0,9.0,25.0,102.59,2012,3,6,22,1,0,-0.5000000000000004,0.8660254037844384
6.6,-0.3,61.0,13.0,25.0,101.11,2012,4,11,23,2,0,-0.25881904510252157,0.9659258262890681
20.4,17.6,84.0,28.0,22.750000000000004,99.78,2012,5,29,18,1,0,-1.0,-1.8369701987210297e-16
27.3,17.5,55.0,13.0,25.0,101.05,2012,7,22,20,6,1,-0.8660254037844386,0.5000000000000001
1.6,-6.6,54.0,22.0,24.1,101.06,2012,2,9,18,3,0,-1.0,-1.8369701987210297e-16
10.5,5.6,72.0,28.0,24.1,99.48,2012,5,10,11,3,0,0.258819045102521,-0.9659258262890682
0.7,-0.9,89.0,6.0,22.750000000000004,101.23,2012,3,14,5,2,0,0.9659258262890683,0.25881904510252074
7.8,6.8,93.0,7.0,25.0,99.39,2012,11,1,0,3,0,0.0,1.0
14.3,11.4,83.0,19.0,25.0,101.14,2012,9,21,4,4,0,0.8660254037844386,0.5000000000000001
0.9,-3.7,71.0,28.0,24.1,101.1,2012,2,10,10,4,0,0.49999999999999994,-0.8660254037844387
26.5,16.6,55.0,13.0,25.0,101.78,2012,8,25,20,5,1,-0.8660254037844386,0.5000000000000001
27.3,14.2,45.0,19.0,26.349999999999998,101.89,2012,9,13,13,3,0,-0.2588190451025208,-0.9659258262890683
26.5,16.1,53.0,17.0,26.349999999999998,100.9,2012,8,7,12,1,0,1.2246467991473532e-16,-1.0
19.8,12.0,61.0,4.0,22.750000000000004,101.75,2012,3,19,12,0,0,1.2246467991473532e-16,-1.0
-2.0,-8.7,60.0,7.0,25.0,101.52,2012,3,9,18,4,0,-1.0,-1.8369701987210297e-16
20.8,14.6,68.0,13.0,24.1,101.49,2012,7,13,4,4,0,0.8660254037844386,0.5000000000000001
20.2,19.5,96.0,32.0,22.750000000000004,100.58,2012,8,11,17,5,1,-0.9659258262890683,-0.25881904510252063
0.6,-0.6,92.0,35.0,22.750000000000004,99.015,2012,12,22,4,5,1,0.8660254037844386,0.5000000000000001
-0.1,-9.1,51.0,4.0,26.349999999999998,103.135,2012,11,17,11,5,1,0.258819045102521,-0.9659258262890682
27.8,11.6,37.0,26.0,26.349999999999998,100.06,2012,4,16,16,0,0,-0.8660254037844385,-0.5000000000000004
1.7,-18.4,21.0,13.0,26.349999999999998,102.06,2012,3,27,14,1,0,-0.4999999999999997,-0.8660254037844388
-2.1,-11.8,47.0,13.0,25.0,100.92,2012,4,3,4,1,0,0.8660254037844386,0.5000000000000001
7.8,-3.2,46.0,13.0,25.0,101.63,2012,5,6,2,6,1,0.49999999999999994,0.8660254037844387
16.1,11.0,72.0,6.0,25.0,100.93,2012,8,21,4,1,0,0.8660254037844386,0.5000000000000001
4.0,1.5,84.0,13.0,22.750000000000004,100.73,2012,3,13,18,1,0,-1.0,-1.8369701987210297e-16
23.5,18.0,71.0,6.0,25.0,100.36,2012,7,16,23,0,0,-0.25881904510252157,0.9659258262890681
20.0,11.7,59.0,9.0,25.0,100.52,2012,6,22,23,4,0,-0.25881904510252157,0.9659258262890681
19.4,9.9,54.0,11.0,25.0,101.06,2012,7,18,21,2,0,-0.7071067811865477,0.7071067811865474
23.9,19.8,78.0,6.0,25.0,100.5,2012,8,1,23,2,0,-0.25881904510252157,0.9659258262890681
-0.3,-7.7,57.0,0.0,25.0,101.93,2012,11,6,19,1,0,-0.9659258262890684,0.2588190451025203
10.1,2.1,58.0,6.0,26.349999999999998,101.02,2012,10,17,11,2,0,0.258819045102521,-0.9659258262890682
6.9,-0.3,60.0,7.0,26.349999999999998,100.65,2012,4,26,9,3,0,0.7071067811865476,-0.7071067811865475
6.1,3.7,85.0,19.0,24.1,100.65,2012,4,21,13,5,1,-0.2588190451025208,-0.9659258262890683
25.8,12.8,44.0,24.0,26.349999999999998,101.39,2012,8,22,13,2,0,-0.2588190451025208,-0.9659258262890683
1.9,-1.9,76.0,9.0,22.750000000000004,102.0,2012,11,20,10,1,0,0.49999999999999994,-0.8660254037844387
24.4,17.4,65.0,7.0,24.1,100.8,2012,8,13,19,0,0,-0.9659258262890684,0.2588190451025203
10.2,8.6,90.0,4.0,24.1,99.28,2012,10,31,15,2,0,-0.7071067811865471,-0.7071067811865479
3.7,-1.5,69.0,33.0,25.0,99.3,2012,1,2,3,0,0,0.7071067811865476,0.7071067811865476
-5.5,-7.8,84.0,13.0,22.750000000000004,100.05,2012,1,7,12,5,1,1.2246467991473532e-16,-1.0
-2.0,-9.7,56.0,19.0,26.349999999999998,102.07,2012,2,20,15,0,0,-0.7071067811865471,-0.7071067811865479
17.8,11.6,67.0,4.0,22.750000000000004,101.75,2012,3,19,11,0,0,0.258819045102521,-0.9659258262890682
-0.1,-0.4,98.0,4.0,22.750000000000004,102.26,2012,3,17,6,5,1,1.0,6.123233995736766e-17
-7.9,-11.0,78.0,13.0,25.0,101.6,2012,12,11,19,1,0,-0.9659258262890684,0.2588190451025203
28.0,14.8,45.0,20.0,24.1,100.39,2012,6,22,13,4,0,-0.2588190451025208,-0.9659258262890683
19.3,18.0,92.0,7.0,25.0,100.92,2012,8,8,0,2,0,0.0,1.0
24.3,21.8,86.0,32.0,25.0,100.32,2012,8,5,20,6,1,-0.8660254037844386,0.5000000000000001
18.6,14.4,77.0,15.0,26.349999999999998,100.81,2012,9,7,7,4,0,0.9659258262890683,-0.25881904510252063
24.3,7.3,34.0,7.0,26.349999999999998,101.44,2012,9,1,15,5,1,-0.7071067811865471,-0.7071067811865479
-7.2,-11.1,74.0,11.0,24.1,101.69,2012,1,23,8,0,0,0.8660254037844387,-0.4999999999999998
22.9,18.2,75.0,7.0,25.0,100.55,2012,9,5,22,2,0,-0.5000000000000004,0.8660254037844384
-8.4,-14.7,60.0,19.0,26.349999999999998,102.64,2012,12,15,13,5,1,-0.2588190451025208,-0.9659258262890683
-1.3,-10.0,52.0,30.0,26.349999999999998,101.75,2012,4,28,7,5,1,0.9659258262890683,-0.25881904510252063
-18.6,-24.0,62.0,9.0,25.0,101.77,2012,1,4,5,2,0,0.9659258262890683,0.25881904510252074
-0.3,-1.2,94.0,13.0,22.750000000000004,101.87,2012,11,12,6,0,0,1.0,6.123233995736766e-17
-4.6,-8.8,72.0,7.0,24.1,102.52,2012,12,6,8,3,0,0.8660254037844387,-0.4999999999999998
16.0,13.2,83.0,15.0,24.1,99.87,2012,10,20,10,5,1,0.49999999999999994,-0.8660254037844387
30.2,17.1,45.0,11.0,26.349999999999998,101.72,2012,8,25,17,5,1,-0.9659258262890683,-0.25881904510252063
11.0,1.9,53.0,4.0,24.1,100.74,2012,4,11,13,2,0,-0.2588190451025208,-0.9659258262890683
8.4,7.3,93.0,17.0,22.750000000000004,101.7,2012,5,2,7,2,0,0.9659258262890683,-0.25881904510252063
11.7,6.2,69.0,17.0,25.0,101.06,2012,9,24,21,0,0,-0.7071067811865477,0.7071067811865474
2.1,0.4,88.0,15.0,22.750000000000004,100.63,2012,12,17,19,0,0,-0.9659258262890684,0.2588190451025203
23.0,8.9,41.0,11.0,25.0,101.5,2012,6,10,23,6,1,-0.25881904510252157,0.9659258262890681
0.6,-0.9,90.0,7.0,22.750000000000004,101.28,2012,3,14,6,2,0,1.0,6.123233995736766e-17
18.4,7.5,49.0,20.0,26.349999999999998,100.77,2012,5,31,13,3,0,-0.2588190451025208,-0.9659258262890683
29.9,14.3,39.0,9.0,26.349999999999998,101.04,2012,7,30,16,0,0,-0.8660254037844385,-0.5000000000000004
17.3,13.9,80.0,11.0,24.1,101.23,2012,5,15,8,1,0,0.8660254037844387,-0.4999999999999998
24.2,16.2,61.0,13.0,24.1,101.51,2012,9,14,11,4,0,0.258819045102521,-0.9659258262890682
19.3,16.3,83.0,6.0,26.349999999999998,100.78,2012,7,6,5,4,0,0.9659258262890683,0.25881904510252074
0.9,-5.3,63.0,36.5,25.0,100.09,2012,1,29,1,6,1,0.25881904510252074,0.9659258262890683
1.0,0.0,93.0,9.0,22.750000000000004,101.88,2012,11,12,8,0,0,0.8660254037844387,-0.4999999999999998
11.1,8.4,83.0,17.0,25.0,101.24,2012,5,3,4,3,0,0.8660254037844386,0.5000000000000001
1.8,0.4,90.0,19.0,25.0,101.67,2012,3,16,0,4,0,0.0,1.0
25.6,17.5,61.0,19.0,26.349999999999998,101.31,2012,8,27,9,0,0,0.7071067811865476,-0.7071067811865475
-7.4,-9.6,84.0,9.0,22.750000000000004,100.65,2012,1,17,8,1,0,0.8660254037844387,-0.4999999999999998
7.6,6.8,95.0,6.0,25.0,99.37,2012,11,1,1,3,0,0.25881904510252074,0.9659258262890683
-13.4,-20.3,56.0,11.0,25.0,102.5,2012,3,6,1,1,0,0.25881904510252074,0.9659258262890683
20.2,13.9,67.0,11.0,26.349999999999998,100.78,2012,8,20,9,0,0,0.7071067811865476,-0.7071067811865475
22.5,15.4,64.0,13.0,25.0,101.17,2012,7,22,1,6,1,0.25881904510252074,0.9659258262890683
5.9,5.9,100.0,15.0,22.750000000000004,100.67,2012,12,2,19,6,1,-0.9659258262890684,0.2588190451025203
0.8,-0.8,89.0,15.0,25.0,101.05,2012,4,22,3,6,1,0.7071067811865476,0.7071067811865476
19.6,15.5,77.0,9.0,22.750000000000004,100.01,2012,7,26,6,3,0,1.0,6.123233995736766e-17
25.7,15.9,55.0,17.0,25.0,100.52,2012,8,2,22,3,0,-0.5000000000000004,0.8660254037844384
0.8,-0.6,90.0,4.0,22.750000000000004,101.13,2012,3,14,4,2,0,0.8660254037844386,0.5000000000000001
15.7,11.6,77.0,17.0,25.0,100.77,2012,4,16,0,0,0,0.0,1.0
-1.3,-3.1,88.0,17.0,22.750000000000004,100.19,2012,12,31,18,0,0,-1.0,-1.8369701987210297e-16
1.0,-7.2,54.0,28.0,24.1,101.18,2012,4,27,18,4,0,-1.0,-1.8369701987210297e-16
-12.2,-20.0,52.0,19.0,24.1,101.63,2012,1,11,13,2,0,-0.2588190451025208,-0.9659258262890683
11.0,7.4,78.0,32.0,25.0,101.01,2012,10,28,22,6,1,-0.5000000000000004,0.8660254037844384
-11.4,-15.5,72.0,26.0,26.349999999999998,101.15,2012,12,30,16,6,1,-0.8660254037844385,-0.5000000000000004
-2.4,-4.8,84.0,20.0,22.750000000000004,100.81,2012,3,2,18,4,0,-1.0,-1.8369701987210297e-16
6.6,3.3,79.0,28.0,24.1,101.0,2012,12,2,12,6,1,1.2246467991473532e-16,-1.0
13.8,12.6,92.0,17.0,22.750000000000004,100.96,2012,10,5,5,4,0,0.9659258262890683,0.25881904510252074
16.3,9.8,65.0,9.0,24.1,101.36,2012,5,26,5,5,1,0.9659258262890683,0.25881904510252074
-0.6,-5.9,67.0,7.0,25.0,101.93,2012,11,7,0,2,0,0.0,1.0
14.3,10.5,78.0,6.0,24.1,100.89,2012,7,3,4,1,0,0.8660254037844386,0.5000000000000001
27.5,10.1,34.0,19.0,26.349999999999998,101.5,2012,7,11,17,2,0,-0.9659258262890683,-0.25881904510252063
-14.2,-21.2,55.0,32.0,24.1,101.84,2012,1,20,11,4,0,0.258819045102521,-0.9659258262890682
20.4,12.4,60.0,9.0,25.0,101.63,2012,8,24,2,4,0,0.49999999999999994,0.8660254037844387
28.3,18.0,54.0,17.0,24.1,101.69,2012,8,4,11,5,1,0.258819045102521,-0.9659258262890682
25.7,14.0,48.0,22.0,25.0,99.59,2012,6,29,22,4,0,-0.5000000000000004,0.8660254037844384
24.7,16.7,61.0,17.0,24.1,101.33,2012,8,27,8,0,0,0.8660254037844387,-0.4999999999999998
24.6,12.6,47.0,15.0,24.1,100.95,2012,9,17,14,0,0,-0.4999999999999997,-0.8660254037844388
-10.0,-16.3,60.0,19.0,25.0,100.48,2012,2,13,0,0,0,0.0,1.0
22.0,15.0,64.0,7.0,25.0,101.59,2012,8,4,2,5,1,0.49999999999999994,0.8660254037844387
9.3,6.6,83.0,9.0,25.0,101.45,2012,10,25,23,3,0,-0.25881904510252157,0.9659258262890681
12.7,7.2,69.0,15.0,25.0,100.44,2012,5,29,0,1,0,0.0,1.0
8.4,-7.7,31.0,4.0,26.349999999999998,100.89,2012,3,31,16,5,1,-0.8660254037844385,-0.5000000000000004
-13.9,-22.1,50.0,9.0,25.0,102.04,2012,1,21,7,5,1,0.9659258262890683,-0.25881904510252063
-1.3,-6.9,66.0,11.0,25.0,103.135,2012,11,18,22,6,1,-0.5000000000000004,0.8660254037844384
-4.8,-10.0,67.0,11.0,25.0,101.51,2012,2,19,21,6,1,-0.7071067811865477,0.7071067811865474
1.1,0.2,94.0,17.0,22.750000000000004,101.56,2012,3,16,2,4,0,0.49999999999999994,0.8660254037844387
11.9,6.2,68.0,7.0,25.0,101.46,2012,9,26,23,2,0,-0.25881904510252157,0.9659258262890681
15.0,13.9,93.0,17.0,25.0,99.49,2012,10,30,22,1,0,-0.5000000000000004,0.8660254037844384
22.7,20.9,90.0,24.0,22.750000000000004,100.92,2012,7,15,15,6,1,-0.7071067811865471,-0.7071067811865479
20.4,9.1,48.0,13.0,26.349999999999998,101.15,2012,8,21,9,1,0,0.7071067811865476,-0.7071067811865475
17.8,15.2,85.0,9.0,22.750000000000004,100.95,2012,5,15,15,1,0,-0.7071067811865471,-0.7071067811865479
16.6,9.9,65.0,36.5,24.1,100.13,2012,10,29,14,0,0,-0.4999999999999997,-0.8660254037844388
1.5,-5.1,61.0,9.0,25.0,101.52,2012,4,13,3,4,0,0.7071067811865476,0.7071067811865476
22.9,17.2,70.0,9.0,24.1,101.08,2012,9,4,10,1,0,0.49999999999999994,-0.8660254037844387
25.2,12.3,45.0,11.0,26.349999999999998,100.79,2012,7,3,12,1,0,1.2246467991473532e-16,-1.0
12.9,6.9,67.0,24.0,25.0,101.0,2012,10,28,18,6,1,-1.0,-1.8369701987210297e-16
15.5,9.6,68.0,13.0,26.349999999999998,101.55,2012,7,20,6,4,0,1.0,6.123233995736766e-17
19.3,16.4,83.0,22.0,25.0,100.46,2012,6,13,3,2,0,0.7071067811865476,0.7071067811865476
-9.3,-14.2,67.0,20.0,25.0,102.47,2012,12,15,5,5,1,0.9659258262890683,0.25881904510252074
24.1,19.4,75.0,13.0,24.1,100.6,2012,8,1,10,2,0,0.49999999999999994,-0.8660254037844387
12.9,8.7,76.0,28.0,24.1,100.57,2012,10,29,10,0,0,0.49999999999999994,-0.8660254037844387
-4.3,-7.3,80.0,15.0,24.1,102.18,2012,12,2,0,6,1,0.0,1.0
-16.7,-22.4,61.0,17.0,25.0,102.98,2012,1,15,20,6,1,-0.8660254037844386,0.5000000000000001
8.4,5.3,81.0,17.0,22.750000000000004,99.22,2012,11,1,14,3,0,-0.4999999999999997,-0.8660254037844388
-7.1,-12.7,64.0,13.0,25.0,102.16,2012,2,4,4,5,1,0.8660254037844386,0.5000000000000001
1.3,-0.3,89.0,15.0,25.0,102.13,2012,11,11,21,6,1,-0.7071067811865477,0.7071067811865474
20.1,18.9,93.0,4.0,22.750000000000004,100.7,2012,8,12,0,6,1,0.0,1.0
1.1,-5.7,60.0,15.0,26.349999999999998,100.75,2012,2,18,12,5,1,1.2246467991473532e-16,-1.0
13.7,9.6,76.0,24.0,25.0,100.3,2012,9,9,2,6,1,0.49999999999999994,0.8660254037844387
-4.8,-15.1,44.0,6.0,26.349999999999998,102.9,2012,3,6,17,1,0,-0.9659258262890683,-0.25881904510252063
-2.4,-5.9,77.0,6.0,25.0,103.135,2012,11,19,1,0,0,0.25881904510252074,0.9659258262890683
-2.3,-8.1,64.0,11.0,25.0,102.54,2012,3,10,21,5,1,-0.7071067811865477,0.7071067811865474
13.8,7.1,64.0,6.0,26.349999999999998,101.75,2012,5,19,6,5,1,1.0,6.123233995736766e-17
12.1,6.8,70.0,26.0,25.0,99.74,2012,10,15,21,0,0,-0.7071067811865477,0.7071067811865474
27.3,20.1,65.0,17.0,24.1,100.47,2012,8,11,14,5,1,-0.4999999999999997,-0.8660254037844388
19.4,12.7,65.0,26.0,24.1,100.71,2012,6,24,18,6,1,-1.0,-1.8369701987210297e-16
7.8,2.7,70.0,17.0,26.349999999999998,100.23,2012,4,25,11,2,0,0.258819045102521,-0.9659258262890682
26.0,9.0,34.0,9.0,26.349999999999998,101.47,2012,6,10,19,6,1,-0.9659258262890684,0.2588190451025203
-11.6,-14.0,82.0,0.0,25.0,102.4,2012,2,3,3,4,0,0.7071067811865476,0.7071067811865476
-4.9,-11.6,59.0,19.0,26.349999999999998,101.41,2012,2,27,13,0,0,-0.2588190451025208,-0.9659258262890683
21.1,17.5,80.0,0.0,26.349999999999998,101.12,2012,8,8,8,2,0,0.8660254037844387,-0.4999999999999998
22.3,19.0,82.0,11.0,24.1,100.65,2012,8,11,10,5,1,0.49999999999999994,-0.8660254037844387
9.8,-2.9,41.0,30.0,26.349999999999998,101.21,2012,10,11,15,3,0,-0.7071067811865471,-0.7071067811865479
19.3,13.5,69.0,17.0,24.1,100.52,2012,4,16,8,0,0,0.8660254037844387,-0.4999999999999998
28.7,16.1,46.0,19.0,24.1,100.35,2012,7,16,17,0,0,-0.9659258262890683,-0.25881904510252063
-8.4,-15.5,57.0,4.0,25.0,101.96,2012,1,30,21,0,0,-0.7071067811865477,0.7071067811865474
11.5,9.5,88.0,11.0,25.0,100.44,2012,9,9,5,6,1,0.9659258262890683,0.25881904510252074
-1.9,-7.4,66.0,7.0,25.0,101.95,2012,12,6,20,3,0,-0.8660254037844386,0.5000000000000001
-11.8,-20.8,47.0,9.0,25.0,102.21,2012,2,7,23,1,0,-0.25881904510252157,0.9659258262890681
0.6,-1.2,88.0,15.0,22.750000000000004,100.05,2012,3,29,0,3,0,0.0,1.0
1.1,-3.0,74.0,20.0,25.0,101.11,2012,1,24,21,1,0,-0.7071067811865477,0.7071067811865474
17.4,15.6,89.0,6.0,25.0,100.76,2012,8,16,3,3,0,0.7071067811865476,0.7071067811865476
14.8,10.9,77.0,11.0,25.0,100.57,2012,8,18,4,5,1,0.8660254037844386,0.5000000000000001
-18.0,-21.6,73.0,6.0,25.0,101.83,2012,1,19,3,3,0,0.7071067811865476,0.7071067811865476
9.8,5.9,77.0,6.0,25.0,101.93,2012,3,17,19,5,1,-0.9659258262890684,0.2588190451025203
22.2,15.1,64.0,17.0,26.349999999999998,101.22,2012,7,22,6,6,1,1.0,6.123233995736766e-17
9.9,7.5,85.0,13.0,26.349999999999998,101.51,2012,9,24,8,0,0,0.8660254037844387,-0.4999999999999998
8.8,1.0,58.0,22.0,24.1,99.6,2012,4,10,13,1,0,-0.2588190451025208,-0.9659258262890683
23.0,10.4,45.0,24.0,26.349999999999998,100.14,2012,7,24,15,1,0,-0.7071067811865471,-0.7071067811865479
28.1,17.7,53.0,17.0,26.349999999999998,101.27,2012,5,24,15,3,0,-0.7071067811865471,-0.7071067811865479
15.4,12.5,83.0,9.0,25.0,100.59,2012,7,25,2,2,0,0.49999999999999994,0.8660254037844387
24.8,13.6,50.0,19.0,26.349999999999998,100.58,2012,7,25,15,2,0,-0.7071067811865471,-0.7071067811865479
19.5,12.3,63.0,15.0,24.1,100.7,2012,6,23,4,5,1,0.8660254037844386,0.5000000000000001
11.8,4.9,63.0,15.0,25.0,101.54,2012,10,25,18,3,0,-1.0,-1.8369701987210297e-16
9.4,-3.6,40.0,15.0,26.349999999999998,100.46,2012,4,8,11,6,1,0.258819045102521,-0.9659258262890682
12.7,-0.5,40.0,30.0,26.349999999999998,101.63,2012,4,17,15,1,0,-0.7071067811865471,-0.7071067811865479
27.2,17.2,54.0,15.0,26.349999999999998,101.59,2012,7,13,10,4,0,0.49999999999999994,-0.8660254037844387
-13.7,-17.1,75.0,20.0,22.750000000000004,101.01,2012,2,11,8,5,1,0.8660254037844387,-0.4999999999999998
11.0,7.9,81.0,24.0,24.1,100.66,2012,12,4,15,1,0,-0.7071067811865471,-0.7071067811865479
9.2,5.3,77.0,7.0,24.1,100.26,2012,3,25,17,6,1,-0.9659258262890683,-0.25881904510252063
-0.7,-8.4,56.0,11.0,26.349999999999998,101.44,2012,3,9,16,4,0,-0.8660254037844385,-0.5000000000000004
10.1,6.0,76.0,7.0,25.0,101.51,2012,9,27,0,3,0,0.0,1.0
-8.9,-13.2,71.0,9.0,22.750000000000004,100.76,2012,1,4,17,2,0,-0.9659258262890683,-0.25881904510252063
16.3,14.8,91.0,20.0,22.750000000000004,101.17,2012,9,15,0,5,1,0.0,1.0
19.0,10.4,57.0,32.0,26.349999999999998,100.97,2012,9,25,14,1,0,-0.4999999999999997,-0.8660254037844388
12.3,5.3,62.0,13.0,25.0,101.96,2012,6,14,3,3,0,0.7071067811865476,0.7071067811865476
22.4,16.7,70.0,4.0,25.0,100.91,2012,8,9,2,3,0,0.49999999999999994,0.8660254037844387
20.6,9.9,50.0,20.0,24.1,99.49,2012,10,30,16,1,0,-0.8660254037844385,-0.5000000000000004
12.8,11.0,89.0,9.0,24.1,100.97,2012,8,19,5,6,1,0.9659258262890683,0.25881904510252074
-4.5,-13.0,51.0,30.0,25.0,101.42,2012,2,29,20,2,0,-0.8660254037844386,0.5000000000000001
7.7,0.4,60.0,20.0,26.349999999999998,99.3,2012,4,24,18,1,0,-1.0,-1.8369701987210297e-16
1.3,-4.7,64.0,24.0,24.1,100.92,2012,2,10,13,4,0,-0.2588190451025208,-0.9659258262890683
-9.9,-14.6,68.0,35.0,25.0,101.93,2012,12,16,6,6,1,1.0,6.123233995736766e-17
15.7,12.0,79.0,26.0,24.1,99.5,2012,10,30,8,1,0,0.8660254037844387,-0.4999999999999998
25.5,16.5,58.0,24.0,24.1,101.23,2012,5,24,18,3,0,-1.0,-1.8369701987210297e-16
21.8,19.2,85.0,4.0,25.0,100.52,2012,7,31,23,1,0,-0.25881904510252157,0.9659258262890681
14.2,10.0,76.0,17.0,24.1,101.33,2012,9,28,16,4,0,-0.8660254037844385,-0.5000000000000004
0.1,-5.3,67.0,24.0,26.349999999999998,100.83,2012,2,18,10,5,1,0.49999999999999994,-0.8660254037844387
3.6,-2.7,63.0,15.0,24.1,101.17,2012,2,16,17,3,0,-0.9659258262890683,-0.25881904510252063
26.5,13.9,46.0,6.0,26.349999999999998,101.8,2012,8,24,12,4,0,1.2246467991473532e-16,-1.0
12.5,4.4,58.0,7.0,25.0,101.13,2012,5,31,22,3,0,-0.5000000000000004,0.8660254037844384
-4.4,-6.9,83.0,6.0,22.750000000000004,100.09,2012,1,7,14,5,1,-0.4999999999999997,-0.8660254037844388
-10.3,-14.9,69.0,0.0,25.0,101.93,2012,2,4,22,5,1,-0.5000000000000004,0.8660254037844384
0.4,-5.9,63.0,20.0,25.0,101.1,2012,2,9,19,3,0,-0.9659258262890684,0.2588190451025203
25.0,15.4,55.0,32.0,26.349999999999998,100.79,2012,8,30,12,3,0,1.2246467991473532e-16,-1.0
-9.0,-12.2,78.0,24.0,25.0,101.37,2012,12,28,18,4,0,-1.0,-1.8369701987210297e-16
-7.4,-8.9,89.0,24.0,22.750000000000004,100.83,2012,2,11,1,5,1,0.25881904510252074,0.9659258262890683
24.6,15.2,56.0,0.0,26.349999999999998,101.46,2012,5,24,10,3,0,0.49999999999999994,-0.8660254037844387
1.9,-0.2,86.0,36.5,22.750000000000004,99.74,2012,4,23,5,0,0,0.9659258262890683,0.25881904510252074
-12.4,-17.4,66.0,19.0,25.0,100.26,2012,3,5,0,0,0,0.0,1.0
1.8,-5.0,61.0,30.0,24.1,99.6,2012,11,24,12,5,1,1.2246467991473532e-16,-1.0
21.1,11.8,55.0,9.0,26.349999999999998,101.65,2012,9,3,9,0,0,0.7071067811865476,-0.7071067811865475
27.1,17.0,54.0,7.0,26.349999999999998,101.94,2012,8,25,11,5,1,0.258819045102521,-0.9659258262890682
4.3,1.6,83.0,17.0,25.0,99.37,2012,4,10,3,1,0,0.7071067811865476,0.7071067811865476
-0.7,-6.0,67.0,9.0,25.0,102.68,2012,11,13,20,1,0,-0.8660254037844386,0.5000000000000001
16.3,12.2,77.0,17.0,25.0,100.78,2012,6,7,23,3,0,-0.25881904510252157,0.9659258262890681
0.5,-5.2,66.0,13.0,25.0,100.23,2012,2,23,21,3,0,-0.7071067811865477,0.7071067811865474
13.8,6.0,59.0,17.0,25.0,100.95,2012,10,18,21,3,0,-0.7071067811865477,0.7071067811865474
23.1,16.9,68.0,13.0,24.1,101.36,2012,8,27,7,0,0,0.9659258262890683,-0.25881904510252063
18.0,7.4,50.0,20.0,26.349999999999998,101.13,2012,8,29,8,2,0,0.8660254037844387,-0.4999999999999998
15.4,12.1,81.0,11.0,25.0,100.97,2012,8,30,2,3,0,0.49999999999999994,0.8660254037844387
19.1,12.6,66.0,9.0,25.0,101.05,2012,9,1,2,5,1,0.49999999999999994,0.8660254037844387
1.3,0.1,92.0,17.0,22.750000000000004,100.5,2012,2,17,2,4,0,0.49999999999999994,0.8660254037844387
-13.7,-15.2,88.0,4.0,22.750000000000004,102.53,2012,12,26,8,2,0,0.8660254037844387,-0.4999999999999998
16.4,4.5,45.0,26.0,26.349999999999998,101.09,2012,9,24,16,0,0,-0.8660254037844385,-0.5000000000000004
0.8,-7.7,53.0,17.0,25.0,101.29,2012,11,5,3,0,0,0.7071067811865476,0.7071067811865476
-0.7,-3.3,83.0,9.0,25.0,101.83,2012,11,21,3,2,0,0.7071067811865476,0.7071067811865476
28.3,21.0,65.0,17.0,22.750000000000004,99.72,2012,7,17,12,1,0,1.2246467991473532e-16,-1.0
-8.8,-12.7,73.0,7.0,25.0,101.68,2012,2,20,3,0,0,0.7071067811865476,0.7071067811865476
23.9,10.1,42.0,13.0,26.349999999999998,101.18,2012,7,10,19,1,0,-0.9659258262890684,0.2588190451025203
20.6,8.5,46.0,20.0,26.349999999999998,100.81,2012,7,8,9,6,1,0.7071067811865476,-0.7071067811865475
19.5,12.1,62.0,6.0,25.0,100.83,2012,8,19,20,6,1,-0.8660254037844386,0.5000000000000001
-2.9,-9.6,60.0,35.0,26.349999999999998,100.28,2012,11,25,11,6,1,0.258819045102521,-0.9659258262890682
-8.9,-12.6,75.0,11.0,22.750000000000004,100.69,2012,1,4,18,2,0,-1.0,-1.8369701987210297e-16
18.6,17.7,95.0,15.0,25.0,100.39,2012,9,5,3,2,0,0.7071067811865476,0.7071067811865476
-6.8,-13.4,59.0,11.0,25.0,102.56,2012,2,28,20,1,0,-0.8660254037844386,0.5000000000000001
11.7,4.0,59.0,11.0,24.1,100.87,2012,10,17,17,2,0,-0.9659258262890683,-0.25881904510252063
-5.2,-7.9,81.0,20.0,24.1,101.01,2012,2,27,17,0,0,-0.9659258262890683,-0.25881904510252063
-5.4,-6.4,93.0,4.0,22.750000000000004,102.48,2012,11,16,6,4,0,1.0,6.123233995736766e-17
24.6,18.9,71.0,11.0,25.0,100.58,2012,6,21,3,3,0,0.7071067811865476,0.7071067811865476
14.1,9.3,73.0,17.0,25.0,100.89,2012,9,26,2,2,0,0.49999999999999994,0.8660254037844387
5.7,3.4,85.0,13.0,25.0,100.2,2012,4,21,4,5,1,0.8660254037844386,0.5000000000000001
17.5,9.1,58.0,0.0,25.0,101.33,2012,5,27,22,6,1,-0.5000000000000004,0.8660254037844384
18.2,15.3,83.0,17.0,24.1,100.85,2012,5,15,17,1,0,-0.9659258262890683,-0.25881904510252063
-5.0,-17.7,36.0,19.0,25.0,101.96,2012,3,27,1,1,0,0.25881904510252074,0.9659258262890683
23.7,10.4,43.0,17.0,26.349999999999998,101.19,2012,8,21,12,1,0,1.2246467991473532e-16,-1.0
-1.6,-3.0,90.0,36.5,22.750000000000004,99.015,2012,12,22,6,5,1,1.0,6.123233995736766e-17
21.5,18.1,81.0,11.0,25.0,100.88,2012,5,25,22,4,0,-0.5000000000000004,0.8660254037844384
-8.9,-13.4,70.0,13.0,25.0,102.16,2012,12,25,18,1,0,-1.0,-1.8369701987210297e-16
20.4,11.9,58.0,15.0,24.1,101.52,2012,3,22,11,3,0,0.258819045102521,-0.9659258262890682
10.2,7.3,82.0,22.0,24.1,99.5,2012,5,10,6,3,0,1.0,6.123233995736766e-17
23.3,14.6,58.0,13.0,25.0,101.28,2012,8,22,20,2,0,-0.8660254037844386,0.5000000000000001
8.7,1.2,59.0,24.0,26.349999999999998,101.2,2012,10,11,11,3,0,0.258819045102521,-0.9659258262890682
29.8,17.7,48.0,9.0,25.0,101.22,2012,7,14,20,5,1,-0.8660254037844386,0.5000000000000001
1.4,-2.5,75.0,19.0,22.750000000000004,100.23,2012,1,10,2,1,0,0.49999999999999994,0.8660254037844387
-15.2,-20.6,63.0,24.0,25.0,100.6,2012,1,14,6,5,1,1.0,6.123233995736766e-17
-5.2,-6.4,91.0,36.5,22.750000000000004,100.62,2012,12,27,11,3,0,0.258819045102521,-0.9659258262890682
16.1,15.0,93.0,9.0,24.1,100.32,2012,9,22,15,5,1,-0.7071067811865471,-0.7071067811865479
-5.1,-10.7,65.0,22.0,26.349999999999998,100.46,2012,1,5,14,3,0,-0.4999999999999997,-0.8660254037844388
1.5,0.2,91.0,7.0,22.750000000000004,101.89,2012,2,15,19,2,0,-0.9659258262890684,0.2588190451025203
0.3,-2.7,80.0,19.0,25.0,100.72,2012,1,28,5,5,1,0.9659258262890683,0.25881904510252074
23.6,17.4,68.0,19.0,24.1,100.94,2012,8,9,13,3,0,-0.2588190451025208,-0.9659258262890683
-4.9,-7.3,83.0,33.0,22.750000000000004,99.88,2012,1,12,16,3,0,-0.8660254037844385,-0.5000000000000004
2.8,-1.1,75.0,20.0,24.1,101.24,2012,4,22,8,6,1,0.8660254037844387,-0.4999999999999998
12.7,6.4,65.0,7.0,25.0,101.54,2012,5,13,22,6,1,-0.5000000000000004,0.8660254037844384
14.9,11.5,80.0,19.0,24.1,100.14,2012,10,1,13,0,0,-0.2588190451025208,-0.9659258262890683
7.3,-4.6,43.0,11.0,26.349999999999998,102.13,2012,4,18,12,2,0,1.2246467991473532e-16,-1.0
19.0,15.5,80.0,17.0,24.1,101.45,2012,5,25,5,4,0,0.9659258262890683,0.25881904510252074
13.9,10.5,80.0,6.0,22.750000000000004,101.71,2012,3,19,9,0,0,0.7071067811865476,-0.7071067811865475
17.6,7.3,51.0,15.0,26.349999999999998,101.56,2012,9,20,12,3,0,1.2246467991473532e-16,-1.0
-13.8,-15.3,88.0,4.0,22.750000000000004,101.25,2012,12,29,6,5,1,1.0,6.123233995736766e-17
6.6,3.0,78.0,22.0,25.0,99.94,2012,10,16,4,1,0,0.8660254037844386,0.5000000000000001
1.2,-2.5,76.0,11.0,25.0,100.79,2012,11,23,4,4,0,0.8660254037844386,0.5000000000000001
23.7,17.8,70.0,7.0,24.1,100.73,2012,8,15,12,2,0,1.2246467991473532e-16,-1.0
-3.9,-9.0,68.0,11.0,25.0,102.33,2012,12,6,4,3,0,0.8660254037844386,0.5000000000000001
10.1,2.8,60.0,11.0,26.349999999999998,101.34,2012,6,1,4,4,0,0.8660254037844386,0.5000000000000001
-13.7,-19.9,59.0,7.0,24.1,101.07,2012,2,14,7,1,0,0.9659258262890683,-0.25881904510252063
3.2,-2.4,67.0,13.0,24.1,100.7,2012,3,29,10,3,0,0.49999999999999994,-0.8660254037844387
12.8,9.4,80.0,7.0,24.1,100.98,2012,7,9,5,0,0,0.9659258262890683,0.25881904510252074
20.3,15.4,73.0,28.0,24.1,100.55,2012,10,5,16,4,0,-0.8660254037844385,-0.5000000000000004
28.6,20.0,60.0,11.0,24.1,100.39,2012,7,16,15,0,0,-0.7071067811865471,-0.7071067811865479
-3.1,-7.2,73.0,7.0,25.0,102.36,2012,3,11,0,6,1,0.0,1.0
4.0,-11.6,31.0,6.0,26.349999999999998,103.135,2012,11,18,13,6,1,-0.2588190451025208,-0.9659258262890683
-0.2,-1.3,92.0,17.0,22.750000000000004,102.26,2012,3,15,4,3,0,0.8660254037844386,0.5000000000000001
2.3,-2.6,70.0,26.0,25.0,99.18,2012,1,2,6,0,0,1.0,6.123233995736766e-17
3.1,-1.9,70.0,33.0,24.1,100.7,2012,1,24,11,1,0,0.258819045102521,-0.9659258262890682
24.4,8.8,37.0,4.0,26.349999999999998,101.49,2012,9,2,12,6,1,1.2246467991473532e-16,-1.0
20.2,14.5,70.0,9.0,26.349999999999998,101.64,2012,6,11,8,0,0,0.8660254037844387,-0.4999999999999998
-0.8,-3.3,83.0,22.0,24.1,101.33,2012,11,29,14,3,0,-0.4999999999999997,-0.8660254037844388
23.4,12.3,50.0,15.0,24.1,100.21,2012,5,16,13,2,0,-0.2588190451025208,-0.9659258262890683
-8.5,-13.8,66.0,15.0,25.0,102.42,2012,12,15,4,5,1,0.8660254037844386,0.5000000000000001
0.4,-6.2,61.0,11.0,25.0,103.12,2012,11,14,23,2,0,-0.25881904510252157,0.9659258262890681
12.0,2.4,52.0,0.0,26.349999999999998,100.88,2012,10,17,14,2,0,-0.4999999999999997,-0.8660254037844388
1.3,-0.2,90.0,11.0,22.750000000000004,99.74,2012,3,28,19,2,0,-0.9659258262890684,0.2588190451025203
2.4,-0.4,82.0,28.0,25.0,101.88,2012,3,15,19,3,0,-0.9659258262890684,0.2588190451025203
13.0,4.6,57.0,15.0,26.349999999999998,101.91,2012,5,18,8,4,0,0.8660254037844387,-0.4999999999999998
-8.3,-12.3,73.0,20.0,22.750000000000004,101.29,2012,1,31,13,1,0,-0.2588190451025208,-0.9659258262890683
20.7,19.0,90.0,20.0,22.750000000000004,100.65,2012,8,10,16,4,0,-0.8660254037844385,-0.5000000000000004
-7.9,-11.3,77.0,15.0,25.0,101.68,2012,12,11,20,1,0,-0.8660254037844386,0.5000000000000001
5.2,-3.0,55.0,36.5,26.349999999999998,99.015,2012,3,3,12,5,1,1.2246467991473532e-16,-1.0
19.3,13.4,69.0,17.0,26.349999999999998,101.16,2012,6,18,7,0,0,0.9659258262890683,-0.25881904510252063
15.2,6.2,55.0,11.0,25.0,101.79,2012,6,13,23,2,0,-0.25881904510252157,0.9659258262890681
-5.9,-8.3,83.0,15.0,22.750000000000004,101.22,2012,3,2,10,4,0,0.49999999999999994,-0.8660254037844387
2.2,-9.7,41.0,6.0,25.0,102.12,2012,4,30,1,0,0,0.25881904510252074,0.9659258262890683
21.3,8.2,43.0,13.0,26.349999999999998,100.9,2012,6,6,16,2,0,-0.8660254037844385,-0.5000000000000004
6.7,5.6,93.0,7.0,25.0,101.44,2012,9,16,3,6,1,0.7071067811865476,0.7071067811865476
19.6,12.9,65.0,11.0,26.349999999999998,100.79,2012,7,25,9,2,0,0.7071067811865476,-0.7071067811865475
1.2,-4.5,66.0,6.0,25.0,101.56,2012,4,13,4,4,0,0.8660254037844386,0.5000000000000001
10.0,5.4,73.0,36.5,25.0,99.71,2012,11,23,20,4,0,-0.8660254037844386,0.5000000000000001
12.6,9.4,81.0,17.0,25.0,100.28,2012,9,9,3,6,1,0.7071067811865476,0.7071067811865476
4.6,0.4,74.0,26.0,24.1,99.56,2012,2,22,11,2,0,0.258819045102521,-0.9659258262890682
9.7,1.5,57.0,15.0,25.0,102.03,2012,10,8,19,0,0,-0.9659258262890684,0.2588190451025203
27.8,16.4,50.0,20.0,26.349999999999998,100.37,2012,7,7,13,5,1,-0.2588190451025208,-0.9659258262890683
27.4,19.0,60.0,13.0,24.1,100.38,2012,8,1,17,2,0,-0.9659258262890683,-0.25881904510252063
-10.0,-14.0,72.0,19.0,24.1,102.27,2012,12,26,14,2,0,-0.4999999999999997,-0.8660254037844388
3.7,-4.4,55.0,4.0,25.0,101.0,2012,4,8,4,6,1,0.8660254037844386,0.5000000000000001
23.7,19.2,76.0,15.0,24.1,100.79,2012,8,14,13,1,0,-0.2588190451025208,-0.9659258262890683
2.7,-9.3,41.0,9.0,24.1,103.135,2012,11,18,16,6,1,-0.8660254037844385,-0.5000000000000004
-6.0,-8.7,81.0,33.0,22.750000000000004,99.62,2012,12,22,18,5,1,-1.0,-1.8369701987210297e-16
6.3,-11.4,27.0,15.0,25.0,101.93,2012,4,29,20,6,1,-0.8660254037844386,0.5000000000000001
0.2,-7.8,55.0,20.0,25.0,101.47,2012,4,27,22,4,0,-0.5000000000000004,0.8660254037844384
0.0,-6.8,60.0,20.0,24.1,102.01,2012,11,7,10,2,0,0.49999999999999994,-0.8660254037844387
27.4,20.4,66.0,13.0,24.1,100.54,2012,7,16,11,0,0,0.258819045102521,-0.9659258262890682
-5.5,-8.2,81.0,26.0,22.750000000000004,100.47,2012,1,27,2,4,0,0.49999999999999994,0.8660254037844387
-3.0,-5.0,86.0,6.0,22.750000000000004,100.41,2012,1,7,19,5,1,-0.9659258262890684,0.2588190451025203
12.2,5.7,64.0,6.0,26.349999999999998,101.02,2012,10,18,8,3,0,0.8660254037844387,-0.4999999999999998
21.9,11.1,50.0,9.0,26.349999999999998,100.94,2012,7,3,9,1,0,0.7071067811865476,-0.7071067811865475
18.6,12.1,66.0,9.0,25.0,101.39,2012,8,22,4,2,0,0.8660254037844386,0.5000000000000001
6.5,5.6,94.0,6.0,25.0,101.46,2012,9,16,2,6,1,0.49999999999999994,0.8660254037844387
18.1,5.9,45.0,17.0,26.349999999999998,101.89,2012,5,18,11,4,0,0.258819045102521,-0.9659258262890682
-4.7,-12.5,54.0,15.0,24.1,102.24,2012,2,29,11,2,0,0.258819045102521,-0.9659258262890682
-5.5,-9.7,72.0,24.0,22.750000000000004,100.97,2012,3,1,0,3,0,0.0,1.0
-9.7,-13.9,71.0,4.0,25.0,102.46,2012,2,29,2,2,0,0.49999999999999994,0.8660254037844387
1.7,0.3,90.0,20.0,22.750000000000004,100.58,2012,12,17,21,0,0,-0.7071067811865477,0.7071067811865474
10.6,1.3,53.0,0.0,22.750000000000004,102.09,2012,3,20,9,1,0,0.7071067811865476,-0.7071067811865475
0.2,-5.5,65.0,22.0,25.0,101.13,2012,2,9,21,3,0,-0.7071067811865477,0.7071067811865474
-8.5,-16.6,52.0,9.0,25.0,102.72,2012,2,26,21,6,1,-0.7071067811865477,0.7071067811865474
9.8,-1.8,44.0,17.0,26.349999999999998,101.69,2012,4,13,10,4,0,0.49999999999999994,-0.8660254037844387
-10.1,-14.3,71.0,0.0,25.0,101.89,2012,2,4,23,5,1,-0.25881904510252157,0.9659258262890681
21.5,16.6,74.0,13.0,25.0,101.02,2012,7,31,2,1,0,0.49999999999999994,0.8660254037844387
15.2,9.8,70.0,36.5,24.1,100.04,2012,10,29,16,0,0,-0.8660254037844385,-0.5000000000000004
9.2,-11.8,21.0,28.0,26.349999999999998,101.66,2012,4,29,16,6,1,-0.8660254037844385,-0.5000000000000004
19.3,11.2,59.0,9.0,25.0,101.63,2012,5,21,1,0,0,0.25881904510252074,0.9659258262890683
2.0,-2.9,70.0,33.0,25.0,99.14,2012,1,2,7,0,0,0.9659258262890683,-0.25881904510252063
15.1,4.7,50.0,9.0,26.349999999999998,101.93,2012,9,27,15,3,0,-0.7071067811865471,-0.7071067811865479
8.9,-5.7,35.0,24.0,26.349999999999998,100.65,2012,4,5,16,3,0,-0.8660254037844385,-0.5000000000000004
-2.5,-21.7,21.0,0.0,26.349999999999998,102.48,2012,3,27,10,1,0,0.49999999999999994,-0.8660254037844387
14.6,4.5,51.0,13.0,26.349999999999998,101.43,2012,5,12,9,5,1,0.7071067811865476,-0.7071067811865475
-7.0,-12.1,67.0,4.0,25.0,101.95,2012,1,26,1,3,0,0.25881904510252074,0.9659258262890683
-3.2,-5.0,87.0,7.0,25.0,101.92,2012,11,28,5,2,0,0.9659258262890683,0.25881904510252074
2.8,0.3,84.0,36.5,22.750000000000004,99.4,2012,4,23,8,0,0,0.8660254037844387,-0.4999999999999998
18.8,16.5,86.0,9.0,24.1,99.68,2012,6,29,4,4,0,0.8660254037844386,0.5000000000000001
16.4,13.1,81.0,32.0,26.349999999999998,100.25,2012,9,22,8,5,1,0.8660254037844387,-0.4999999999999998
21.3,17.6,79.0,11.0,25.0,100.37,2012,7,18,1,2,0,0.25881904510252074,0.9659258262890683
-6.0,-11.8,63.0,13.0,25.0,101.63,2012,2,2,6,3,0,1.0,6.123233995736766e-17
-5.7,-6.7,93.0,36.5,22.750000000000004,100.67,2012,12,27,9,3,0,0.7071067811865476,-0.7071067811865475
20.3,9.3,49.0,7.0,26.349999999999998,100.89,2012,6,6,15,2,0,-0.7071067811865471,-0.7071067811865479
11.3,9.9,91.0,4.0,22.750000000000004,102.1,2012,3,21,7,2,0,0.9659258262890683,-0.25881904510252063
11.3,3.6,59.0,7.0,25.0,101.24,2012,6,1,1,4,0,0.25881904510252074,0.9659258262890683
11.6,9.5,87.0,26.0,22.750000000000004,100.45,2012,5,8,8,1,0,0.8660254037844387,-0.4999999999999998
0.6,-0.1,95.0,13.0,22.750000000000004,101.38,2012,12,19,21,2,0,-0.7071067811865477,0.7071067811865474
27.3,18.6,59.0,13.0,24.1,100.46,2012,8,1,15,2,0,-0.7071067811865471,-0.7071067811865479
10.2,1.8,56.0,15.0,26.349999999999998,101.45,2012,5,17,7,3,0,0.9659258262890683,-0.25881904510252063
6.5,4.5,87.0,7.0,22.750000000000004,100.61,2012,3,13,14,1,0,-0.4999999999999997,-0.8660254037844388
19.0,17.7,92.0,9.0,22.750000000000004,100.69,2012,8,10,6,4,0,1.0,6.123233995736766e-17
5.1,0.6,73.0,0.0,25.0,101.61,2012,5,7,4,0,0,0.8660254037844386,0.5000000000000001
17.8,13.2,74.0,13.0,25.0,100.57,2012,6,24,23,6,1,-0.25881904510252157,0.9659258262890681
-1.9,-4.0,86.0,9.0,25.0,101.67,2012,12,2,6,6,1,1.0,6.123233995736766e-17
0.2,-7.5,56.0,17.0,24.1,100.65,2012,1,29,15,6,1,-0.7071067811865471,-0.7071067811865479
11.4,1.9,52.0,6.0,26.349999999999998,100.9,2012,10,17,13,2,0,-0.2588190451025208,-0.9659258262890683
8.0,-3.2,45.0,26.0,24.1,99.75,2012,4,4,15,2,0,-0.7071067811865471,-0.7071067811865479
24.1,16.0,61.0,19.0,24.1,100.43,2012,7,7,10,5,1,0.49999999999999994,-0.8660254037844387
0.4,-2.5,81.0,11.0,25.0,101.98,2012,12,13,20,3,0,-0.8660254037844386,0.5000000000000001
24.2,9.9,40.0,4.0,26.349999999999998,101.37,2012,7,20,15,4,0,-0.7071067811865471,-0.7071067811865479
1.0,0.8,99.0,4.0,22.750000000000004,101.65,2012,3,14,12,2,0,1.2246467991473532e-16,-1.0
4.1,2.4,89.0,19.0,25.0,99.53,2012,11,2,7,4,0,0.9659258262890683,-0.25881904510252063
23.0,12.2,51.0,19.0,26.349999999999998,101.07,2012,8,6,16,0,0,-0.8660254037844385,-0.5000000000000004
-5.2,-7.8,82.0,19.0,22.750000000000004,101.11,2012,3,2,2,4,0,0.49999999999999994,0.8660254037844387
1.2,0.3,94.0,22.0,22.750000000000004,99.48,2012,12,18,17,1,0,-0.9659258262890683,-0.25881904510252063
27.0,10.7,36.0,19.0,26.349999999999998,101.11,2012,7,10,14,1,0,-0.4999999999999997,-0.8660254037844388
0.5,-3.2,76.0,6.0,26.349999999999998,100.62,2012,4,1,6,6,1,1.0,6.123233995736766e-17
12.5,9.8,84.0,7.0,22.750000000000004,100.48,2012,6,2,10,5,1,0.49999999999999994,-0.8660254037844387
9.9,7.0,82.0,22.0,25.0,100.95,2012,10,29,0,0,0,0.0,1.0
-2.9,-9.8,59.0,13.0,26.349999999999998,101.39,2012,2,19,18,6,1,-1.0,-1.8369701987210297e-16
-6.1,-10.3,72.0,11.0,25.0,101.07,2012,1,30,3,0,0,0.7071067811865476,0.7071067811865476
1.9,-1.8,76.0,22.0,24.1,99.6,2012,2,23,15,3,0,-0.7071067811865471,-0.7071067811865479
5.7,0.4,69.0,4.0,26.349999999999998,101.6,2012,5,7,5,0,0,0.9659258262890683,0.25881904510252074
11.7,4.0,59.0,20.0,24.1,100.08,2012,3,8,12,3,0,1.2246467991473532e-16,-1.0
-19.9,-26.0,58.0,13.0,25.0,101.74,2012,1,14,22,5,1,-0.5000000000000004,0.8660254037844384
4.3,-4.9,51.0,36.5,26.349999999999998,99.015,2012,3,3,17,5,1,-0.9659258262890683,-0.25881904510252063
13.1,8.3,73.0,7.0,25.0,101.68,2012,5,19,2,5,1,0.49999999999999994,0.8660254037844387
6.5,-5.5,42.0,36.5,26.349999999999998,99.015,2012,3,3,14,5,1,-0.4999999999999997,-0.8660254037844388
31.1,15.2,38.0,9.0,26.349999999999998,101.75,2012,8,25,15,5,1,-0.7071067811865471,-0.7071067811865479
0.0,-4.3,73.0,22.0,25.0,101.15,2012,2,10,2,4,0,0.49999999999999994,0.8660254037844387
18.2,13.3,73.0,20.0,24.1,101.14,2012,6,18,6,0,0,1.0,6.123233995736766e-17
-5.4,-11.5,62.0,13.0,25.0,102.14,2012,1,25,19,2,0,-0.9659258262890684,0.2588190451025203
3.0,-1.5,72.0,4.0,25.0,102.42,2012,11,19,17,0,0,-0.9659258262890683,-0.25881904510252063
-11.5,-15.4,73.0,9.0,22.750000000000004,102.97,2012,1,22,12,6,1,1.2246467991473532e-16,-1.0
4.2,-2.5,62.0,13.0,24.1,100.72,2012,3,29,13,3,0,-0.2588190451025208,-0.9659258262890683
16.3,12.9,80.0,9.0,24.1,101.23,2012,5,15,6,1,0,1.0,6.123233995736766e-17
-14.3,-20.8,58.0,15.0,24.1,101.81,2012,1,11,9,2,0,0.7071067811865476,-0.7071067811865475
15.1,0.4,37.0,20.0,26.349999999999998,101.5,2012,5,17,18,3,0,-1.0,-1.8369701987210297e-16
8.7,5.2,79.0,7.0,25.0,101.38,2012,9,23,21,6,1,-0.7071067811865477,0.7071067811865474
-5.4,-7.1,88.0,35.0,22.750000000000004,99.24,2012,12,22,15,5,1,-0.7071067811865471,-0.7071067811865479
3.7,1.3,84.0,11.0,25.0,101.94,2012,12,3,22,0,0,-0.5000000000000004,0.8660254037844384
10.4,7.4,82.0,15.0,25.0,101.19,2012,10,28,1,6,1,0.25881904510252074,0.9659258262890683
-11.9,-13.6,87.0,11.0,25.0,101.31,2012,12,29,1,5,1,0.25881904510252074,0.9659258262890683
-2.2,-5.5,78.0,11.0,25.0,101.3,2012,12,7,5,4,0,0.9659258262890683,0.25881904510252074
6.6,1.6,70.0,24.0,24.1,101.07,2012,4,20,10,4,0,0.49999999999999994,-0.8660254037844387
6.1,-1.1,60.0,19.0,26.349999999999998,102.52,2012,10,13,10,5,1,0.49999999999999994,-0.8660254037844387
20.4,18.6,89.0,20.0,22.750000000000004,100.87,2012,8,9,18,3,0,-1.0,-1.8369701987210297e-16
-2.1,-6.7,71.0,28.0,25.0,101.06,2012,2,5,22,6,1,-0.5000000000000004,0.8660254037844384
9.6,7.4,86.0,20.0,25.0,100.76,2012,10,29,5,0,0,0.9659258262890683,0.25881904510252074
19.4,10.1,55.0,26.0,24.1,100.68,2012,4,15,14,6,1,-0.4999999999999997,-0.8660254037844388
22.8,18.6,77.0,20.0,24.1,100.49,2012,8,31,12,4,0,1.2246467991473532e-16,-1.0
-17.5,-21.3,72.0,4.0,25.0,102.64,2012,1,22,1,6,1,0.25881904510252074,0.9659258262890683
-12.7,-14.4,87.0,4.0,25.0,102.45,2012,12,26,2,2,0,0.49999999999999994,0.8660254037844387
0.8,-4.4,68.0,19.0,24.1,101.45,2012,11,8,9,3,0,0.7071067811865476,-0.7071067811865475
29.7,16.7,46.0,13.0,26.349999999999998,101.92,2012,8,26,13,6,1,-0.2588190451025208,-0.9659258262890683
2.0,-6.3,54.0,20.0,26.349999999999998,101.02,2012,2,9,17,3,0,-0.9659258262890683,-0.25881904510252063
22.3,15.2,64.0,9.0,25.0,101.55,2012,8,4,1,5,1,0.25881904510252074,0.9659258262890683
-13.5,-16.1,81.0,0.0,24.1,101.97,2012,2,5,9,6,1,0.7071067811865476,-0.7071067811865475
-17.4,-24.4,54.0,13.0,25.0,101.36,2012,1,14,17,5,1,-0.9659258262890683,-0.25881904510252063
4.1,1.6,84.0,13.0,25.0,101.35,2012,12,3,4,0,0,0.8660254037844386,0.5000000000000001
1.3,-4.1,67.0,6.0,26.349999999999998,101.6,2012,4,13,5,4,0,0.9659258262890683,0.25881904510252074
24.2,16.1,61.0,15.0,26.349999999999998,101.56,2012,7,12,9,3,0,0.7071067811865476,-0.7071067811865475
-1.6,-11.9,45.0,22.0,26.349999999999998,101.37,2012,2,8,16,2,0,-0.8660254037844385,-0.5000000000000004
8.8,4.2,73.0,28.0,25.0,100.82,2012,10,7,0,6,1,0.0,1.0
17.5,13.3,76.0,15.0,26.349999999999998,101.06,2012,8,19,8,6,1,0.8660254037844387,-0.4999999999999998
-17.4,-24.5,54.0,6.0,25.0,102.37,2012,1,20,23,4,0,-0.25881904510252157,0.9659258262890681
-1.5,-3.2,88.0,6.0,22.750000000000004,101.27,2012,1,1,3,6,1,0.7071067811865476,0.7071067811865476
13.3,9.9,80.0,20.0,22.750000000000004,100.33,2012,10,10,12,2,0,1.2246467991473532e-16,-1.0
1.5,-9.3,44.0,9.0,26.349999999999998,101.46,2012,4,7,6,5,1,1.0,6.123233995736766e-17
9.3,5.8,79.0,9.0,26.349999999999998,101.81,2012,9,28,8,4,0,0.8660254037844387,-0.4999999999999998
9.2,4.6,73.0,4.0,25.0,101.98,2012,9,27,23,3,0,-0.25881904510252157,0.9659258262890681
-12.2,-14.8,81.0,24.0,22.750000000000004,101.0,2012,2,11,6,5,1,1.0,6.123233995736766e-17
-13.2,-17.1,72.0,13.0,25.0,102.1,2012,1,23,2,0,0,0.49999999999999994,0.8660254037844387
-5.0,-6.5,89.0,9.0,25.0,101.07,2012,12,28,7,4,0,0.9659258262890683,-0.25881904510252063
22.2,15.5,66.0,9.0,24.1,101.61,2012,9,14,9,4,0,0.7071067811865476,-0.7071067811865475
6.8,-2.1,53.0,22.0,25.0,101.16,2012,3,7,21,2,0,-0.7071067811865477,0.7071067811865474
17.1,8.4,57.0,9.0,25.0,100.85,2012,7,8,23,6,1,-0.25881904510252157,0.9659258262890681
11.6,5.9,68.0,20.0,25.0,100.04,2012,10,20,19,5,1,-0.9659258262890684,0.2588190451025203
5.9,4.8,93.0,11.0,22.750000000000004,101.23,2012,12,4,9,1,0,0.7071067811865476,-0.7071067811865475
19.8,12.6,63.0,17.0,25.0,101.15,2012,5,14,20,0,0,-0.8660254037844386,0.5000000000000001
2.3,-3.1,67.0,33.0,25.0,99.18,2012,3,3,23,5,1,-0.25881904510252157,0.9659258262890681
16.7,3.6,42.0,19.0,26.349999999999998,101.25,2012,9,16,15,6,1,-0.7071067811865471,-0.7071067811865479
21.4,12.8,58.0,6.0,24.1,101.38,2012,3,22,15,3,0,-0.7071067811865471,-0.7071067811865479
8.7,-3.5,42.0,33.0,24.1,99.71,2012,4,4,13,2,0,-0.2588190451025208,-0.9659258262890683
-16.3,-23.8,52.0,24.0,25.0,101.64,2012,1,3,18,1,0,-1.0,-1.8369701987210297e-16
8.3,4.9,79.0,28.0,25.0,100.49,2012,9,19,4,2,0,0.8660254037844386,0.5000000000000001
17.1,-1.8,27.0,26.0,26.349999999999998,100.76,2012,5,11,15,4,0,-0.7071067811865471,-0.7071067811865479
-10.1,-14.4,71.0,17.0,24.1,101.59,2012,1,31,9,1,0,0.7071067811865476,-0.7071067811865475
13.3,5.7,60.0,20.0,25.0,100.66,2012,5,16,22,2,0,-0.5000000000000004,0.8660254037844384
3.7,3.3,97.0,0.0,22.750000000000004,102.07,2012,3,16,23,4,0,-0.25881904510252157,0.9659258262890681
3.2,-4.5,57.0,11.0,26.349999999999998,100.53,2012,4,1,8,6,1,0.8660254037844387,-0.4999999999999998
6.1,-8.7,34.0,9.0,26.349999999999998,101.68,2012,3,24,14,5,1,-0.4999999999999997,-0.8660254037844388
11.7,7.9,77.0,7.0,22.750000000000004,101.6,2012,10,26,9,4,0,0.7071067811865476,-0.7071067811865475
8.7,-1.4,49.0,9.0,26.349999999999998,101.51,2012,4,12,10,3,0,0.49999999999999994,-0.8660254037844387
5.5,-0.1,67.0,4.0,24.1,102.0,2012,3,20,7,1,0,0.9659258262890683,-0.25881904510252063
23.5,11.7,47.0,9.0,26.349999999999998,101.63,2012,9,3,10,0,0,0.49999999999999994,-0.8660254037844387
9.6,7.0,84.0,24.0,25.0,100.79,2012,10,29,3,0,0,0.7071067811865476,0.7071067811865476
18.8,10.8,60.0,28.0,24.1,100.09,2012,6,25,15,0,0,-0.7071067811865471,-0.7071067811865479
-4.3,-6.5,85.0,13.0,25.0,101.98,2012,11,7,5,2,0,0.9659258262890683,0.25881904510252074
4.9,-5.1,48.0,24.0,24.1,102.33,2012,11,13,16,1,0,-0.8660254037844385,-0.5000000000000004
-11.5,-15.7,71.0,7.0,25.0,100.98,2012,1,16,23,0,0,-0.25881904510252157,0.9659258262890681
20.2,9.5,50.0,6.0,26.349999999999998,101.45,2012,6,10,8,6,1,0.8660254037844387,-0.4999999999999998
6.7,2.9,77.0,20.0,24.1,99.77,2012,4,10,16,1,0,-0.8660254037844385,-0.5000000000000004
-18.5,-25.6,54.0,9.0,25.0,102.37,2012,1,20,21,4,0,-0.7071067811865477,0.7071067811865474
14.6,14.5,99.0,0.0,22.750000000000004,101.12,2012,10,4,18,3,0,-1.0,-1.8369701987210297e-16
-17.9,-24.1,58.0,11.0,25.0,101.86,2012,1,4,1,2,0,0.25881904510252074,0.9659258262890683
23.2,10.9,46.0,7.0,24.1,100.42,2012,6,22,20,4,0,-0.8660254037844386,0.5000000000000001
-1.9,-4.6,82.0,15.0,24.1,101.91,2012,12,20,8,3,0,0.8660254037844387,-0.4999999999999998
10.7,9.6,93.0,15.0,22.750000000000004,101.02,2012,9,30,1,6,1,0.25881904510252074,0.9659258262890683
13.5,4.0,53.0,28.0,26.349999999999998,101.0,2012,9,23,11,6,1,0.258819045102521,-0.9659258262890682
1.1,-7.4,53.0,26.0,24.1,101.97,2012,11,7,11,2,0,0.258819045102521,-0.9659258262890682
16.0,15.5,97.0,4.0,22.750000000000004,101.18,2012,10,4,16,3,0,-0.8660254037844385,-0.5000000000000004
15.9,10.0,68.0,11.0,24.1,100.02,2012,5,30,5,2,0,0.9659258262890683,0.25881904510252074
13.9,9.8,76.0,15.0,25.0,100.93,2012,9,9,23,6,1,-0.25881904510252157,0.9659258262890681
13.5,12.7,95.0,9.0,25.0,100.74,2012,10,2,0,1,0,0.0,1.0
28.8,18.4,53.0,19.0,24.1,100.64,2012,7,31,15,1,0,-0.7071067811865471,-0.7071067811865479
-1.1,-6.0,69.0,7.0,25.0,101.73,2012,12,6,23,3,0,-0.25881904510252157,0.9659258262890681
21.8,9.3,45.0,17.0,26.349999999999998,101.42,2012,6,13,16,2,0,-0.8660254037844385,-0.5000000000000004
20.7,14.7,68.0,15.0,24.1,101.56,2012,7,13,5,4,0,0.9659258262890683,0.25881904510252074
-18.5,-24.1,61.0,11.0,25.0,101.74,2012,1,4,6,2,0,1.0,6.123233995736766e-17
19.1,18.0,93.0,9.0,25.0,100.58,2012,8,15,3,2,0,0.7071067811865476,0.7071067811865476
19.3,15.8,80.0,13.0,25.0,100.26,2012,4,16,21,0,0,-0.7071067811865477,0.7071067811865474
17.5,10.3,63.0,11.0,25.0,101.06,2012,7,18,22,2,0,-0.5000000000000004,0.8660254037844384
-1.2,-4.6,78.0,22.0,24.1,101.4,2012,11,29,15,3,0,-0.7071067811865471,-0.7071067811865479
4.8,2.6,86.0,17.0,22.750000000000004,100.84,2012,4,21,17,5,1,-0.9659258262890683,-0.25881904510252063
30.9,14.5,37.0,13.0,26.349999999999998,101.33,2012,7,13,18,4,0,-1.0,-1.8369701987210297e-16
16.7,10.5,67.0,4.0,25.0,100.84,2012,7,3,1,1,0,0.25881904510252074,0.9659258262890683
21.5,20.4,93.0,19.0,22.750000000000004,99.87,2012,7,17,8,1,0,0.8660254037844387,-0.4999999999999998
2.3,-9.7,41.0,11.0,25.0,101.55,2012,4,28,21,5,1,-0.7071067811865477,0.7071067811865474
-10.7,-14.3,75.0,4.0,25.0,101.81,2012,2,20,6,0,0,1.0,6.123233995736766e-17
16.4,9.7,65.0,13.0,25.0,101.68,2012,3,21,21,2,0,-0.7071067811865477,0.7071067811865474
16.6,8.3,58.0,9.0,25.0,101.21,2012,5,28,3,0,0,0.7071067811865476,0.7071067811865476
1.9,-2.5,73.0,9.0,25.0,101.84,2012,11,20,21,1,0,-0.7071067811865477,0.7071067811865474
1.4,0.3,92.0,36.5,25.0,99.015,2012,12,21,18,4,0,-1.0,-1.8369701987210297e-16
18.2,16.1,88.0,9.0,22.750000000000004,100.92,2012,5,22,6,1,0,1.0,6.123233995736766e-17
-6.1,-9.0,80.0,4.0,24.1,102.21,2012,12,12,9,2,0,0.7071067811865476,-0.7071067811865475
2.0,0.6,90.0,19.0,22.750000000000004,100.61,2012,12,17,18,0,0,-1.0,-1.8369701987210297e-16
3.3,-3.3,62.0,30.0,24.1,100.46,2012,2,6,15,0,0,-0.7071067811865471,-0.7071067811865479
-2.1,-9.7,56.0,20.0,25.0,102.1,2012,12,6,0,3,0,0.0,1.0
-3.1,-11.5,52.0,20.0,24.1,101.81,2012,2,29,15,2,0,-0.7071067811865471,-0.7071067811865479
11.9,8.7,81.0,19.0,25.0,101.18,2012,5,2,23,2,0,-0.25881904510252157,0.9659258262890681
14.1,11.1,82.0,17.0,22.750000000000004,101.26,2012,10,27,12,5,1,1.2246467991473532e-16,-1.0
-8.0,-11.5,76.0,20.0,22.750000000000004,101.2,2012,1,31,16,1,0,-0.8660254037844385,-0.5000000000000004
4.3,3.0,91.0,6.0,25.0,101.71,2012,3,18,2,6,1,0.49999999999999994,0.8660254037844387
9.0,1.1,58.0,13.0,25.0,101.54,2012,3,12,18,0,0,-1.0,-1.8369701987210297e-16
-0.4,-5.5,68.0,28.0,25.0,99.85,2012,11,24,18,5,1,-1.0,-1.8369701987210297e-16
10.9,3.6,61.0,9.0,24.1,101.6,2012,10,23,17,1,0,-0.9659258262890683,-0.25881904510252063
25.6,18.4,64.0,11.0,22.750000000000004,99.75,2012,5,29,14,1,0,-0.4999999999999997,-0.8660254037844388
22.4,17.8,75.0,22.0,22.750000000000004,100.88,2012,8,13,10,0,0,0.49999999999999994,-0.8660254037844387
8.0,5.2,82.0,9.0,25.0,101.85,2012,3,23,5,4,0,0.9659258262890683,0.25881904510252074
10.2,7.3,82.0,20.0,25.0,100.7,2012,9,23,5,6,1,0.9659258262890683,0.25881904510252074
21.8,12.7,56.0,11.0,26.349999999999998,101.7,2012,5,21,7,0,0,0.9659258262890683,-0.25881904510252063
17.7,12.8,73.0,11.0,25.0,101.13,2012,9,1,3,5,1,0.7071067811865476,0.7071067811865476
1.0,0.0,93.0,32.0,22.750000000000004,99.24,2012,12,21,10,4,0,0.49999999999999994,-0.8660254037844387
1.3,-2.4,76.0,17.0,26.349999999999998,101.34,2012,11,9,9,4,0,0.7071067811865476,-0.7071067811865475
10.6,-0.7,45.0,7.0,25.0,101.98,2012,10,8,18,0,0,-1.0,-1.8369701987210297e-16
9.5,2.6,62.0,9.0,25.0,101.29,2012,6,1,3,4,0,0.7071067811865476,0.7071067811865476
25.7,20.8,74.0,9.0,24.1,100.56,2012,7,16,9,0,0,0.7071067811865476,-0.7071067811865475
6.9,4.5,85.0,11.0,24.1,101.71,2012,10,23,8,1,0,0.8660254037844387,-0.4999999999999998
7.3,-0.2,59.0,17.0,25.0,100.61,2012,4,25,20,2,0,-0.8660254037844386,0.5000000000000001
3.4,-7.0,46.0,7.0,25.0,102.53,2012,11,10,18,5,1,-1.0,-1.8369701987210297e-16
17.3,13.7,79.0,6.0,26.349999999999998,101.47,2012,6,17,5,6,1,0.9659258262890683,0.25881904510252074
22.8,16.7,68.0,19.0,26.349999999999998,100.99,2012,8,7,9,1,0,0.7071067811865476,-0.7071067811865475
9.5,1.4,57.0,20.0,24.1,100.82,2012,4,11,16,2,0,-0.8660254037844385,-0.5000000000000004
7.8,2.6,70.0,26.0,24.1,100.59,2012,4,20,17,4,0,-0.9659258262890683,-0.25881904510252063
13.2,5.6,60.0,33.0,26.349999999999998,100.97,2012,9,23,10,6,1,0.49999999999999994,-0.8660254037844387
15.0,13.3,90.0,11.0,25.0,101.18,2012,10,2,19,1,0,-0.9659258262890684,0.2588190451025203
13.9,12.0,88.0,6.0,25.0,100.66,2012,5,16,1,2,0,0.25881904510252074,0.9659258262890683
19.5,17.0,85.0,17.0,25.0,100.74,2012,8,10,0,4,0,0.0,1.0
-4.8,-7.5,81.0,22.0,25.0,99.22,2012,1,13,2,4,0,0.49999999999999994,0.8660254037844387
-3.2,-5.3,85.0,6.0,22.750000000000004,100.33,2012,1,7,18,5,1,-1.0,-1.8369701987210297e-16
13.6,-6.8,24.0,19.0,26.349999999999998,101.25,2012,4,13,19,4,0,-0.9659258262890684,0.2588190451025203
12.8,2.8,51.0,11.0,24.1,101.71,2012,10,25,13,3,0,-0.2588190451025208,-0.9659258262890683
-17.8,-23.9,59.0,20.0,24.1,101.14,2012,1,14,11,5,1,0.258819045102521,-0.9659258262890682
-5.0,-10.6,65.0,11.0,24.1,101.81,2012,11,29,7,3,0,0.9659258262890683,-0.25881904510252063
-5.4,-13.4,53.0,11.0,25.0,102.81,2012,3,6,19,1,0,-0.9659258262890684,0.2588190451025203
20.3,17.1,82.0,15.0,22.750000000000004,100.25,2012,7,4,5,2,0,0.9659258262890683,0.25881904510252074
24.1,18.0,69.0,17.0,24.1,100.6,2012,8,1,11,2,0,0.258819045102521,-0.9659258262890682
7.7,7.3,97.0,19.0,22.750000000000004,100.67,2012,10,14,17,6,1,-0.9659258262890683,-0.25881904510252063
5.5,5.0,97.0,17.0,22.750000000000004,100.65,2012,12,2,17,6,1,-0.9659258262890683,-0.25881904510252063
13.7,8.7,72.0,32.0,25.0,99.7,2012,10,15,18,0,0,-1.0,-1.8369701987210297e-16
-15.3,-22.8,53.0,0.0,25.0,102.27,2012,1,21,2,5,1,0.49999999999999994,0.8660254037844387
10.4,6.0,74.0,26.0,24.1,100.27,2012,10,21,9,6,1,0.7071067811865476,-0.7071067811865475
4.4,-7.4,42.0,22.0,25.0,100.89,2012,4,5,22,3,0,-0.5000000000000004,0.8660254037844384
-4.2,-5.9,88.0,32.0,22.750000000000004,100.47,2012,12,27,17,3,0,-0.9659258262890683,-0.25881904510252063
7.7,-3.7,44.0,28.0,26.349999999999998,102.46,2012,10,13,11,5,1,0.258819045102521,-0.9659258262890682
13.9,7.9,67.0,19.0,24.1,101.67,2012,3,19,18,0,0,-1.0,-1.8369701987210297e-16
15.8,14.3,91.0,7.0,25.0,100.72,2012,9,7,5,4,0,0.9659258262890683,0.25881904510252074
21.9,8.0,41.0,15.0,26.349999999999998,101.2,2012,7,19,18,3,0,-1.0,-1.8369701987210297e-16
0.7,0.1,96.0,11.0,22.750000000000004,101.32,2012,12,19,20,2,0,-0.8660254037844386,0.5000000000000001
12.2,10.3,88.0,15.0,22.750000000000004,100.28,2012,5,8,16,1,0,-0.8660254037844385,-0.5000000000000004
-7.1,-14.6,55.0,20.0,26.349999999999998,102.73,2012,3,10,7,5,1,0.9659258262890683,-0.25881904510252063
-9.0,-11.7,81.0,9.0,25.0,100.68,2012,12,23,22,6,1,-0.5000000000000004,0.8660254037844384
-8.8,-14.4,64.0,6.0,25.0,101.97,2012,2,4,20,5,1,-0.8660254037844386,0.5000000000000001
-13.0,-20.2,55.0,6.0,25.0,102.24,2012,1,21,18,5,1,-1.0,-1.8369701987210297e-16
2.5,-3.9,63.0,13.0,25.0,102.28,2012,10,12,19,4,0,-0.9659258262890684,0.2588190451025203
2.7,-3.2,65.0,32.0,24.1,100.4,2012,4,27,9,4,0,0.7071067811865476,-0.7071067811865475
0.7,-8.8,49.0,13.0,25.0,101.3,2012,3,31,3,5,1,0.7071067811865476,0.7071067811865476
11.1,4.9,66.0,11.0,25.0,100.9,2012,10,17,23,2,0,-0.25881904510252157,0.9659258262890681
17.1,4.6,44.0,11.0,26.349999999999998,101.47,2012,6,1,9,4,0,0.7071067811865476,-0.7071067811865475
-0.2,-8.2,55.0,19.0,25.0,101.51,2012,4,28,1,5,1,0.25881904510252074,0.9659258262890683
-7.1,-9.7,82.0,9.0,22.750000000000004,100.31,2012,1,5,7,3,0,0.9659258262890683,-0.25881904510252063
9.9,6.1,77.0,13.0,25.0,101.48,2012,9,15,21,5,1,-0.7071067811865477,0.7071067811865474
14.5,-2.7,30.0,13.0,26.349999999999998,100.95,2012,4,14,18,5,1,-1.0,-1.8369701987210297e-16
4.8,-6.4,44.0,7.0,24.1,103.135,2012,11,14,12,2,0,1.2246467991473532e-16,-1.0
9.5,6.2,80.0,15.0,24.1,99.73,2012,5,10,19,3,0,-0.9659258262890684,0.2588190451025203
23.2,18.6,75.0,15.0,26.349999999999998,100.61,2012,8,12,18,6,1,-1.0,-1.8369701987210297e-16
2.5,-5.5,56.0,11.0,25.0,102.54,2012,11,13,18,1,0,-1.0,-1.8369701987210297e-16
11.0,-0.4,45.0,17.0,24.1,100.08,2012,4,26,14,3,0,-0.4999999999999997,-0.8660254037844388
3.1,1.3,88.0,20.0,25.0,101.56,2012,12,4,4,1,0,0.8660254037844386,0.5000000000000001
7.4,0.4,61.0,6.0,25.0,101.33,2012,10,7,20,6,1,-0.8660254037844386,0.5000000000000001
14.9,9.0,68.0,9.0,25.0,101.06,2012,6,7,0,3,0,0.0,1.0
-13.0,-16.6,74.0,9.0,25.0,102.96,2012,11,30,6,4,0,1.0,6.123233995736766e-17
24.8,16.5,60.0,9.0,24.1,100.38,2012,9,6,18,3,0,-1.0,-1.8369701987210297e-16
-3.6,-6.1,83.0,4.0,25.0,103.135,2012,11,14,6,2,0,1.0,6.123233995736766e-17
4.4,-8.9,37.0,13.0,25.0,101.88,2012,3,24,4,5,1,0.8660254037844386,0.5000000000000001
-0.3,-4.9,71.0,22.0,25.0,100.74,2012,2,18,4,5,1,0.8660254037844386,0.5000000000000001
19.3,11.8,62.0,7.0,26.349999999999998,101.12,2012,8,21,8,1,0,0.8660254037844387,-0.4999999999999998
15.2,11.3,78.0,11.0,24.1,100.12,2012,6,25,20,0,0,-0.8660254037844386,0.5000000000000001
6.2,2.9,79.0,7.0,25.0,101.52,2012,10,8,1,0,0,0.25881904510252074,0.9659258262890683
12.7,-4.5,30.0,9.0,24.1,101.73,2012,4,30,17,0,0,-0.9659258262890683,-0.25881904510252063
0.3,-7.7,55.0,17.0,25.0,101.5,2012,4,27,23,4,0,-0.25881904510252157,0.9659258262890681
1.0,-3.5,72.0,20.0,22.750000000000004,99.75,2012,2,24,13,4,0,-0.2588190451025208,-0.9659258262890683
22.0,11.5,51.0,17.0,25.0,99.67,2012,6,30,2,5,1,0.49999999999999994,0.8660254037844387
8.4,6.3,87.0,9.0,25.0,101.58,2012,9,11,1,1,0,0.25881904510252074,0.9659258262890683
23.2,13.7,55.0,13.0,25.0,101.03,2012,6,17,23,6,1,-0.25881904510252157,0.9659258262890681
7.5,4.4,81.0,28.0,25.0,99.3,2012,11,1,18,3,0,-1.0,-1.8369701987210297e-16
11.7,8.7,82.0,17.0,22.750000000000004,100.96,2012,10,19,5,4,0,0.9659258262890683,0.25881904510252074
8.6,-1.1,50.0,7.0,26.349999999999998,101.18,2012,4,19,8,3,0,0.8660254037844387,-0.4999999999999998
3.7,-0.3,75.0,7.0,25.0,100.63,2012,10,16,20,1,0,-0.8660254037844386,0.5000000000000001
10.3,7.5,83.0,0.0,25.0,101.7,2012,3,23,1,4,0,0.25881904510252074,0.9659258262890683
10.1,2.1,58.0,0.0,25.0,101.64,2012,5,17,22,3,0,-0.5000000000000004,0.8660254037844384
13.0,12.1,94.0,15.0,22.750000000000004,100.55,2012,10,19,14,4,0,-0.4999999999999997,-0.8660254037844388
24.2,10.0,41.0,30.0,26.349999999999998,100.61,2012,8,28,14,1,0,-0.4999999999999997,-0.8660254037844388
21.6,17.8,79.0,15.0,24.1,100.8,2012,8,12,8,6,1,0.8660254037844387,-0.4999999999999998
21.2,8.5,44.0,9.0,25.0,101.52,2012,9,2,20,6,1,-0.8660254037844386,0.5000000000000001
1.5,-0.5,87.0,17.0,25.0,101.47,2012,12,9,3,6,1,0.7071067811865476,0.7071067811865476
15.1,8.6,65.0,13.0,26.349999999999998,101.95,2012,9,11,9,1,0,0.7071067811865476,-0.7071067811865475
20.6,12.9,61.0,6.0,25.0,101.49,2012,7,12,2,3,0,0.49999999999999994,0.8660254037844387
24.3,17.2,65.0,0.0,24.1,100.67,2012,8,14,19,1,0,-0.9659258262890684,0.2588190451025203
17.6,13.7,78.0,9.0,26.349999999999998,100.25,2012,6,28,5,3,0,0.9659258262890683,0.25881904510252074
13.5,9.5,77.0,4.0,25.0,101.47,2012,9,2,2,6,1,0.49999999999999994,0.8660254037844387
18.7,13.9,74.0,17.0,24.1,100.16,2012,6,25,8,0,0,0.8660254037844387,-0.4999999999999998
23.2,7.0,35.0,13.0,26.349999999999998,101.57,2012,9,1,12,5,1,1.2246467991473532e-16,-1.0
5.1,2.6,84.0,20.0,25.0,99.42,2012,11,2,1,4,0,0.25881904510252074,0.9659258262890683
1.6,0.1,90.0,0.0,25.0,100.34,2012,4,11,4,2,0,0.8660254037844386,0.5000000000000001
0.7,-1.4,86.0,17.0,22.750000000000004,99.34,2012,1,27,9,4,0,0.7071067811865476,-0.7071067811865475
-18.7,-23.2,68.0,0.0,25.0,103.01,2012,1,16,6,0,0,1.0,6.123233995736766e-17
8.4,4.4,76.0,17.0,25.0,100.9,2012,10,7,1,6,1,0.25881904510252074,0.9659258262890683
4.4,-7.2,43.0,9.0,25.0,100.85,2012,3,31,20,5,1,-0.8660254037844386,0.5000000000000001
24.9,12.8,47.0,22.0,24.1,100.44,2012,4,16,10,0,0,0.49999999999999994,-0.8660254037844387
3.9,-3.3,59.0,11.0,26.349999999999998,101.11,2012,12,7,15,4,0,-0.7071067811865471,-0.7071067811865479
21.7,9.4,45.0,11.0,24.1,100.66,2012,6,7,20,3,0,-0.8660254037844386,0.5000000000000001
0.6,-3.1,76.0,6.0,24.1,103.135,2012,11,14,9,2,0,0.7071067811865476,-0.7071067811865475
11.7,4.5,61.0,9.0,26.349999999999998,101.58,2012,9,16,8,6,1,0.8660254037844387,-0.4999999999999998
24.2,18.5,71.0,13.0,24.1,100.75,2012,8,14,14,1,0,-0.4999999999999997,-0.8660254037844388
21.2,18.9,87.0,9.0,24.1,100.65,2012,8,1,8,2,0,0.8660254037844387,-0.4999999999999998
6.4,0.0,64.0,22.0,26.349999999999998,101.2,2012,4,22,16,6,1,-0.8660254037844385,-0.5000000000000004
-4.7,-12.8,53.0,28.0,24.1,101.54,2012,2,29,18,2,0,-1.0,-1.8369701987210297e-16
-6.6,-12.9,61.0,20.0,26.349999999999998,102.04,2012,1,8,15,6,1,-0.7071067811865471,-0.7071067811865479
4.0,3.7,98.0,7.0,22.750000000000004,101.93,2012,3,16,21,4,0,-0.7071067811865477,0.7071067811865474
0.3,-4.6,70.0,15.0,24.1,102.84,2012,11,15,10,3,0,0.49999999999999994,-0.8660254037844387
19.4,18.3,93.0,11.0,25.0,99.76,2012,7,24,1,1,0,0.25881904510252074,0.9659258262890683
10.0,-5.5,33.0,7.0,26.349999999999998,101.7,2012,4,18,18,2,0,-1.0,-1.8369701987210297e-16
23.5,6.7,34.0,7.0,26.349999999999998,101.47,2012,9,1,14,5,1,-0.4999999999999997,-0.8660254037844388
13.8,12.0,89.0,11.0,22.750000000000004,100.56,2012,5,16,6,2,0,1.0,6.123233995736766e-17
-4.3,-7.1,81.0,0.0,22.750000000000004,100.61,2012,2,1,17,2,0,-0.9659258262890683,-0.25881904510252063
5.7,3.3,85.0,30.0,25.0,101.76,2012,11,13,6,1,0,1.0,6.123233995736766e-17
-7.1,-14.1,57.0,9.0,26.349999999999998,101.41,2012,1,16,16,0,0,-0.8660254037844385,-0.5000000000000004
1.2,-0.3,90.0,11.0,25.0,101.05,2012,4,22,4,6,1,0.8660254037844386,0.5000000000000001
6.2,-7.8,36.0,17.0,26.349999999999998,100.65,2012,4,2,12,0,0,1.2246467991473532e-16,-1.0
-5.7,-13.8,53.0,15.0,25.0,101.15,2012,1,10,19,1,0,-0.9659258262890684,0.2588190451025203
2.2,1.5,95.0,17.0,22.750000000000004,100.83,2012,12,8,11,5,1,0.258819045102521,-0.9659258262890682
5.4,-11.0,29.0,19.0,25.0,102.01,2012,4,29,21,6,1,-0.7071067811865477,0.7071067811865474
3.7,-4.5,55.0,19.0,25.0,100.2,2012,4,4,22,2,0,-0.5000000000000004,0.8660254037844384
7.0,3.6,79.0,32.0,25.0,101.07,2012,10,11,20,3,0,-0.8660254037844386,0.5000000000000001
11.7,-3.9,33.0,20.0,26.349999999999998,100.11,2012,4,8,13,6,1,-0.2588190451025208,-0.9659258262890683
11.9,6.8,71.0,9.0,25.0,100.31,2012,5,29,1,1,0,0.25881904510252074,0.9659258262890683
-7.9,-15.5,54.0,22.0,25.0,100.09,2012,3,4,19,6,1,-0.9659258262890684,0.2588190451025203
20.5,17.2,81.0,7.0,25.0,100.73,2012,7,6,0,4,0,0.0,1.0
6.7,4.8,88.0,24.0,25.0,99.33,2012,11,1,20,3,0,-0.8660254037844386,0.5000000000000001
21.5,18.3,82.0,13.0,24.1,100.75,2012,8,15,10,2,0,0.49999999999999994,-0.8660254037844387
-7.9,-14.5,59.0,22.0,25.0,100.37,2012,2,13,6,0,0,1.0,6.123233995736766e-17
6.4,4.4,87.0,0.0,25.0,101.34,2012,10,22,23,0,0,-0.25881904510252157,0.9659258262890681
3.1,-2.6,66.0,13.0,25.0,100.62,2012,2,6,19,0,0,-0.9659258262890684,0.2588190451025203
13.4,11.1,86.0,22.0,24.1,101.25,2012,9,15,6,5,1,1.0,6.123233995736766e-17
0.7,-1.0,88.0,7.0,22.750000000000004,101.02,2012,3,14,0,2,0,0.0,1.0
0.8,-0.6,90.0,24.0,22.750000000000004,101.35,2012,11,28,18,2,0,-1.0,-1.8369701987210297e-16
7.6,5.8,88.0,6.0,22.750000000000004,99.61,2012,4,26,22,3,0,-0.5000000000000004,0.8660254037844384
-4.6,-5.9,91.0,13.0,22.750000000000004,101.01,2012,12,28,3,4,0,0.7071067811865476,0.7071067811865476
-4.8,-9.5,70.0,26.0,25.0,100.27,2012,11,25,7,6,1,0.9659258262890683,-0.25881904510252063
-11.3,-15.6,70.0,32.0,26.349999999999998,101.05,2012,12,30,15,6,1,-0.7071067811865471,-0.7071067811865479
6.6,-0.2,62.0,20.0,25.0,99.54,2012,4,24,21,1,0,-0.7071067811865477,0.7071067811865474
15.2,8.8,66.0,17.0,24.1,102.18,2012,6,16,6,5,1,1.0,6.123233995736766e-17
1.5,0.2,91.0,7.0,22.750000000000004,101.91,2012,2,15,20,2,0,-0.8660254037844386,0.5000000000000001
6.9,-0.5,59.0,15.0,25.0,101.85,2012,10,25,4,3,0,0.8660254037844386,0.5000000000000001
18.8,9.9,56.0,11.0,25.0,101.46,2012,9,1,20,5,1,-0.8660254037844386,0.5000000000000001
21.5,7.7,41.0,22.0,26.349999999999998,100.76,2012,8,28,17,1,0,-0.9659258262890683,-0.25881904510252063
4.2,-0.5,71.0,26.0,24.1,100.85,2012,12,5,8,2,0,0.8660254037844387,-0.4999999999999998
7.4,-10.5,27.0,24.0,26.349999999999998,101.62,2012,4,29,12,6,1,1.2246467991473532e-16,-1.0
22.5,16.6,69.0,4.0,26.349999999999998,101.11,2012,8,8,9,2,0,0.7071067811865476,-0.7071067811865475
3.2,-8.8,41.0,19.0,24.1,101.93,2012,3,24,6,5,1,1.0,6.123233995736766e-17
2.5,-5.9,54.0,9.0,25.0,103.135,2012,11,14,19,2,0,-0.9659258262890684,0.2588190451025203
21.7,19.3,86.0,19.0,22.750000000000004,100.64,2012,8,10,14,4,0,-0.4999999999999997,-0.8660254037844388
11.5,8.3,81.0,19.0,24.1,100.92,2012,12,4,12,1,0,1.2246467991473532e-16,-1.0
31.8,20.8,52.0,15.0,24.1,100.36,2012,6,21,12,3,0,1.2246467991473532e-16,-1.0
21.8,14.2,62.0,17.0,24.1,101.06,2012,9,17,12,0,0,1.2246467991473532e-16,-1.0
-2.8,-7.9,68.0,7.0,26.349999999999998,102.11,2012,12,6,16,3,0,-0.8660254037844385,-0.5000000000000004
-4.3,-10.4,62.0,13.0,25.0,100.72,2012,11,26,5,0,0,0.9659258262890683,0.25881904510252074
15.8,7.2,57.0,22.0,24.1,100.73,2012,6,4,15,0,0,-0.7071067811865471,-0.7071067811865479
16.0,6.6,54.0,22.0,24.1,100.71,2012,6,4,16,0,0,-0.8660254037844385,-0.5000000000000004
-8.5,-12.1,75.0,20.0,22.750000000000004,100.52,2012,12,23,7,6,1,0.9659258262890683,-0.25881904510252063
23.3,17.2,69.0,19.0,26.349999999999998,101.26,2012,7,22,8,6,1,0.8660254037844387,-0.4999999999999998
7.3,3.7,78.0,24.0,25.0,100.19,2012,3,26,0,0,0,0.0,1.0
22.6,12.5,53.0,0.0,22.750000000000004,101.6,2012,5,26,11,5,1,0.258819045102521,-0.9659258262890682
0.2,-11.4,41.0,30.0,26.349999999999998,101.28,2012,3,26,12,0,0,1.2246467991473532e-16,-1.0
6.6,6.3,98.0,13.0,22.750000000000004,100.94,2012,10,14,13,6,1,-0.2588190451025208,-0.9659258262890683
20.2,12.3,60.0,15.0,24.1,102.01,2012,3,21,11,2,0,0.258819045102521,-0.9659258262890682
5.1,4.1,93.0,11.0,25.0,101.69,2012,9,27,4,3,0,0.8660254037844386,0.5000000000000001
11.4,8.7,83.0,17.0,25.0,101.18,2012,5,3,2,3,0,0.49999999999999994,0.8660254037844387
14.1,10.0,76.0,36.5,25.0,99.33,2012,10,29,23,0,0,-0.25881904510252157,0.9659258262890681
6.6,-5.3,42.0,22.0,24.1,100.73,2012,4,5,13,3,0,-0.2588190451025208,-0.9659258262890683
18.3,14.5,79.0,13.0,24.1,100.62,2012,7,5,6,3,0,1.0,6.123233995736766e-17
19.1,12.9,67.0,15.0,25.0,101.76,2012,9,11,21,1,0,-0.7071067811865477,0.7071067811865474
27.1,15.9,50.0,13.0,24.1,101.37,2012,5,24,13,3,0,-0.2588190451025208,-0.9659258262890683
9.8,-2.7,41.0,28.0,26.349999999999998,101.18,2012,10,11,16,3,0,-0.8660254037844385,-0.5000000000000004
13.8,12.9,94.0,19.0,22.750000000000004,100.13,2012,10,19,20,4,0,-0.8660254037844386,0.5000000000000001
25.9,15.6,53.0,15.0,26.349999999999998,100.73,2012,7,2,12,0,0,1.2246467991473532e-16,-1.0
-7.6,-13.1,65.0,15.0,26.349999999999998,101.45,2012,12,24,13,0,0,-0.2588190451025208,-0.9659258262890683
22.9,17.7,73.0,6.0,25.0,101.02,2012,7,30,23,0,0,-0.25881904510252157,0.9659258262890681
4.3,-2.8,60.0,13.0,25.0,101.21,2012,4,12,3,3,0,0.7071067811865476,0.7071067811865476
17.0,11.0,68.0,20.0,24.1,100.73,2012,4,15,17,6,1,-0.9659258262890683,-0.25881904510252063
3.7,-11.1,33.0,22.0,26.349999999999998,101.86,2012,3,24,11,5,1,0.258819045102521,-0.9659258262890682
-10.0,-12.0,85.0,20.0,22.750000000000004,100.19,2012,12,29,23,5,1,-0.25881904510252157,0.9659258262890681
26.5,15.5,51.0,28.0,26.349999999999998,101.36,2012,8,23,12,3,0,1.2246467991473532e-16,-1.0
12.4,10.9,91.0,4.0,22.750000000000004,100.26,2012,5,8,23,1,0,-0.25881904510252157,0.9659258262890681
7.3,-11.7,24.0,13.0,25.0,101.21,2012,4,6,19,4,0,-0.9659258262890684,0.2588190451025203
-12.4,-20.4,51.0,11.0,25.0,102.15,2012,2,8,3,2,0,0.7071067811865476,0.7071067811865476
13.4,9.2,76.0,11.0,24.1,99.95,2012,10,20,17,5,1,-0.9659258262890683,-0.25881904510252063
-15.2,-22.1,56.0,30.0,24.1,101.88,2012,1,20,12,4,0,1.2246467991473532e-16,-1.0
12.6,7.9,73.0,30.0,25.0,99.76,2012,10,15,20,0,0,-0.8660254037844386,0.5000000000000001
9.9,6.8,81.0,19.0,25.0,100.14,2012,10,21,1,6,1,0.25881904510252074,0.9659258262890683
25.8,22.0,80.0,4.0,24.1,99.69,2012,7,17,15,1,0,-0.7071067811865471,-0.7071067811865479
12.1,6.3,68.0,15.0,25.0,101.06,2012,9,24,20,0,0,-0.8660254037844386,0.5000000000000001
19.6,11.4,59.0,17.0,24.1,101.57,2012,3,22,10,3,0,0.49999999999999994,-0.8660254037844387
-1.4,-7.0,66.0,11.0,26.349999999999998,101.72,2012,2,21,10,1,0,0.49999999999999994,-0.8660254037844387
14.6,10.5,76.0,19.0,24.1,101.44,2012,9,15,8,5,1,0.8660254037844387,-0.4999999999999998
-15.8,-23.7,51.0,30.0,24.1,101.96,2012,1,20,13,4,0,-0.2588190451025208,-0.9659258262890683
-14.8,-21.1,59.0,9.0,25.0,102.61,2012,3,6,3,1,0,0.7071067811865476,0.7071067811865476
-2.1,-8.2,63.0,19.0,25.0,99.63,2012,3,4,3,6,1,0.7071067811865476,0.7071067811865476
-6.8,-10.5,75.0,33.0,22.750000000000004,100.54,2012,1,12,9,3,0,0.7071067811865476,-0.7071067811865475
7.4,-0.6,57.0,7.0,22.750000000000004,101.89,2012,11,21,13,2,0,-0.2588190451025208,-0.9659258262890683
3.3,-0.8,74.0,6.0,24.1,101.81,2012,11,22,9,3,0,0.7071067811865476,-0.7071067811865475
-3.2,-5.1,87.0,32.0,22.750000000000004,99.015,2012,1,13,20,4,0,-0.8660254037844386,0.5000000000000001
9.0,-11.5,22.0,30.0,26.349999999999998,101.72,2012,4,29,17,6,1,-0.9659258262890683,-0.25881904510252063
7.5,5.3,86.0,0.0,26.349999999999998,101.91,2012,9,27,7,3,0,0.9659258262890683,-0.25881904510252063
0.9,0.0,94.0,30.0,22.750000000000004,99.015,2012,12,21,11,4,0,0.258819045102521,-0.9659258262890682
8.8,0.3,55.0,11.0,26.349999999999998,100.6,2012,4,26,10,3,0,0.49999999999999994,-0.8660254037844387
8.6,3.3,69.0,0.0,25.0,101.7,2012,10,23,19,1,0,-0.9659258262890684,0.2588190451025203
21.8,14.8,64.0,15.0,26.349999999999998,101.18,2012,7,22,5,6,1,0.9659258262890683,0.25881904510252074
2.0,-1.9,75.0,7.0,25.0,101.17,2012,12,8,2,5,1,0.49999999999999994,0.8660254037844387
-2.5,-4.5,86.0,36.5,22.750000000000004,99.015,2012,12,22,8,5,1,0.8660254037844387,-0.4999999999999998
18.4,8.4,52.0,19.0,26.349999999999998,101.89,2012,9,11,11,1,0,0.258819045102521,-0.9659258262890682
8.7,6.6,87.0,20.0,25.0,99.7,2012,11,23,19,4,0,-0.9659258262890684,0.2588190451025203
-5.9,-9.6,75.0,17.0,25.0,102.49,2012,12,1,21,5,1,-0.7071067811865477,0.7071067811865474
-6.1,-7.0,93.0,11.0,22.750000000000004,102.61,2012,12,13,3,3,0,0.7071067811865476,0.7071067811865476
28.2,18.1,54.0,19.0,26.349999999999998,101.16,2012,6,11,18,0,0,-1.0,-1.8369701987210297e-16
19.8,10.1,54.0,32.0,26.349999999999998,100.68,2012,4,15,13,6,1,-0.2588190451025208,-0.9659258262890683
11.6,11.2,97.0,13.0,22.750000000000004,99.79,2012,9,30,22,6,1,-0.5000000000000004,0.8660254037844384
-1.1,-3.4,84.0,6.0,24.1,101.79,2012,11,28,9,2,0,0.7071067811865476,-0.7071067811865475
19.3,11.8,62.0,9.0,26.349999999999998,101.22,2012,7,10,7,1,0,0.9659258262890683,-0.25881904510252063
23.8,11.7,47.0,20.0,26.349999999999998,100.15,2012,7,24,16,1,0,-0.8660254037844385,-0.5000000000000004
21.7,13.4,59.0,15.0,25.0,101.04,2012,6,18,0,0,0,0.0,1.0
22.3,12.7,55.0,4.0,24.1,101.1,2012,5,23,17,2,0,-0.9659258262890683,-0.25881904510252063
-4.9,-10.1,67.0,9.0,25.0,100.52,2012,11,26,0,0,0,0.0,1.0
-7.6,-11.2,75.0,35.0,22.750000000000004,99.51,2012,1,13,23,4,0,-0.25881904510252157,0.9659258262890681
-13.9,-20.9,55.0,11.0,22.750000000000004,101.89,2012,1,11,10,2,0,0.49999999999999994,-0.8660254037844387
-8.4,-10.7,83.0,17.0,25.0,100.85,2012,12,24,1,0,0,0.25881904510252074,0.9659258262890683
9.3,-2.6,43.0,28.0,26.349999999999998,99.75,2012,4,4,11,2,0,0.258819045102521,-0.9659258262890682
7.0,6.6,97.0,15.0,22.750000000000004,100.77,2012,10,14,15,6,1,-0.7071067811865471,-0.7071067811865479
1.0,-6.4,58.0,9.0,24.1,101.55,2012,11,28,12,2,0,1.2246467991473532e-16,-1.0
2.5,-5.1,57.0,30.0,24.1,100.92,2012,4,27,15,4,0,-0.7071067811865471,-0.7071067811865479
19.7,4.4,36.0,0.0,26.349999999999998,101.76,2012,5,27,12,6,1,1.2246467991473532e-16,-1.0
20.0,12.7,63.0,11.0,25.0,100.62,2012,7,8,2,6,1,0.49999999999999994,0.8660254037844387
-2.7,-6.5,75.0,7.0,22.750000000000004,102.14,2012,12,12,12,2,0,1.2246467991473532e-16,-1.0
-22.8,-28.0,62.0,9.0,25.0,102.37,2012,1,15,7,6,1,0.9659258262890683,-0.25881904510252063
-11.0,-14.2,77.0,13.0,24.1,101.87,2012,12,25,9,1,0,0.7071067811865476,-0.7071067811865475
19.7,19.0,96.0,4.0,22.750000000000004,100.66,2012,8,12,2,6,1,0.49999999999999994,0.8660254037844387
5.7,2.7,81.0,24.0,25.0,100.68,2012,12,5,6,2,0,1.0,6.123233995736766e-17
-8.4,-12.0,75.0,17.0,24.1,100.91,2012,12,11,8,1,0,0.8660254037844387,-0.4999999999999998
-17.8,-24.2,57.0,17.0,24.1,101.73,2012,1,4,8,2,0,0.8660254037844387,-0.4999999999999998
25.4,17.4,61.0,13.0,24.1,100.74,2012,8,13,15,0,0,-0.7071067811865471,-0.7071067811865479
-11.0,-19.6,49.0,17.0,25.0,102.23,2012,3,5,21,0,0,-0.7071067811865477,0.7071067811865474
4.8,-7.1,42.0,26.0,24.1,100.77,2012,4,5,11,3,0,0.258819045102521,-0.9659258262890682
17.3,7.2,51.0,9.0,26.349999999999998,101.72,2012,5,19,8,5,1,0.8660254037844387,-0.4999999999999998
3.8,3.5,98.0,4.0,22.750000000000004,102.05,2012,3,17,0,5,1,0.0,1.0
11.6,11.5,99.0,11.0,22.750000000000004,99.9,2012,9,30,21,6,1,-0.7071067811865477,0.7071067811865474
-1.9,-5.1,79.0,7.0,24.1,102.28,2012,12,9,14,6,1,-0.4999999999999997,-0.8660254037844388
4.8,-10.3,33.0,19.0,26.349999999999998,101.8,2012,3,24,12,5,1,1.2246467991473532e-16,-1.0
15.8,12.0,78.0,4.0,25.0,100.56,2012,7,25,1,2,0,0.25881904510252074,0.9659258262890683
27.8,20.7,65.0,15.0,26.349999999999998,100.64,2012,7,23,11,0,0,0.258819045102521,-0.9659258262890682
12.8,7.3,69.0,33.0,25.0,100.34,2012,6,4,0,0,0,0.0,1.0
-3.8,-10.6,59.0,19.0,25.0,102.01,2012,3,10,2,5,1,0.49999999999999994,0.8660254037844387
-4.8,-8.3,76.0,13.0,22.750000000000004,101.77,2012,11,29,8,3,0,0.8660254037844387,-0.4999999999999998
3.0,-7.8,45.0,11.0,25.0,102.33,2012,11,11,2,6,1,0.49999999999999994,0.8660254037844387
0.2,-3.0,79.0,19.0,25.0,101.25,2012,12,20,18,3,0,-1.0,-1.8369701987210297e-16
10.2,-2.1,42.0,9.0,25.0,101.1,2012,5,11,21,4,0,-0.7071067811865477,0.7071067811865474
24.1,16.9,64.0,7.0,26.349999999999998,101.31,2012,7,30,9,0,0,0.7071067811865476,-0.7071067811865475
23.6,8.3,38.0,20.0,26.349999999999998,100.69,2012,7,8,18,6,1,-1.0,-1.8369701987210297e-16
-6.8,-11.0,72.0,15.0,25.0,101.8,2012,1,9,7,0,0,0.9659258262890683,-0.25881904510252063
-6.5,-13.1,59.0,11.0,25.0,101.81,2012,1,31,2,1,0,0.49999999999999994,0.8660254037844387
1.7,-0.7,84.0,17.0,22.750000000000004,100.94,2012,2,16,20,3,0,-0.8660254037844386,0.5000000000000001
25.4,7.8,33.0,7.0,26.349999999999998,101.41,2012,6,10,12,6,1,1.2246467991473532e-16,-1.0
7.0,2.3,72.0,28.0,24.1,99.07,2012,4,9,10,0,0,0.49999999999999994,-0.8660254037844387
20.0,15.4,75.0,13.0,25.0,100.88,2012,9,17,20,0,0,-0.8660254037844386,0.5000000000000001
18.7,14.5,77.0,24.0,24.1,100.69,2012,6,24,20,6,1,-0.8660254037844386,0.5000000000000001
-3.1,-5.1,86.0,0.0,25.0,100.29,2012,2,24,5,4,0,0.9659258262890683,0.25881904510252074
10.8,-9.1,24.0,30.0,26.349999999999998,100.51,2012,4,3,16,1,0,-0.8660254037844385,-0.5000000000000004
25.4,12.3,44.0,22.0,24.1,100.36,2012,4,16,13,0,0,-0.2588190451025208,-0.9659258262890683
-0.5,-9.4,51.0,15.0,26.349999999999998,101.23,2012,4,6,6,4,0,1.0,6.123233995736766e-17
24.4,9.7,39.0,11.0,26.349999999999998,101.34,2012,7,20,16,4,0,-0.8660254037844385,-0.5000000000000004
20.7,9.8,50.0,9.0,26.349999999999998,101.36,2012,6,13,14,2,0,-0.4999999999999997,-0.8660254037844388
-11.8,-15.0,77.0,26.0,25.0,103.135,2012,12,1,6,5,1,1.0,6.123233995736766e-17
1.0,-0.5,90.0,15.0,22.750000000000004,99.92,2012,3,28,21,2,0,-0.7071067811865477,0.7071067811865474
23.0,12.0,50.0,20.0,24.1,101.5,2012,3,22,12,3,0,1.2246467991473532e-16,-1.0
-3.8,-6.1,84.0,0.0,25.0,100.29,2012,2,24,3,4,0,0.7071067811865476,0.7071067811865476
18.6,4.0,38.0,20.0,26.349999999999998,101.36,2012,5,12,11,5,1,0.258819045102521,-0.9659258262890682
24.2,15.5,58.0,36.5,25.0,100.54,2012,8,30,22,3,0,-0.5000000000000004,0.8660254037844384
22.3,19.1,82.0,11.0,25.0,100.61,2012,8,31,20,4,0,-0.8660254037844386,0.5000000000000001
-1.3,-3.8,83.0,11.0,24.1,100.21,2012,2,24,7,4,0,0.9659258262890683,-0.25881904510252063
5.4,2.0,79.0,22.0,24.1,100.45,2012,11,3,12,5,1,1.2246467991473532e-16,-1.0
20.4,19.2,93.0,0.0,22.750000000000004,100.52,2012,7,16,4,0,0,0.8660254037844386,0.5000000000000001
28.1,17.5,53.0,17.0,24.1,101.23,2012,5,24,16,3,0,-0.8660254037844385,-0.5000000000000004
12.5,10.8,89.0,19.0,22.750000000000004,100.24,2012,10,10,13,2,0,-0.2588190451025208,-0.9659258262890683
21.0,-2.9,20.0,13.0,26.349999999999998,101.07,2012,5,7,17,0,0,-0.9659258262890683,-0.25881904510252063
-0.5,-1.5,93.0,28.0,22.750000000000004,99.95,2012,12,31,21,0,0,-0.7071067811865477,0.7071067811865474
13.8,9.1,73.0,13.0,25.0,102.17,2012,6,15,3,4,0,0.7071067811865476,0.7071067811865476
12.8,-0.9,39.0,7.0,25.0,100.9,2012,4,14,20,5,1,-0.8660254037844386,0.5000000000000001
0.6,-0.5,92.0,9.0,25.0,101.42,2012,12,19,22,2,0,-0.5000000000000004,0.8660254037844384
3.3,-5.9,51.0,11.0,26.349999999999998,102.43,2012,4,18,8,2,0,0.8660254037844387,-0.4999999999999998
23.4,16.3,64.0,17.0,26.349999999999998,100.24,2012,8,17,19,4,0,-0.9659258262890684,0.2588190451025203
8.6,3.0,68.0,26.0,25.0,99.7,2012,11,23,22,4,0,-0.5000000000000004,0.8660254037844384
-5.4,-14.4,49.0,9.0,25.0,102.69,2012,3,6,21,1,0,-0.7071067811865477,0.7071067811865474
3.7,-3.9,58.0,9.0,26.349999999999998,100.49,2012,4,1,9,6,1,0.7071067811865476,-0.7071067811865475
0.3,-0.1,97.0,11.0,22.750000000000004,99.95,2012,12,19,5,2,0,0.9659258262890683,0.25881904510252074
4.8,2.8,87.0,24.0,25.0,99.45,2012,11,2,3,4,0,0.7071067811865476,0.7071067811865476
23.4,13.8,55.0,22.0,25.0,101.0,2012,6,17,22,6,1,-0.5000000000000004,0.8660254037844384
1.0,0.0,93.0,26.0,22.750000000000004,99.56,2012,12,18,13,1,0,-0.2588190451025208,-0.9659258262890683
18.5,13.0,70.0,11.0,26.349999999999998,101.67,2012,9,3,8,0,0,0.8660254037844387,-0.4999999999999998
-12.2,-16.5,70.0,9.0,25.0,101.05,2012,1,16,22,0,0,-0.5000000000000004,0.8660254037844384
7.4,1.6,67.0,19.0,24.1,99.05,2012,4,9,9,0,0,0.7071067811865476,-0.7071067811865475
6.4,-0.3,62.0,17.0,26.349999999999998,101.97,2012,10,25,9,3,0,0.7071067811865476,-0.7071067811865475
20.0,5.5,39.0,19.0,26.349999999999998,102.32,2012,6,14,9,3,0,0.7071067811865476,-0.7071067811865475
8.6,7.5,93.0,11.0,22.750000000000004,101.58,2012,5,2,6,2,0,1.0,6.123233995736766e-17
19.5,18.7,95.0,9.0,25.0,100.63,2012,8,15,2,2,0,0.49999999999999994,0.8660254037844387
1.1,-3.3,72.0,20.0,22.750000000000004,99.91,2012,2,24,12,4,0,1.2246467991473532e-16,-1.0
-5.0,-7.4,83.0,24.0,22.750000000000004,99.13,2012,1,13,4,4,0,0.8660254037844386,0.5000000000000001
12.0,8.2,78.0,7.0,25.0,101.06,2012,8,29,0,2,0,0.0,1.0
21.9,8.5,42.0,22.0,26.349999999999998,101.07,2012,8,29,11,2,0,0.258819045102521,-0.9659258262890682
13.4,9.2,76.0,4.0,25.0,101.37,2012,3,18,21,6,1,-0.7071067811865477,0.7071067811865474
24.3,17.2,65.0,11.0,25.0,100.92,2012,8,8,20,2,0,-0.8660254037844386,0.5000000000000001
8.9,7.1,88.0,19.0,25.0,100.25,2012,10,10,18,2,0,-1.0,-1.8369701987210297e-16
19.6,9.6,52.0,0.0,24.1,101.01,2012,6,6,13,2,0,-0.2588190451025208,-0.9659258262890683
-0.3,-2.4,86.0,22.0,22.750000000000004,99.55,2012,3,3,3,5,1,0.7071067811865476,0.7071067811865476
22.2,11.8,52.0,4.0,24.1,101.12,2012,5,23,18,2,0,-1.0,-1.8369701987210297e-16
-5.7,-8.0,84.0,7.0,22.750000000000004,100.13,2012,1,7,10,5,1,0.49999999999999994,-0.8660254037844387
23.4,13.5,54.0,13.0,26.349999999999998,100.5,2012,7,1,10,6,1,0.49999999999999994,-0.8660254037844387
-18.7,-23.5,66.0,0.0,25.0,103.05,2012,1,16,4,0,0,0.8660254037844386,0.5000000000000001
32.5,17.9,42.0,24.0,24.1,100.14,2012,6,21,16,3,0,-0.8660254037844385,-0.5000000000000004
6.4,-9.1,32.0,11.0,26.349999999999998,100.91,2012,4,3,11,1,0,0.258819045102521,-0.9659258262890682
7.3,5.7,90.0,6.0,22.750000000000004,101.14,2012,10,14,10,6,1,0.49999999999999994,-0.8660254037844387
15.1,3.7,46.0,11.0,26.349999999999998,101.93,2012,9,27,16,3,0,-0.8660254037844385,-0.5000000000000004
12.8,12.2,96.0,19.0,22.750000000000004,99.84,2012,10,20,2,5,1,0.49999999999999994,0.8660254037844387
19.1,10.7,58.0,19.0,26.349999999999998,100.11,2012,5,30,8,2,0,0.8660254037844387,-0.4999999999999998
18.8,16.5,86.0,13.0,22.750000000000004,100.85,2012,5,22,11,1,0,0.258819045102521,-0.9659258262890682
16.6,11.4,71.0,20.0,24.1,100.03,2012,6,26,15,1,0,-0.7071067811865471,-0.7071067811865479
19.5,18.3,93.0,11.0,24.1,100.55,2012,9,5,7,2,0,0.9659258262890683,-0.25881904510252063
-4.3,-5.4,92.0,35.0,22.750000000000004,99.015,2012,12,22,11,5,1,0.258819045102521,-0.9659258262890682
4.6,3.8,95.0,17.0,22.750000000000004,101.24,2012,10,14,3,6,1,0.7071067811865476,0.7071067811865476
7.8,5.8,87.0,24.0,22.750000000000004,101.15,2012,5,1,6,1,0,1.0,6.123233995736766e-17
-12.4,-16.0,74.0,24.0,24.1,100.82,2012,12,30,10,6,1,0.49999999999999994,-0.8660254037844387
29.6,18.8,52.0,13.0,24.1,100.44,2012,8,2,14,3,0,-0.4999999999999997,-0.8660254037844388
24.2,17.3,65.0,15.0,24.1,102.09,2012,8,26,8,6,1,0.8660254037844387,-0.4999999999999998
20.8,19.0,89.0,9.0,25.0,100.54,2012,8,1,3,2,0,0.7071067811865476,0.7071067811865476
11.6,6.4,70.0,32.0,24.1,99.75,2012,3,8,16,3,0,-0.8660254037844385,-0.5000000000000004
-12.8,-17.2,70.0,9.0,22.750000000000004,100.97,2012,2,11,12,5,1,1.2246467991473532e-16,-1.0
11.8,5.7,66.0,28.0,25.0,100.51,2012,10,21,17,6,1,-0.9659258262890683,-0.25881904510252063
24.0,20.5,81.0,0.0,24.1,100.78,2012,7,15,16,6,1,-0.8660254037844385,-0.5000000000000004
25.6,10.5,39.0,9.0,25.0,101.49,2012,7,11,20,2,0,-0.8660254037844386,0.5000000000000001
13.1,12.1,94.0,17.0,22.750000000000004,100.38,2012,10,19,17,4,0,-0.9659258262890683,-0.25881904510252063
-5.1,-7.5,83.0,28.0,22.750000000000004,99.3,2012,1,13,0,4,0,0.0,1.0
9.8,2.1,59.0,24.0,25.0,101.05,2012,5,17,1,3,0,0.25881904510252074,0.9659258262890683
3.7,3.2,97.0,7.0,22.750000000000004,101.48,2012,3,16,15,4,0,-0.7071067811865471,-0.7071067811865479
11.7,5.8,67.0,17.0,25.0,100.92,2012,10,19,1,4,0,0.25881904510252074,0.9659258262890683
11.0,7.8,81.0,15.0,25.0,101.09,2012,10,10,2,2,0,0.49999999999999994,0.8660254037844387
8.7,0.1,55.0,20.0,26.349999999999998,100.29,2012,4,25,13,2,0,-0.2588190451025208,-0.9659258262890683
22.9,15.9,65.0,36.5,24.1,100.49,2012,8,31,8,4,0,0.8660254037844387,-0.4999999999999998
21.5,14.0,62.0,13.0,25.0,101.02,2012,6,18,22,0,0,-0.5000000000000004,0.8660254037844384
9.9,7.4,84.0,19.0,24.1,100.77,2012,9,23,6,6,1,1.0,6.123233995736766e-17
-5.0,-10.0,68.0,7.0,25.0,100.57,2012,11,26,2,0,0,0.49999999999999994,0.8660254037844387
18.7,9.8,56.0,4.0,25.0,101.57,2012,9,2,23,6,1,-0.25881904510252157,0.9659258262890681
1.1,0.1,93.0,28.0,22.750000000000004,99.015,2012,12,22,3,5,1,0.7071067811865476,0.7071067811865476
5.0,2.7,85.0,20.0,24.1,100.57,2012,11,3,16,5,1,-0.8660254037844385,-0.5000000000000004
6.8,-3.2,49.0,24.0,26.349999999999998,101.86,2012,3,11,12,6,1,1.2246467991473532e-16,-1.0
18.4,13.4,73.0,4.0,24.1,100.22,2012,6,8,16,4,0,-0.8660254037844385,-0.5000000000000004
16.8,-2.3,27.0,7.0,26.349999999999998,101.71,2012,3,23,13,4,0,-0.2588190451025208,-0.9659258262890683
2.9,-1.8,71.0,30.0,24.1,100.6,2012,1,24,9,1,0,0.7071067811865476,-0.7071067811865475
1.8,-1.4,79.0,4.0,25.0,101.2,2012,12,8,0,5,1,0.0,1.0
-1.3,-5.7,72.0,11.0,24.1,101.05,2012,1,9,16,0,0,-0.8660254037844385,-0.5000000000000004
-4.3,-13.4,49.0,22.0,26.349999999999998,100.52,2012,2,13,14,0,0,-0.4999999999999997,-0.8660254037844388
32.8,18.8,44.0,17.0,24.1,101.39,2012,8,4,15,5,1,-0.7071067811865471,-0.7071067811865479
22.0,13.6,59.0,17.0,25.0,100.56,2012,7,8,0,6,1,0.0,1.0
13.9,12.0,88.0,6.0,25.0,100.6,2012,5,16,2,2,0,0.49999999999999994,0.8660254037844387
12.3,10.8,91.0,6.0,22.750000000000004,101.42,2012,10,27,7,5,1,0.9659258262890683,-0.25881904510252063
-10.1,-13.4,77.0,9.0,25.0,101.45,2012,12,31,2,0,0,0.49999999999999994,0.8660254037844387
-1.6,-5.4,75.0,4.0,25.0,101.36,2012,2,15,3,2,0,0.7071067811865476,0.7071067811865476
-6.2,-9.1,80.0,7.0,26.349999999999998,102.03,2012,2,21,7,1,0,0.9659258262890683,-0.25881904510252063
28.6,10.7,33.0,13.0,26.349999999999998,101.86,2012,5,20,12,6,1,1.2246467991473532e-16,-1.0
7.9,5.6,85.0,36.5,25.0,101.45,2012,11,13,3,1,0,0.7071067811865476,0.7071067811865476
-16.8,-23.9,54.0,9.0,25.0,100.57,2012,2,12,3,6,1,0.7071067811865476,0.7071067811865476
14.7,12.9,89.0,30.0,25.0,101.08,2012,9,15,3,5,1,0.7071067811865476,0.7071067811865476
-13.4,-19.9,58.0,4.0,25.0,102.27,2012,1,21,19,5,1,-0.9659258262890684,0.2588190451025203
32.1,17.9,43.0,30.0,24.1,100.09,2012,6,21,17,3,0,-0.9659258262890683,-0.25881904510252063
-5.0,-7.6,82.0,32.0,22.750000000000004,99.08,2012,12,22,14,5,1,-0.4999999999999997,-0.8660254037844388
16.1,14.7,91.0,11.0,22.750000000000004,101.55,2012,10,4,1,3,0,0.25881904510252074,0.9659258262890683
9.3,8.0,92.0,6.0,22.750000000000004,101.39,2012,5,1,20,1,0,-0.8660254037844386,0.5000000000000001
19.9,14.3,70.0,20.0,24.1,100.05,2012,6,27,17,2,0,-0.9659258262890683,-0.25881904510252063
-13.7,-16.3,81.0,19.0,25.0,101.54,2012,12,30,22,6,1,-0.5000000000000004,0.8660254037844384
13.7,9.9,78.0,17.0,24.1,100.6,2012,9,9,8,6,1,0.8660254037844387,-0.4999999999999998
29.4,12.9,36.0,9.0,26.349999999999998,101.03,2012,7,30,17,0,0,-0.9659258262890683,-0.25881904510252063
21.6,7.8,41.0,22.0,26.349999999999998,100.82,2012,7,8,10,6,1,0.49999999999999994,-0.8660254037844387
16.1,12.8,81.0,24.0,25.0,100.52,2012,9,18,5,1,0,0.9659258262890683,0.25881904510252074
20.8,14.7,68.0,13.0,25.0,101.14,2012,6,19,0,1,0,0.0,1.0
20.1,17.8,87.0,24.0,22.750000000000004,99.76,2012,5,29,19,1,0,-0.9659258262890684,0.2588190451025203
26.0,16.0,54.0,24.0,26.349999999999998,101.37,2012,8,23,11,3,0,0.258819045102521,-0.9659258262890682
13.4,6.5,63.0,7.0,25.0,101.54,2012,5,13,21,6,1,-0.7071067811865477,0.7071067811865474
22.5,6.9,36.0,19.0,26.349999999999998,100.87,2012,8,29,18,2,0,-1.0,-1.8369701987210297e-16
21.6,19.0,85.0,11.0,25.0,100.65,2012,8,31,21,4,0,-0.7071067811865477,0.7071067811865474
3.6,-2.8,63.0,19.0,24.1,101.29,2012,2,16,15,3,0,-0.7071067811865471,-0.7071067811865479
13.2,11.2,88.0,9.0,22.750000000000004,100.4,2012,6,2,19,5,1,-0.9659258262890684,0.2588190451025203
3.0,-5.0,56.0,4.0,24.1,101.2,2012,12,7,12,4,0,1.2246467991473532e-16,-1.0
3.0,-2.1,69.0,19.0,24.1,101.13,2012,2,16,18,3,0,-1.0,-1.8369701987210297e-16
24.5,14.7,54.0,11.0,25.0,100.48,2012,7,7,21,5,1,-0.7071067811865477,0.7071067811865474
-3.7,-5.9,85.0,7.0,25.0,101.18,2012,11,9,1,4,0,0.25881904510252074,0.9659258262890683
-4.3,-12.0,55.0,26.0,26.349999999999998,100.52,2012,1,5,15,3,0,-0.7071067811865471,-0.7071067811865479
1.1,-0.1,92.0,13.0,24.1,100.72,2012,12,19,14,2,0,-0.4999999999999997,-0.8660254037844388
6.0,4.5,90.0,19.0,22.750000000000004,100.82,2012,12,2,14,6,1,-0.4999999999999997,-0.8660254037844388
14.4,5.3,54.0,6.0,25.0,101.62,2012,5,18,21,4,0,-0.7071067811865477,0.7071067811865474
15.0,12.8,87.0,9.0,24.1,100.57,2012,5,16,7,2,0,0.9659258262890683,-0.25881904510252063
10.9,4.3,64.0,9.0,25.0,101.17,2012,9,23,18,6,1,-1.0,-1.8369701987210297e-16
-3.8,-4.6,94.0,20.0,22.750000000000004,100.65,2012,12,27,22,3,0,-0.5000000000000004,0.8660254037844384
6.6,-8.3,34.0,20.0,26.349999999999998,101.24,2012,4,6,12,4,0,1.2246467991473532e-16,-1.0
20.9,17.2,79.0,9.0,24.1,100.83,2012,8,14,6,1,0,1.0,6.123233995736766e-17
-3.5,-8.0,71.0,22.0,24.1,101.25,2012,2,9,9,3,0,0.7071067811865476,-0.7071067811865475
-10.2,-13.0,80.0,11.0,25.0,100.15,2012,1,6,20,4,0,-0.8660254037844386,0.5000000000000001
6.5,-7.2,37.0,7.0,25.0,101.15,2012,3,24,23,5,1,-0.25881904510252157,0.9659258262890681
22.3,18.7,80.0,19.0,22.750000000000004,100.89,2012,8,9,16,3,0,-0.8660254037844385,-0.5000000000000004
-0.3,-1.6,91.0,20.0,22.750000000000004,102.36,2012,3,15,6,3,0,1.0,6.123233995736766e-17
2.0,-1.3,79.0,6.0,25.0,101.17,2012,12,8,1,5,1,0.25881904510252074,0.9659258262890683
14.6,4.2,50.0,30.0,26.349999999999998,101.01,2012,9,23,13,6,1,-0.2588190451025208,-0.9659258262890683
-5.0,-10.6,65.0,0.0,22.750000000000004,101.14,2012,2,14,11,1,0,0.258819045102521,-0.9659258262890682
18.4,1.0,31.0,17.0,26.349999999999998,101.4,2012,6,1,11,4,0,0.258819045102521,-0.9659258262890682
4.3,-1.0,68.0,35.0,25.0,101.07,2012,4,22,21,6,1,-0.7071067811865477,0.7071067811865474
10.7,-0.6,45.0,11.0,26.349999999999998,101.65,2012,3,11,17,6,1,-0.9659258262890683,-0.25881904510252063
28.1,19.2,58.0,13.0,24.1,101.17,2012,7,15,10,6,1,0.49999999999999994,-0.8660254037844387
7.6,5.6,87.0,9.0,24.1,99.34,2012,11,1,9,3,0,0.7071067811865476,-0.7071067811865475
22.8,5.5,33.0,17.0,26.349999999999998,101.26,2012,5,12,18,5,1,-1.0,-1.8369701987210297e-16
13.0,10.9,87.0,4.0,22.750000000000004,101.41,2012,10,26,22,4,0,-0.5000000000000004,0.8660254037844384
-19.6,-25.8,58.0,13.0,25.0,101.62,2012,1,14,20,5,1,-0.8660254037844386,0.5000000000000001
23.0,15.3,62.0,4.0,25.0,101.19,2012,7,21,22,5,1,-0.5000000000000004,0.8660254037844384
23.5,17.8,70.0,11.0,24.1,100.1,2012,8,17,11,4,0,0.258819045102521,-0.9659258262890682
-12.9,-19.1,60.0,22.0,25.0,100.76,2012,1,3,5,1,0,0.9659258262890683,0.25881904510252074
18.8,11.2,61.0,28.0,25.0,99.61,2012,10,30,19,1,0,-0.9659258262890684,0.2588190451025203
15.9,13.7,87.0,9.0,25.0,101.66,2012,9,14,4,4,0,0.8660254037844386,0.5000000000000001
21.9,17.0,74.0,7.0,25.0,100.51,2012,8,17,0,4,0,0.0,1.0
11.6,5.3,65.0,24.0,25.0,100.85,2012,9,25,4,1,0,0.8660254037844386,0.5000000000000001
2.0,0.3,88.0,7.0,25.0,100.21,2012,4,1,23,6,1,-0.25881904510252157,0.9659258262890681
7.5,-0.7,56.0,13.0,25.0,101.11,2012,3,13,0,1,0,0.0,1.0
27.9,12.4,38.0,24.0,26.349999999999998,100.29,2012,6,22,17,4,0,-0.9659258262890683,-0.25881904510252063
16.0,8.1,59.0,19.0,26.349999999999998,101.13,2012,8,29,7,2,0,0.9659258262890683,-0.25881904510252063
4.3,-0.1,73.0,17.0,25.0,100.82,2012,11,3,23,5,1,-0.25881904510252157,0.9659258262890681
3.4,1.0,84.0,20.0,22.750000000000004,100.96,2012,4,21,19,5,1,-0.9659258262890684,0.2588190451025203
19.7,17.8,89.0,20.0,24.1,100.54,2012,8,31,10,4,0,0.49999999999999994,-0.8660254037844387
22.5,6.9,36.0,7.0,26.349999999999998,102.15,2012,6,14,16,3,0,-0.8660254037844385,-0.5000000000000004
25.0,16.1,58.0,9.0,26.349999999999998,101.43,2012,6,17,10,6,1,0.49999999999999994,-0.8660254037844387
24.1,17.1,65.0,24.0,26.349999999999998,100.96,2012,8,7,10,1,0,0.49999999999999994,-0.8660254037844387
0.0,-4.7,71.0,9.0,25.0,102.47,2012,10,12,22,4,0,-0.5000000000000004,0.8660254037844384
24.2,13.9,53.0,26.0,26.349999999999998,99.83,2012,6,30,9,5,1,0.7071067811865476,-0.7071067811865475
16.2,9.0,62.0,28.0,24.1,99.7,2012,10,15,15,0,0,-0.7071067811865471,-0.7071067811865479
3.1,1.2,87.0,6.0,25.0,101.99,2012,12,3,21,0,0,-0.7071067811865477,0.7071067811865474
20.5,10.0,51.0,20.0,26.349999999999998,100.08,2012,5,30,9,2,0,0.7071067811865476,-0.7071067811865475
11.1,5.7,69.0,13.0,25.0,101.21,2012,10,22,19,0,0,-0.9659258262890684,0.2588190451025203
21.5,10.0,48.0,6.0,26.349999999999998,101.29,2012,7,19,12,3,0,1.2246467991473532e-16,-1.0
6.7,-6.2,39.0,20.0,24.1,100.7,2012,4,5,14,3,0,-0.4999999999999997,-0.8660254037844388
1.0,-16.1,27.0,6.0,26.349999999999998,102.2,2012,3,27,13,1,0,-0.2588190451025208,-0.9659258262890683
0.9,-4.6,67.0,11.0,25.0,102.55,2012,11,10,22,5,1,-0.5000000000000004,0.8660254037844384
11.9,0.3,45.0,9.0,26.349999999999998,101.89,2012,10,8,15,0,0,-0.7071067811865471,-0.7071067811865479
17.6,16.8,95.0,19.0,22.750000000000004,100.54,2012,8,11,2,5,1,0.49999999999999994,0.8660254037844387
11.2,5.9,70.0,33.0,24.1,100.33,2012,10,21,11,6,1,0.258819045102521,-0.9659258262890682
12.6,11.8,95.0,17.0,24.1,99.7,2012,10,1,8,0,0,0.8660254037844387,-0.4999999999999998
16.7,5.1,46.0,20.0,26.349999999999998,101.31,2012,9,10,16,0,0,-0.8660254037844385,-0.5000000000000004
-1.4,-4.0,82.0,15.0,22.750000000000004,100.62,2012,3,2,21,4,0,-0.7071067811865477,0.7071067811865474
19.2,7.9,48.0,9.0,26.349999999999998,101.13,2012,7,9,9,0,0,0.7071067811865476,-0.7071067811865475
1.1,-0.1,92.0,6.0,22.750000000000004,101.46,2012,3,14,8,2,0,0.8660254037844387,-0.4999999999999998
-1.4,-3.4,86.0,11.0,25.0,101.86,2012,11,21,5,2,0,0.9659258262890683,0.25881904510252074
-20.6,-26.8,58.0,9.0,26.349999999999998,102.66,2012,1,15,10,6,1,0.49999999999999994,-0.8660254037844387
27.0,12.6,41.0,7.0,24.1,100.54,2012,8,16,16,3,0,-0.8660254037844385,-0.5000000000000004
24.7,16.7,61.0,11.0,26.349999999999998,101.26,2012,7,29,11,6,1,0.258819045102521,-0.9659258262890682
2.6,-11.9,33.0,15.0,26.349999999999998,101.79,2012,3,27,18,1,0,-1.0,-1.8369701987210297e-16
5.5,0.6,71.0,19.0,22.750000000000004,100.01,2012,4,25,7,2,0,0.9659258262890683,-0.25881904510252063
4.9,1.5,79.0,19.0,24.1,100.08,2012,4,25,8,2,0,0.8660254037844387,-0.4999999999999998
19.9,14.6,72.0,36.5,25.0,99.44,2012,9,8,19,5,1,-0.9659258262890684,0.2588190451025203
6.6,-0.8,59.0,0.0,25.0,101.39,2012,4,12,21,3,0,-0.7071067811865477,0.7071067811865474
16.8,9.9,64.0,15.0,22.750000000000004,100.26,2012,5,30,23,2,0,-0.25881904510252157,0.9659258262890681
10.9,9.3,90.0,17.0,24.1,100.32,2012,10,6,12,5,1,1.2246467991473532e-16,-1.0
15.7,13.6,87.0,9.0,22.750000000000004,100.41,2012,6,25,1,0,0,0.25881904510252074,0.9659258262890683
15.5,11.6,78.0,4.0,26.349999999999998,101.49,2012,9,2,7,6,1,0.9659258262890683,-0.25881904510252063
19.8,9.7,52.0,9.0,24.1,101.05,2012,6,6,12,2,0,1.2246467991473532e-16,-1.0
-8.0,-13.8,63.0,17.0,26.349999999999998,101.49,2012,1,16,15,0,0,-0.7071067811865471,-0.7071067811865479
23.1,14.0,57.0,33.0,26.349999999999998,100.84,2012,8,30,11,3,0,0.258819045102521,-0.9659258262890682
-11.7,-18.0,59.0,15.0,24.1,102.07,2012,2,8,7,2,0,0.9659258262890683,-0.25881904510252063
23.9,7.7,35.0,17.0,26.349999999999998,100.76,2012,7,8,13,6,1,-0.2588190451025208,-0.9659258262890683
-11.9,-16.0,72.0,7.0,26.349999999999998,103.135,2012,11,30,9,4,0,0.7071067811865476,-0.7071067811865475
-16.0,-23.4,53.0,26.0,26.349999999999998,102.66,2012,1,15,14,6,1,-0.4999999999999997,-0.8660254037844388
24.9,15.0,54.0,17.0,26.349999999999998,100.11,2012,6,28,13,3,0,-0.2588190451025208,-0.9659258262890683
9.2,4.3,71.0,7.0,24.1,102.13,2012,3,17,14,5,1,-0.4999999999999997,-0.8660254037844388
29.0,16.1,46.0,17.0,26.349999999999998,101.57,2012,7,13,11,4,0,0.258819045102521,-0.9659258262890682
26.1,17.9,61.0,36.5,22.750000000000004,99.21,2012,9,8,12,5,1,1.2246467991473532e-16,-1.0
13.3,12.8,97.0,6.0,22.750000000000004,101.47,2012,10,4,11,3,0,0.258819045102521,-0.9659258262890682
2.0,-7.3,50.0,4.0,26.349999999999998,103.135,2012,11,17,16,5,1,-0.8660254037844385,-0.5000000000000004
11.0,9.1,88.0,28.0,25.0,99.95,2012,9,19,1,2,0,0.25881904510252074,0.9659258262890683
-6.4,-11.9,65.0,17.0,24.1,101.81,2012,1,8,9,6,1,0.7071067811865476,-0.7071067811865475
15.6,12.2,80.0,20.0,26.349999999999998,100.77,2012,8,18,7,5,1,0.9659258262890683,-0.25881904510252063
-2.5,-7.8,67.0,28.0,24.1,101.26,2012,2,9,10,3,0,0.49999999999999994,-0.8660254037844387
5.8,1.1,72.0,6.0,25.0,100.71,2012,3,13,5,1,0,0.9659258262890683,0.25881904510252074
3.0,-1.0,75.0,15.0,25.0,100.96,2012,11,4,5,6,1,0.9659258262890683,0.25881904510252074
8.8,3.2,68.0,4.0,25.0,101.81,2012,9,19,20,2,0,-0.8660254037844386,0.5000000000000001
14.6,7.9,64.0,11.0,25.0,101.74,2012,6,13,22,2,0,-0.5000000000000004,0.8660254037844384
-7.6,-13.1,65.0,28.0,25.0,100.76,2012,1,12,6,3,0,1.0,6.123233995736766e-17
-5.9,-13.8,54.0,13.0,24.1,99.97,2012,3,4,8,6,1,0.8660254037844387,-0.4999999999999998
6.7,2.0,72.0,11.0,24.1,100.78,2012,4,11,11,2,0,0.258819045102521,-0.9659258262890682
9.1,7.9,92.0,6.0,22.750000000000004,101.38,2012,5,1,22,1,0,-0.5000000000000004,0.8660254037844384
-9.0,-13.7,69.0,15.0,25.0,100.18,2012,3,4,21,6,1,-0.7071067811865477,0.7071067811865474
16.2,12.9,81.0,17.0,25.0,100.59,2012,9,18,4,1,0,0.8660254037844386,0.5000000000000001
12.9,10.6,86.0,4.0,22.750000000000004,100.23,2012,6,3,3,6,1,0.7071067811865476,0.7071067811865476
-4.8,-15.4,43.0,19.0,24.1,101.85,2012,2,7,15,1,0,-0.7071067811865471,-0.7071067811865479
22.2,9.5,44.0,6.0,26.349999999999998,101.34,2012,7,20,20,4,0,-0.8660254037844386,0.5000000000000001
2.9,1.5,90.0,13.0,25.0,101.52,2012,12,4,5,1,0,0.9659258262890683,0.25881904510252074
-14.5,-21.1,57.0,9.0,25.0,102.7,2012,3,6,4,1,0,0.8660254037844386,0.5000000000000001
3.1,1.9,92.0,19.0,22.750000000000004,100.04,2012,1,24,1,1,0,0.25881904510252074,0.9659258262890683
23.9,19.8,78.0,7.0,25.0,100.51,2012,8,2,0,3,0,0.0,1.0
-8.7,-14.0,65.0,7.0,25.0,102.22,2012,1,8,22,6,1,-0.5000000000000004,0.8660254037844384
0.6,0.2,97.0,15.0,22.750000000000004,100.42,2012,12,19,10,2,0,0.49999999999999994,-0.8660254037844387
-0.2,-3.5,78.0,20.0,25.0,101.44,2012,12,14,4,4,0,0.8660254037844386,0.5000000000000001
24.6,18.9,71.0,19.0,22.750000000000004,100.16,2012,7,4,10,2,0,0.49999999999999994,-0.8660254037844387
24.7,8.3,35.0,20.0,26.349999999999998,100.92,2012,8,29,14,2,0,-0.4999999999999997,-0.8660254037844388
24.5,15.1,56.0,15.0,26.349999999999998,100.95,2012,6,17,20,6,1,-0.8660254037844386,0.5000000000000001
9.2,5.2,76.0,7.0,25.0,101.43,2012,9,23,23,6,1,-0.25881904510252157,0.9659258262890681
13.8,10.2,79.0,11.0,25.0,101.01,2012,5,3,22,3,0,-0.5000000000000004,0.8660254037844384
15.7,7.1,57.0,6.0,25.0,101.76,2012,5,27,0,6,1,0.0,1.0
19.1,16.1,83.0,7.0,25.0,100.76,2012,7,6,3,4,0,0.7071067811865476,0.7071067811865476
8.6,7.8,95.0,6.0,22.750000000000004,101.44,2012,5,2,1,2,0,0.25881904510252074,0.9659258262890683
8.0,0.5,59.0,28.0,24.1,99.015,2012,4,24,14,1,0,-0.4999999999999997,-0.8660254037844388
-6.7,-12.0,66.0,9.0,24.1,101.85,2012,2,2,14,3,0,-0.4999999999999997,-0.8660254037844388
18.4,16.1,86.0,19.0,25.0,100.46,2012,6,12,21,1,0,-0.7071067811865477,0.7071067811865474
10.6,-0.3,47.0,13.0,25.0,101.83,2012,10,24,18,2,0,-1.0,-1.8369701987210297e-16
16.1,-5.2,23.0,30.0,26.349999999999998,101.22,2012,4,13,16,4,0,-0.8660254037844385,-0.5000000000000004
11.4,5.5,67.0,20.0,25.0,100.63,2012,10,21,20,6,1,-0.8660254037844386,0.5000000000000001
10.0,5.4,73.0,30.0,24.1,99.48,2012,5,10,12,3,0,1.2246467991473532e-16,-1.0
-9.6,-15.1,64.0,15.0,26.349999999999998,102.07,2012,2,8,9,2,0,0.7071067811865476,-0.7071067811865475
-4.4,-6.8,83.0,28.0,22.750000000000004,100.66,2012,3,1,11,3,0,0.258819045102521,-0.9659258262890682
-2.8,-7.4,71.0,9.0,25.0,102.05,2012,12,6,19,3,0,-0.9659258262890684,0.2588190451025203
-13.7,-18.4,68.0,19.0,26.349999999999998,101.84,2012,1,19,8,3,0,0.8660254037844387,-0.4999999999999998
7.8,-9.2,29.0,9.0,25.0,100.42,2012,4,3,20,1,0,-0.8660254037844386,0.5000000000000001
14.6,9.0,69.0,17.0,25.0,100.88,2012,9,26,4,2,0,0.8660254037844386,0.5000000000000001
-14.2,-21.1,56.0,13.0,24.1,101.41,2012,1,4,11,2,0,0.258819045102521,-0.9659258262890682
-2.4,-4.2,87.0,11.0,25.0,103.05,2012,11,17,2,5,1,0.49999999999999994,0.8660254037844387
1.8,-8.3,47.0,15.0,26.349999999999998,101.42,2012,11,5,14,0,0,-0.4999999999999997,-0.8660254037844388
13.9,9.6,75.0,28.0,25.0,100.26,2012,9,9,1,6,1,0.25881904510252074,0.9659258262890683
14.0,1.0,41.0,7.0,26.349999999999998,101.67,2012,5,7,8,0,0,0.8660254037844387,-0.4999999999999998
-3.6,-5.9,84.0,22.0,22.750000000000004,99.57,2012,1,17,17,1,0,-0.9659258262890683,-0.25881904510252063
-9.4,-14.9,64.0,22.0,26.349999999999998,102.1,2012,2,27,9,0,0,0.7071067811865476,-0.7071067811865475
22.4,8.7,42.0,24.0,26.349999999999998,100.71,2012,8,28,16,1,0,-0.8660254037844385,-0.5000000000000004
19.3,7.8,47.0,11.0,25.0,101.37,2012,5,12,21,5,1,-0.7071067811865477,0.7071067811865474
24.4,15.8,59.0,17.0,22.750000000000004,100.71,2012,6,12,12,1,0,1.2246467991473532e-16,-1.0
23.5,11.8,48.0,0.0,24.1,100.6,2012,9,7,18,4,0,-1.0,-1.8369701987210297e-16
15.0,11.0,77.0,7.0,24.1,101.36,2012,5,24,5,3,0,0.9659258262890683,0.25881904510252074
23.3,16.1,64.0,20.0,24.1,101.29,2012,5,25,9,4,0,0.7071067811865476,-0.7071067811865475
22.4,17.8,75.0,6.0,25.0,100.87,2012,8,13,21,0,0,-0.7071067811865477,0.7071067811865474
19.6,5.7,40.0,26.0,25.0,100.8,2012,6,1,21,4,0,-0.7071067811865477,0.7071067811865474
3.3,-4.1,58.0,20.0,26.349999999999998,101.36,2012,11,9,11,4,0,0.258819045102521,-0.9659258262890682
-5.3,-8.6,78.0,0.0,25.0,102.1,2012,2,3,22,4,0,-0.5000000000000004,0.8660254037844384
-1.0,-6.3,67.0,7.0,25.0,103.135,2012,11,17,22,5,1,-0.5000000000000004,0.8660254037844384
7.4,5.4,87.0,4.0,25.0,99.31,2012,11,1,6,3,0,1.0,6.123233995736766e-17
9.1,7.3,88.0,7.0,25.0,101.64,2012,9,11,3,1,0,0.7071067811865476,0.7071067811865476
-11.3,-16.8,64.0,22.0,25.0,101.92,2012,2,26,6,6,1,1.0,6.123233995736766e-17
8.0,3.9,75.0,26.0,25.0,100.77,2012,10,22,1,0,0,0.25881904510252074,0.9659258262890683
12.3,10.7,90.0,6.0,22.750000000000004,100.3,2012,5,8,22,1,0,-0.5000000000000004,0.8660254037844384
2.6,-6.3,52.0,7.0,25.0,100.86,2012,3,31,21,5,1,-0.7071067811865477,0.7071067811865474
-18.1,-25.1,54.0,9.0,25.0,102.36,2012,1,20,22,4,0,-0.5000000000000004,0.8660254037844384
12.9,5.9,62.0,22.0,24.1,101.06,2012,10,28,16,6,1,-0.8660254037844385,-0.5000000000000004
15.8,12.4,80.0,17.0,24.1,100.0,2012,6,26,16,1,0,-0.8660254037844385,-0.5000000000000004
2.8,0.4,84.0,13.0,25.0,101.55,2012,11,10,0,5,1,0.0,1.0
20.1,9.5,50.0,11.0,25.0,102.06,2012,6,15,23,4,0,-0.25881904510252157,0.9659258262890681
12.7,10.8,88.0,11.0,22.750000000000004,101.46,2012,10,27,8,5,1,0.8660254037844387,-0.4999999999999998
10.1,7.7,85.0,17.0,24.1,101.06,2012,12,4,11,1,0,0.258819045102521,-0.9659258262890682
12.2,-0.2,42.0,32.0,26.349999999999998,101.61,2012,4,17,13,1,0,-0.2588190451025208,-0.9659258262890683
-1.4,-5.7,72.0,19.0,25.0,101.42,2012,11,8,6,3,0,1.0,6.123233995736766e-17
30.1,21.1,59.0,22.0,24.1,100.2,2012,8,5,17,6,1,-0.9659258262890683,-0.25881904510252063
25.2,17.1,61.0,19.0,24.1,100.76,2012,8,13,16,0,0,-0.8660254037844385,-0.5000000000000004
21.1,14.4,66.0,22.0,24.1,100.66,2012,7,18,8,2,0,0.8660254037844387,-0.4999999999999998
15.6,10.2,70.0,13.0,24.1,100.12,2012,6,26,4,1,0,0.8660254037844386,0.5000000000000001
20.9,18.0,83.0,13.0,22.750000000000004,100.89,2012,8,13,8,0,0,0.8660254037844387,-0.4999999999999998
14.1,8.3,68.0,9.0,25.0,100.41,2012,6,8,21,4,0,-0.7071067811865477,0.7071067811865474
5.2,-6.9,41.0,11.0,26.349999999999998,102.4,2012,11,10,15,5,1,-0.7071067811865471,-0.7071067811865479
7.3,-9.4,29.0,20.0,25.0,101.85,2012,3,24,1,5,1,0.25881904510252074,0.9659258262890683
7.0,5.5,90.0,15.0,22.750000000000004,99.015,2012,4,24,3,1,0,0.7071067811865476,0.7071067811865476
22.3,17.8,76.0,11.0,25.0,100.71,2012,8,12,21,6,1,-0.7071067811865477,0.7071067811865474
1.5,-1.1,83.0,6.0,22.750000000000004,100.59,2012,3,29,8,3,0,0.8660254037844387,-0.4999999999999998
-5.2,-9.5,72.0,9.0,22.750000000000004,101.62,2012,2,2,5,3,0,0.9659258262890683,0.25881904510252074
0.4,-1.1,90.0,4.0,22.750000000000004,99.11,2012,2,23,5,3,0,0.9659258262890683,0.25881904510252074
0.6,-1.0,89.0,7.0,22.750000000000004,101.05,2012,3,14,2,2,0,0.49999999999999994,0.8660254037844387
-3.1,-7.8,70.0,9.0,24.1,102.2,2012,11,27,10,1,0,0.49999999999999994,-0.8660254037844387
-3.2,-5.3,85.0,13.0,25.0,101.86,2012,12,2,4,6,1,0.8660254037844386,0.5000000000000001
11.9,4.6,61.0,19.0,25.0,101.4,2012,10,9,20,1,0,-0.8660254037844386,0.5000000000000001
0.8,0.3,96.0,9.0,22.750000000000004,100.67,2012,12,8,20,5,1,-0.8660254037844386,0.5000000000000001
23.0,12.8,53.0,15.0,26.349999999999998,101.03,2012,8,6,18,0,0,-1.0,-1.8369701987210297e-16
1.1,-2.0,80.0,20.0,24.1,102.29,2012,11,11,9,6,1,0.7071067811865476,-0.7071067811865475
13.1,7.2,67.0,9.0,26.349999999999998,101.69,2012,5,19,4,5,1,0.8660254037844386,0.5000000000000001
10.9,-2.2,40.0,17.0,26.349999999999998,101.78,2012,10,24,17,2,0,-0.9659258262890683,-0.25881904510252063
-9.9,-13.4,76.0,11.0,26.349999999999998,101.45,2012,12,24,10,0,0,0.49999999999999994,-0.8660254037844387
1.4,-3.3,71.0,32.0,24.1,100.6,2012,2,6,10,0,0,0.49999999999999994,-0.8660254037844387
-8.8,-10.0,91.0,20.0,22.750000000000004,100.55,2012,12,29,15,5,1,-0.7071067811865471,-0.7071067811865479
-12.1,-16.0,73.0,13.0,25.0,101.99,2012,1,23,3,0,0,0.7071067811865476,0.7071067811865476
10.0,5.1,72.0,22.0,24.1,101.04,2012,10,22,8,0,0,0.8660254037844387,-0.4999999999999998
-5.2,-7.1,86.0,13.0,22.750000000000004,101.18,2012,3,2,12,4,0,1.2246467991473532e-16,-1.0
22.2,7.1,38.0,13.0,26.349999999999998,101.07,2012,7,9,12,0,0,1.2246467991473532e-16,-1.0
14.7,-0.7,35.0,17.0,26.349999999999998,101.08,2012,4,14,14,5,1,-0.4999999999999997,-0.8660254037844388
0.6,-12.8,36.0,9.0,25.0,100.84,2012,4,2,22,0,0,-0.5000000000000004,0.8660254037844384
12.4,5.7,64.0,9.0,26.349999999999998,102.14,2012,6,14,5,3,0,0.9659258262890683,0.25881904510252074
11.6,0.3,46.0,9.0,25.0,100.76,2012,4,14,23,5,1,-0.25881904510252157,0.9659258262890681
13.1,-4.2,30.0,9.0,25.0,101.65,2012,5,5,22,5,1,-0.5000000000000004,0.8660254037844384
24.7,12.1,45.0,13.0,24.1,101.77,2012,3,21,14,2,0,-0.4999999999999997,-0.8660254037844388
7.3,0.9,64.0,6.0,25.0,101.3,2012,10,7,19,6,1,-0.9659258262890684,0.2588190451025203
25.0,5.1,28.0,15.0,26.349999999999998,102.08,2012,6,15,16,4,0,-0.8660254037844385,-0.5000000000000004
17.4,12.1,71.0,19.0,25.0,100.54,2012,10,5,22,4,0,-0.5000000000000004,0.8660254037844384
0.4,-1.5,87.0,22.0,22.750000000000004,100.62,2012,1,7,23,5,1,-0.25881904510252157,0.9659258262890681
4.1,-2.1,64.0,7.0,26.349999999999998,101.75,2012,4,13,7,4,0,0.9659258262890683,-0.25881904510252063
3.7,3.3,97.0,0.0,22.750000000000004,101.93,2012,3,16,20,4,0,-0.8660254037844386,0.5000000000000001
0.6,-0.9,90.0,13.0,25.0,101.5,2012,12,19,23,2,0,-0.25881904510252157,0.9659258262890681
13.3,4.2,54.0,15.0,24.1,101.59,2012,10,25,16,3,0,-0.8660254037844385,-0.5000000000000004
-5.1,-7.6,83.0,33.0,22.750000000000004,99.83,2012,1,12,17,3,0,-0.9659258262890683,-0.25881904510252063
15.7,15.2,97.0,4.0,25.0,101.01,2012,9,21,20,4,0,-0.8660254037844386,0.5000000000000001
19.0,14.6,76.0,13.0,25.0,101.34,2012,8,22,0,2,0,0.0,1.0
-7.9,-12.4,70.0,11.0,24.1,102.01,2012,1,26,9,3,0,0.7071067811865476,-0.7071067811865475
1.1,-8.8,48.0,19.0,26.349999999999998,101.34,2012,4,6,8,4,0,0.8660254037844387,-0.4999999999999998
14.2,9.4,73.0,0.0,26.349999999999998,100.71,2012,6,9,6,5,1,1.0,6.123233995736766e-17
16.9,7.8,55.0,4.0,25.0,100.97,2012,6,9,23,5,1,-0.25881904510252157,0.9659258262890681
18.8,15.1,79.0,6.0,25.0,100.83,2012,9,17,22,0,0,-0.5000000000000004,0.8660254037844384
12.6,6.6,67.0,11.0,25.0,100.99,2012,6,6,2,2,0,0.49999999999999994,0.8660254037844387
16.0,10.4,69.0,11.0,24.1,100.19,2012,6,26,7,1,0,0.9659258262890683,-0.25881904510252063
13.8,10.5,80.0,20.0,24.1,101.36,2012,9,15,7,5,1,0.9659258262890683,-0.25881904510252063
-0.9,-5.0,74.0,22.0,22.750000000000004,99.9,2012,11,24,19,5,1,-0.9659258262890684,0.2588190451025203
-7.3,-15.8,51.0,17.0,26.349999999999998,101.86,2012,1,30,16,0,0,-0.8660254037844385,-0.5000000000000004
3.4,-2.0,68.0,9.0,22.750000000000004,101.86,2012,11,20,20,1,0,-0.8660254037844386,0.5000000000000001
-0.4,-1.5,92.0,13.0,22.750000000000004,102.29,2012,3,15,2,3,0,0.49999999999999994,0.8660254037844387
21.9,18.1,79.0,15.0,24.1,100.88,2012,8,14,10,1,0,0.49999999999999994,-0.8660254037844387
20.5,13.0,62.0,20.0,26.349999999999998,99.7,2012,6,30,4,5,1,0.8660254037844386,0.5000000000000001
21.6,12.0,54.0,4.0,26.349999999999998,102.15,2012,6,16,10,5,1,0.49999999999999994,-0.8660254037844387
17.1,4.9,44.0,15.0,26.349999999999998,100.96,2012,5,31,19,3,0,-0.9659258262890684,0.2588190451025203
-10.2,-13.9,74.0,22.0,25.0,102.16,2012,12,26,17,2,0,-0.9659258262890683,-0.25881904510252063
-1.5,-6.7,68.0,7.0,26.349999999999998,101.98,2012,3,11,6,6,1,1.0,6.123233995736766e-17
2.3,-2.4,71.0,32.0,24.1,100.74,2012,2,17,9,4,0,0.7071067811865476,-0.7071067811865475
8.0,7.8,99.0,0.0,25.0,101.44,2012,9,24,5,0,0,0.9659258262890683,0.25881904510252074
2.8,-2.0,71.0,7.0,25.0,101.85,2012,11,21,17,2,0,-0.9659258262890683,-0.25881904510252063
-0.9,-7.8,59.0,4.0,25.0,101.89,2012,11,6,18,1,0,-1.0,-1.8369701987210297e-16
4.6,-0.3,70.0,15.0,25.0,101.45,2012,11,9,19,4,0,-0.9659258262890684,0.2588190451025203
10.4,-3.9,36.0,17.0,25.0,99.5,2012,4,8,21,6,1,-0.7071067811865477,0.7071067811865474
11.0,7.6,80.0,22.0,22.750000000000004,100.38,2012,6,4,4,0,0,0.8660254037844386,0.5000000000000001
27.1,16.7,53.0,17.0,24.1,101.03,2012,8,3,12,4,0,1.2246467991473532e-16,-1.0
21.9,17.6,77.0,0.0,25.0,101.17,2012,7,30,0,0,0,0.0,1.0
-4.5,-6.7,85.0,11.0,25.0,101.98,2012,2,4,1,5,1,0.25881904510252074,0.9659258262890683
1.8,0.2,89.0,33.0,22.750000000000004,99.015,2012,12,21,15,4,0,-0.7071067811865471,-0.7071067811865479
10.2,-3.7,37.0,19.0,25.0,99.42,2012,4,8,22,6,1,-0.5000000000000004,0.8660254037844384
-9.1,-10.4,90.0,11.0,22.750000000000004,100.32,2012,12,30,5,6,1,0.9659258262890683,0.25881904510252074
11.5,7.5,76.0,24.0,25.0,100.32,2012,6,4,3,0,0,0.7071067811865476,0.7071067811865476
2.4,-10.1,39.0,11.0,26.349999999999998,101.5,2012,4,7,7,5,1,0.9659258262890683,-0.25881904510252063
3.9,-7.9,42.0,11.0,24.1,101.26,2012,3,30,18,4,0,-1.0,-1.8369701987210297e-16
27.3,19.8,64.0,11.0,24.1,100.97,2012,7,31,10,1,0,0.49999999999999994,-0.8660254037844387
24.4,16.4,61.0,15.0,24.1,101.25,2012,5,24,19,3,0,-0.9659258262890684,0.2588190451025203
11.3,-2.1,39.0,11.0,26.349999999999998,101.75,2012,10,24,16,2,0,-0.8660254037844385,-0.5000000000000004
19.6,15.1,75.0,19.0,24.1,100.02,2012,6,27,15,2,0,-0.7071067811865471,-0.7071067811865479
13.3,9.2,76.0,7.0,25.0,101.06,2012,6,7,1,3,0,0.25881904510252074,0.9659258262890683
18.4,8.8,54.0,6.0,25.0,101.34,2012,5,12,22,5,1,-0.5000000000000004,0.8660254037844384
-5.7,-8.7,79.0,26.0,22.750000000000004,100.87,2012,3,1,1,3,0,0.25881904510252074,0.9659258262890683
-10.4,-16.2,62.0,33.0,24.1,101.47,2012,1,20,8,4,0,0.8660254037844387,-0.4999999999999998
7.2,4.4,82.0,17.0,25.0,100.4,2012,10,11,0,3,0,0.0,1.0
16.7,12.6,77.0,19.0,24.1,100.89,2012,9,26,10,2,0,0.49999999999999994,-0.8660254037844387
23.6,15.1,59.0,13.0,26.349999999999998,100.81,2012,7,2,10,0,0,0.49999999999999994,-0.8660254037844387
17.3,11.5,69.0,22.0,26.349999999999998,100.54,2012,6,8,8,4,0,0.8660254037844387,-0.4999999999999998
4.1,0.6,78.0,17.0,24.1,101.9,2012,10,25,6,3,0,1.0,6.123233995736766e-17
23.2,9.2,41.0,9.0,26.349999999999998,101.17,2012,5,14,15,0,0,-0.7071067811865471,-0.7071067811865479
19.4,14.2,72.0,9.0,26.349999999999998,100.28,2012,6,28,8,3,0,0.8660254037844387,-0.4999999999999998
-0.9,-4.2,78.0,17.0,24.1,101.12,2012,2,10,8,4,0,0.8660254037844387,-0.4999999999999998
19.8,15.9,78.0,6.0,22.750000000000004,100.34,2012,7,4,0,2,0,0.0,1.0
-2.9,-5.4,83.0,9.0,25.0,103.01,2012,11,15,3,3,0,0.7071067811865476,0.7071067811865476
7.5,7.1,97.0,15.0,22.750000000000004,100.68,2012,10,14,16,6,1,-0.8660254037844385,-0.5000000000000004
0.2,-2.4,83.0,24.0,22.750000000000004,100.03,2012,12,31,20,0,0,-0.8660254037844386,0.5000000000000001
19.8,13.5,67.0,20.0,22.750000000000004,99.92,2012,6,27,12,2,0,1.2246467991473532e-16,-1.0
25.5,12.2,44.0,13.0,26.349999999999998,101.15,2012,7,28,13,5,1,-0.2588190451025208,-0.9659258262890683
21.4,9.4,46.0,20.0,26.349999999999998,101.67,2012,9,11,17,1,0,-0.9659258262890683,-0.25881904510252063
-6.1,-7.4,90.0,6.0,22.750000000000004,102.44,2012,12,13,0,3,0,0.0,1.0
-11.8,-13.5,87.0,4.0,25.0,102.41,2012,12,26,0,2,0,0.0,1.0
16.3,3.6,43.0,24.0,26.349999999999998,101.13,2012,9,24,15,0,0,-0.7071067811865471,-0.7071067811865479
21.8,19.1,85.0,9.0,24.1,100.15,2012,7,4,20,2,0,-0.8660254037844386,0.5000000000000001
28.0,16.0,48.0,20.0,26.349999999999998,101.14,2012,8,3,17,4,0,-0.9659258262890683,-0.25881904510252063
18.9,9.9,56.0,33.0,26.349999999999998,100.99,2012,9,25,13,1,0,-0.2588190451025208,-0.9659258262890683
26.9,17.0,55.0,15.0,25.0,101.07,2012,7,22,21,6,1,-0.7071067811865477,0.7071067811865474
23.1,20.3,84.0,6.0,25.0,100.49,2012,8,1,21,2,0,-0.7071067811865477,0.7071067811865474
-10.3,-17.3,56.0,20.0,25.0,100.53,2012,2,12,23,6,1,-0.25881904510252157,0.9659258262890681
18.3,7.8,50.0,0.0,25.0,101.64,2012,5,20,0,6,1,0.0,1.0
8.8,8.4,97.0,13.0,22.750000000000004,100.05,2012,10,15,0,0,0,0.0,1.0
3.6,2.6,93.0,7.0,24.1,101.72,2012,3,18,6,6,1,1.0,6.123233995736766e-17
1.8,-3.6,67.0,19.0,25.0,101.76,2012,12,14,19,4,0,-0.9659258262890684,0.2588190451025203
16.2,9.3,64.0,11.0,24.1,100.68,2012,5,31,9,3,0,0.7071067811865476,-0.7071067811865475
14.6,7.7,63.0,28.0,26.349999999999998,100.26,2012,10,6,16,5,1,-0.8660254037844385,-0.5000000000000004
24.7,13.8,51.0,15.0,26.349999999999998,100.55,2012,7,1,16,6,1,-0.8660254037844385,-0.5000000000000004
-16.1,-23.6,52.0,0.0,25.0,102.26,2012,1,21,1,5,1,0.25881904510252074,0.9659258262890683
-4.8,-7.9,79.0,36.5,22.750000000000004,99.09,2012,1,13,21,4,0,-0.7071067811865477,0.7071067811865474
-10.4,-16.3,62.0,11.0,26.349999999999998,103.135,2012,11,30,10,4,0,0.49999999999999994,-0.8660254037844387
3.2,-2.8,65.0,11.0,25.0,100.57,2012,2,6,18,0,0,-1.0,-1.8369701987210297e-16
9.7,5.2,74.0,19.0,25.0,100.66,2012,10,6,21,5,1,-0.7071067811865477,0.7071067811865474
-4.6,-12.7,53.0,26.0,25.0,101.23,2012,2,29,21,2,0,-0.7071067811865477,0.7071067811865474
23.6,14.3,56.0,11.0,25.0,99.95,2012,6,28,21,3,0,-0.7071067811865477,0.7071067811865474
4.1,0.9,80.0,20.0,25.0,100.17,2012,11,3,4,5,1,0.8660254037844386,0.5000000000000001
1.9,-6.5,54.0,7.0,26.349999999999998,103.135,2012,11,18,11,6,1,0.258819045102521,-0.9659258262890682
0.3,-1.6,87.0,19.0,22.750000000000004,99.015,2012,1,27,15,4,0,-0.7071067811865471,-0.7071067811865479
-1.0,-8.3,58.0,7.0,26.349999999999998,102.27,2012,12,6,13,3,0,-0.2588190451025208,-0.9659258262890683
3.7,-0.1,76.0,4.0,24.1,102.01,2012,12,3,16,0,0,-0.8660254037844385,-0.5000000000000004
6.9,-8.5,32.0,11.0,25.0,100.34,2012,4,3,22,1,0,-0.5000000000000004,0.8660254037844384
17.3,10.4,64.0,22.0,24.1,101.53,2012,3,22,9,3,0,0.7071067811865476,-0.7071067811865475
22.9,6.7,35.0,11.0,26.349999999999998,102.12,2012,6,14,15,3,0,-0.7071067811865471,-0.7071067811865479
23.2,12.7,52.0,11.0,26.349999999999998,101.0,2012,6,24,9,6,1,0.7071067811865476,-0.7071067811865475
-12.2,-19.9,53.0,6.0,26.349999999999998,101.39,2012,3,5,12,0,0,1.2246467991473532e-16,-1.0
-1.3,-5.3,74.0,9.0,25.0,101.51,2012,12,7,2,4,0,0.49999999999999994,0.8660254037844387
9.1,-2.7,43.0,13.0,25.0,102.08,2012,10,13,17,5,1,-0.9659258262890683,-0.25881904510252063
8.8,2.6,65.0,17.0,24.1,99.08,2012,4,9,13,0,0,-0.2588190451025208,-0.9659258262890683
16.0,10.0,68.0,7.0,25.0,101.31,2012,5,13,1,6,1,0.25881904510252074,0.9659258262890683
-4.8,-8.4,76.0,13.0,22.750000000000004,102.36,2012,12,1,22,5,1,-0.5000000000000004,0.8660254037844384
16.6,11.0,69.0,9.0,25.0,101.06,2012,7,10,3,1,0,0.7071067811865476,0.7071067811865476
25.4,11.7,42.0,13.0,24.1,101.06,2012,7,21,19,5,1,-0.9659258262890684,0.2588190451025203
28.4,19.9,60.0,19.0,22.750000000000004,99.98,2012,7,4,15,2,0,-0.7071067811865471,-0.7071067811865479
22.1,12.3,54.0,9.0,26.349999999999998,100.74,2012,8,19,18,6,1,-1.0,-1.8369701987210297e-16
18.1,14.0,77.0,24.0,25.0,100.55,2012,10,5,20,4,0,-0.8660254037844386,0.5000000000000001
4.6,-2.8,59.0,9.0,24.1,99.94,2012,4,4,5,2,0,0.9659258262890683,0.25881904510252074
-6.0,-10.0,73.0,17.0,25.0,102.55,2012,12,1,20,5,1,-0.8660254037844386,0.5000000000000001
5.3,-5.1,47.0,9.0,26.349999999999998,102.36,2012,4,18,10,2,0,0.49999999999999994,-0.8660254037844387
28.7,13.6,40.0,24.0,26.349999999999998,100.79,2012,8,7,15,1,0,-0.7071067811865471,-0.7071067811865479
4.6,1.9,83.0,36.5,24.1,99.09,2012,4,23,12,0,0,1.2246467991473532e-16,-1.0
1.7,-11.7,36.0,19.0,26.349999999999998,101.08,2012,4,3,8,1,0,0.8660254037844387,-0.4999999999999998
-9.6,-14.1,70.0,13.0,26.349999999999998,102.37,2012,2,4,9,5,1,0.7071067811865476,-0.7071067811865475
14.2,12.9,92.0,22.0,25.0,100.75,2012,10,1,23,0,0,-0.25881904510252157,0.9659258262890681
25.8,3.6,24.0,20.0,26.349999999999998,100.82,2012,6,23,18,5,1,-1.0,-1.8369701987210297e-16
14.0,12.1,88.0,17.0,24.1,99.22,2012,10,31,8,2,0,0.8660254037844387,-0.4999999999999998
2.1,-4.5,62.0,13.0,26.349999999999998,100.69,2012,4,2,8,0,0,0.8660254037844387,-0.4999999999999998
18.3,14.1,76.0,9.0,25.0,101.12,2012,6,19,3,1,0,0.7071067811865476,0.7071067811865476
-2.8,-5.9,79.0,11.0,24.1,102.99,2012,11,19,8,0,0,0.8660254037844387,-0.4999999999999998
20.4,18.6,89.0,6.0,22.750000000000004,100.52,2012,7,16,2,0,0,0.49999999999999994,0.8660254037844387
10.2,6.4,77.0,35.0,24.1,100.29,2012,10,21,8,6,1,0.8660254037844387,-0.4999999999999998
18.3,4.2,39.0,20.0,26.349999999999998,101.82,2012,5,18,12,4,0,1.2246467991473532e-16,-1.0
7.0,3.2,77.0,26.0,24.1,100.5,2012,4,20,19,4,0,-0.9659258262890684,0.2588190451025203
-0.2,-4.5,73.0,26.0,25.0,101.54,2012,11,8,0,3,0,0.0,1.0
5.7,-0.8,63.0,19.0,25.0,100.57,2012,3,8,5,3,0,0.9659258262890683,0.25881904510252074
0.7,-5.4,64.0,26.0,24.1,100.36,2012,1,10,13,1,0,-0.2588190451025208,-0.9659258262890683
19.9,8.1,46.0,6.0,25.0,101.05,2012,7,9,21,0,0,-0.7071067811865477,0.7071067811865474
21.7,19.6,88.0,15.0,26.349999999999998,100.55,2012,8,2,6,3,0,1.0,6.123233995736766e-17
-7.2,-11.1,74.0,7.0,25.0,102.31,2012,2,2,23,3,0,-0.25881904510252157,0.9659258262890681
-4.0,-7.0,80.0,4.0,25.0,103.01,2012,11,14,4,2,0,0.8660254037844386,0.5000000000000001
1.9,-4.6,62.0,13.0,25.0,100.41,2012,4,5,3,3,0,0.7071067811865476,0.7071067811865476
-13.6,-18.7,65.0,19.0,26.349999999999998,102.62,2012,1,16,10,0,0,0.49999999999999994,-0.8660254037844387
12.8,5.4,61.0,6.0,25.0,101.18,2012,9,16,21,6,1,-0.7071067811865477,0.7071067811865474
13.0,9.3,78.0,11.0,25.0,101.2,2012,9,29,2,5,1,0.49999999999999994,0.8660254037844387
26.1,15.2,51.0,7.0,24.1,100.71,2012,7,27,18,4,0,-1.0,-1.8369701987210297e-16
5.4,1.3,75.0,19.0,25.0,99.42,2012,4,9,22,0,0,-0.5000000000000004,0.8660254037844384
9.5,8.0,90.0,19.0,22.750000000000004,100.56,2012,12,5,0,2,0,0.0,1.0
0.1,-0.2,98.0,15.0,22.750000000000004,99.32,2012,12,10,14,0,0,-0.4999999999999997,-0.8660254037844388
18.5,16.0,85.0,9.0,25.0,100.76,2012,8,16,1,3,0,0.25881904510252074,0.9659258262890683
9.9,7.9,87.0,9.0,22.750000000000004,101.17,2012,5,1,16,1,0,-0.8660254037844385,-0.5000000000000004
18.5,13.7,74.0,9.0,25.0,101.18,2012,7,29,0,6,1,0.0,1.0
15.9,9.2,64.0,11.0,24.1,101.12,2012,6,7,8,3,0,0.8660254037844387,-0.4999999999999998
0.6,-1.0,89.0,7.0,22.750000000000004,99.2,2012,2,23,7,3,0,0.9659258262890683,-0.25881904510252063
10.5,-1.3,44.0,20.0,26.349999999999998,101.69,2012,3,11,15,6,1,-0.7071067811865471,-0.7071067811865479
4.7,2.8,87.0,15.0,25.0,99.79,2012,4,27,2,4,0,0.49999999999999994,0.8660254037844387
-4.1,-6.1,86.0,15.0,22.750000000000004,101.03,2012,3,2,14,4,0,-0.4999999999999997,-0.8660254037844388
8.8,3.2,68.0,15.0,25.0,101.2,2012,5,1,3,1,0,0.7071067811865476,0.7071067811865476
24.2,20.3,79.0,7.0,25.0,100.52,2012,8,1,22,2,0,-0.5000000000000004,0.8660254037844384
20.3,5.3,37.0,6.0,26.349999999999998,101.49,2012,5,27,17,6,1,-0.9659258262890683,-0.25881904510252063
16.6,12.4,76.0,11.0,25.0,100.55,2012,7,25,0,2,0,0.0,1.0
1.6,-2.8,73.0,26.0,24.1,100.88,2012,1,24,17,1,0,-0.9659258262890683,-0.25881904510252063
-17.9,-22.6,67.0,9.0,26.349999999999998,102.9,2012,1,16,8,0,0,0.8660254037844387,-0.4999999999999998
17.5,14.3,81.0,22.0,24.1,100.85,2012,10,5,11,4,0,0.258819045102521,-0.9659258262890682
15.2,12.6,84.0,11.0,25.0,100.66,2012,4,16,4,0,0,0.8660254037844386,0.5000000000000001
26.8,9.4,33.0,19.0,26.349999999999998,100.67,2012,6,24,14,6,1,-0.4999999999999997,-0.8660254037844388
7.2,4.5,83.0,9.0,24.1,99.33,2012,11,1,8,3,0,0.8660254037844387,-0.4999999999999998
-8.4,-13.7,66.0,6.0,26.349999999999998,102.32,2012,2,4,10,5,1,0.49999999999999994,-0.8660254037844387
-7.5,-13.3,63.0,13.0,26.349999999999998,101.49,2012,12,24,15,0,0,-0.7071067811865471,-0.7071067811865479
18.9,5.5,41.0,6.0,25.0,102.18,2012,6,15,0,4,0,0.0,1.0
26.5,19.9,67.0,20.0,25.0,100.61,2012,6,21,0,3,0,0.0,1.0
-9.9,-13.2,77.0,19.0,25.0,100.48,2012,12,30,7,6,1,0.9659258262890683,-0.25881904510252063
5.7,3.5,86.0,19.0,25.0,100.21,2012,4,21,2,5,1,0.49999999999999994,0.8660254037844387
13.4,9.2,76.0,24.0,22.750000000000004,100.36,2012,6,2,5,5,1,0.9659258262890683,0.25881904510252074
-7.5,-12.1,70.0,11.0,22.750000000000004,100.76,2012,2,13,21,0,0,-0.7071067811865477,0.7071067811865474
2.3,-1.9,74.0,22.0,24.1,99.42,2012,2,23,11,3,0,0.258819045102521,-0.9659258262890682
-9.5,-14.8,65.0,32.0,26.349999999999998,101.85,2012,12,16,8,6,1,0.8660254037844387,-0.4999999999999998
18.7,15.6,82.0,22.0,24.1,100.54,2012,6,13,4,2,0,0.8660254037844386,0.5000000000000001
1.6,0.4,92.0,7.0,22.750000000000004,101.51,2012,3,14,9,2,0,0.7071067811865476,-0.7071067811865475
25.3,14.2,50.0,20.0,24.1,101.06,2012,6,18,13,0,0,-0.2588190451025208,-0.9659258262890683
19.3,14.0,71.0,13.0,25.0,101.09,2012,5,26,1,5,1,0.25881904510252074,0.9659258262890683
-12.0,-21.9,44.0,32.0,26.349999999999998,100.54,2012,2,12,16,6,1,-0.8660254037844385,-0.5000000000000004
-7.7,-14.1,60.0,6.0,26.349999999999998,101.95,2012,12,25,14,1,0,-0.4999999999999997,-0.8660254037844388
20.3,19.1,93.0,13.0,22.750000000000004,100.43,2012,9,5,0,2,0,0.0,1.0
5.0,1.6,79.0,36.5,25.0,99.9,2012,3,8,20,3,0,-0.8660254037844386,0.5000000000000001
21.8,15.9,69.0,11.0,25.0,101.4,2012,8,27,3,0,0,0.7071067811865476,0.7071067811865476
19.4,6.8,44.0,6.0,25.0,100.87,2012,6,9,21,5,1,-0.7071067811865477,0.7071067811865474
24.5,18.9,71.0,9.0,25.0,101.28,2012,7,15,2,6,1,0.49999999999999994,0.8660254037844387
6.8,1.2,67.0,24.0,24.1,101.2,2012,10,11,9,3,0,0.7071067811865476,-0.7071067811865475
6.7,0.2,63.0,19.0,26.349999999999998,100.39,2012,3,8,8,3,0,0.8660254037844387,-0.4999999999999998
13.1,3.8,53.0,7.0,26.349999999999998,101.97,2012,9,27,18,3,0,-1.0,-1.8369701987210297e-16
18.9,14.4,75.0,11.0,24.1,100.87,2012,10,5,10,4,0,0.49999999999999994,-0.8660254037844387
-11.4,-19.4,52.0,20.0,24.1,101.56,2012,1,11,14,2,0,-0.4999999999999997,-0.8660254037844388
-3.8,-9.4,65.0,33.0,24.1,100.33,2012,11,25,9,6,1,0.7071067811865476,-0.7071067811865475
21.9,18.0,79.0,15.0,22.750000000000004,100.88,2012,8,13,9,0,0,0.7071067811865476,-0.7071067811865475
1.1,-8.3,49.0,17.0,25.0,101.13,2012,4,6,4,4,0,0.8660254037844386,0.5000000000000001
-19.2,-23.8,67.0,6.0,25.0,103.07,2012,1,16,3,0,0,0.7071067811865476,0.7071067811865476
16.8,8.6,58.0,9.0,25.0,101.7,2012,5,20,3,6,1,0.7071067811865476,0.7071067811865476
8.3,5.7,84.0,0.0,24.1,101.54,2012,5,14,5,0,0,0.9659258262890683,0.25881904510252074
3.0,-0.5,78.0,11.0,25.0,100.66,2012,10,16,21,1,0,-0.7071067811865477,0.7071067811865474
-8.0,-11.2,78.0,9.0,25.0,100.62,2012,12,23,21,6,1,-0.7071067811865477,0.7071067811865474
15.1,12.4,84.0,0.0,25.0,101.39,2012,7,21,2,5,1,0.49999999999999994,0.8660254037844387
24.5,20.8,80.0,7.0,24.1,100.57,2012,7,16,8,0,0,0.8660254037844387,-0.4999999999999998
11.9,10.1,89.0,17.0,22.750000000000004,100.79,2012,9,30,10,6,1,0.49999999999999994,-0.8660254037844387
16.9,10.4,66.0,0.0,25.0,100.83,2012,7,3,3,1,0,0.7071067811865476,0.7071067811865476
11.0,9.2,89.0,20.0,22.750000000000004,100.37,2012,5,8,11,1,0,0.258819045102521,-0.9659258262890682
21.4,15.7,70.0,15.0,24.1,101.36,2012,8,27,5,0,0,0.9659258262890683,0.25881904510252074
-8.1,-12.1,73.0,13.0,25.0,101.67,2012,1,23,7,0,0,0.9659258262890683,-0.25881904510252063
11.4,11.4,100.0,15.0,22.750000000000004,101.54,2012,10,3,8,2,0,0.8660254037844387,-0.4999999999999998
6.4,4.0,85.0,15.0,25.0,100.13,2012,4,21,1,5,1,0.25881904510252074,0.9659258262890683
21.3,15.4,69.0,17.0,25.0,100.96,2012,5,25,23,4,0,-0.25881904510252157,0.9659258262890681
1.1,-1.1,85.0,7.0,25.0,99.17,2012,2,23,2,3,0,0.49999999999999994,0.8660254037844387
4.0,-2.3,63.0,6.0,26.349999999999998,101.43,2012,4,12,7,3,0,0.9659258262890683,-0.25881904510252063
0.4,-1.7,86.0,9.0,22.750000000000004,102.55,2012,11,16,9,4,0,0.7071067811865476,-0.7071067811865475
4.0,-3.2,59.0,20.0,24.1,101.26,2012,11,9,13,4,0,-0.2588190451025208,-0.9659258262890683
21.6,19.3,87.0,13.0,24.1,99.85,2012,7,24,7,1,0,0.9659258262890683,-0.25881904510252063
2.3,-8.2,46.0,22.0,25.0,101.04,2012,4,6,2,4,0,0.49999999999999994,0.8660254037844387
26.1,20.6,72.0,9.0,24.1,100.58,2012,8,11,12,5,1,1.2246467991473532e-16,-1.0
9.1,-1.0,49.0,7.0,25.0,101.68,2012,3,11,18,6,1,-1.0,-1.8369701987210297e-16
3.0,-1.0,75.0,36.5,24.1,99.015,2012,3,3,9,5,1,0.7071067811865476,-0.7071067811865475
2.0,-0.7,82.0,36.5,22.750000000000004,100.89,2012,4,22,23,6,1,-0.25881904510252157,0.9659258262890681
10.6,7.5,81.0,0.0,22.750000000000004,101.12,2012,5,1,13,1,0,-0.2588190451025208,-0.9659258262890683
-4.3,-10.8,60.0,4.0,25.0,101.33,2012,3,30,4,4,0,0.8660254037844386,0.5000000000000001
-0.3,-2.3,86.0,6.0,25.0,101.58,2012,12,2,7,6,1,0.9659258262890683,-0.25881904510252063
25.0,18.8,68.0,17.0,25.0,100.82,2012,6,20,0,2,0,0.0,1.0
25.7,19.1,67.0,15.0,25.0,100.48,2012,8,1,20,2,0,-0.8660254037844386,0.5000000000000001
22.2,14.8,63.0,9.0,26.349999999999998,101.3,2012,7,29,9,6,1,0.7071067811865476,-0.7071067811865475
1.1,0.2,94.0,22.0,22.750000000000004,99.51,2012,12,18,15,1,0,-0.7071067811865471,-0.7071067811865479
14.4,5.9,57.0,19.0,25.0,100.99,2012,10,18,22,3,0,-0.5000000000000004,0.8660254037844384
-10.3,-11.7,89.0,4.0,25.0,102.06,2012,12,12,5,2,0,0.9659258262890683,0.25881904510252074
-4.2,-11.8,55.0,28.0,25.0,101.78,2012,11,29,18,3,0,-1.0,-1.8369701987210297e-16
1.0,-2.6,77.0,19.0,22.750000000000004,99.53,2012,2,24,15,4,0,-0.7071067811865471,-0.7071067811865479
-20.0,-25.9,59.0,11.0,25.0,101.65,2012,1,14,21,5,1,-0.7071067811865477,0.7071067811865474
-13.0,-14.4,89.0,7.0,25.0,102.46,2012,12,26,7,2,0,0.9659258262890683,-0.25881904510252063
7.6,-7.7,33.0,15.0,26.349999999999998,101.18,2012,4,6,13,4,0,-0.2588190451025208,-0.9659258262890683
16.7,10.5,67.0,6.0,25.0,100.28,2012,5,31,0,3,0,0.0,1.0
21.0,14.4,66.0,13.0,25.0,101.95,2012,9,12,22,2,0,-0.5000000000000004,0.8660254037844384
-7.7,-13.8,62.0,32.0,24.1,101.8,2012,12,16,10,6,1,0.49999999999999994,-0.8660254037844387
0.5,-1.1,89.0,9.0,22.750000000000004,99.16,2012,2,23,6,3,0,1.0,6.123233995736766e-17
8.8,7.7,93.0,4.0,22.750000000000004,101.49,2012,5,2,3,2,0,0.7071067811865476,0.7071067811865476
-6.5,-8.7,84.0,0.0,22.750000000000004,101.48,2012,2,28,1,1,0,0.25881904510252074,0.9659258262890683
1.9,-9.9,41.0,9.0,25.0,101.56,2012,4,28,22,5,1,-0.5000000000000004,0.8660254037844384
-3.8,-6.5,81.0,7.0,25.0,102.07,2012,11,27,23,1,0,-0.25881904510252157,0.9659258262890681
28.4,8.4,28.0,26.0,26.349999999999998,101.36,2012,5,21,13,0,0,-0.2588190451025208,-0.9659258262890683
0.6,-9.7,46.0,32.0,26.349999999999998,101.79,2012,4,28,9,5,1,0.7071067811865476,-0.7071067811865475
27.6,17.9,56.0,19.0,24.1,100.31,2012,9,6,16,3,0,-0.8660254037844385,-0.5000000000000004
18.1,10.8,62.0,26.0,24.1,100.12,2012,6,25,16,0,0,-0.8660254037844385,-0.5000000000000004
19.6,10.6,56.0,13.0,26.349999999999998,101.3,2012,6,13,12,2,0,1.2246467991473532e-16,-1.0
1.1,-3.6,71.0,32.0,24.1,100.62,2012,2,6,9,0,0,0.7071067811865476,-0.7071067811865475
-12.0,-16.2,71.0,22.0,22.750000000000004,100.58,2012,1,6,6,4,0,1.0,6.123233995736766e-17
6.3,0.6,67.0,6.0,25.0,101.3,2012,11,22,19,3,0,-0.9659258262890684,0.2588190451025203
6.4,-3.6,49.0,4.0,24.1,101.58,2012,3,7,12,2,0,1.2246467991473532e-16,-1.0
2.8,1.6,92.0,24.0,22.750000000000004,100.49,2012,2,17,5,4,0,0.9659258262890683,0.25881904510252074
-3.4,-7.0,76.0,6.0,26.349999999999998,101.86,2012,11,6,7,1,0,0.9659258262890683,-0.25881904510252063
3.7,-6.1,49.0,13.0,25.0,102.41,2012,11,13,17,1,0,-0.9659258262890683,-0.25881904510252063
18.1,9.6,58.0,30.0,26.349999999999998,100.99,2012,9,25,12,1,0,1.2246467991473532e-16,-1.0
17.1,12.6,75.0,17.0,26.349999999999998,100.79,2012,8,18,8,5,1,0.8660254037844387,-0.4999999999999998
-3.6,-4.7,92.0,22.0,22.750000000000004,101.12,2012,12,16,22,6,1,-0.5000000000000004,0.8660254037844384
-4.6,-7.0,83.0,28.0,22.750000000000004,99.4,2012,1,12,23,3,0,-0.25881904510252157,0.9659258262890681
20.9,17.7,82.0,9.0,22.750000000000004,99.66,2012,9,8,8,5,1,0.8660254037844387,-0.4999999999999998
24.6,13.2,49.0,17.0,24.1,100.64,2012,8,20,13,0,0,-0.2588190451025208,-0.9659258262890683
3.7,-2.1,66.0,36.5,25.0,99.015,2012,1,18,1,2,0,0.25881904510252074,0.9659258262890683
14.8,10.9,77.0,11.0,24.1,101.05,2012,5,23,7,2,0,0.9659258262890683,-0.25881904510252063
-0.5,-6.2,65.0,24.0,25.0,101.45,2012,1,25,3,2,0,0.7071067811865476,0.7071067811865476
5.8,3.7,86.0,17.0,25.0,99.94,2012,11,2,20,4,0,-0.8660254037844386,0.5000000000000001
3.2,-10.4,36.0,0.0,25.0,102.09,2012,4,30,2,0,0,0.49999999999999994,0.8660254037844387
10.3,0.8,52.0,26.0,26.349999999999998,100.47,2012,3,8,7,3,0,0.9659258262890683,-0.25881904510252063
-18.0,-23.6,61.0,19.0,24.1,100.97,2012,1,14,9,5,1,0.7071067811865476,-0.7071067811865475
-9.7,-14.2,70.0,19.0,22.750000000000004,101.54,2012,1,31,10,1,0,0.49999999999999994,-0.8660254037844387
19.0,15.6,81.0,6.0,25.0,101.22,2012,7,30,4,0,0,0.8660254037844386,0.5000000000000001
21.7,14.7,64.0,11.0,26.349999999999998,100.23,2012,6,28,10,3,0,0.49999999999999994,-0.8660254037844387
19.8,4.9,38.0,17.0,26.349999999999998,101.16,2012,6,1,15,4,0,-0.7071067811865471,-0.7071067811865479
-2.9,-9.4,61.0,17.0,25.0,102.21,2012,12,6,2,3,0,0.49999999999999994,0.8660254037844387
2.3,-3.3,66.0,19.0,26.349999999999998,101.36,2012,11,9,10,4,0,0.49999999999999994,-0.8660254037844387
-1.1,-4.5,78.0,11.0,22.750000000000004,101.39,2012,3,28,1,2,0,0.25881904510252074,0.9659258262890683
20.4,14.6,69.0,4.0,24.1,101.88,2012,8,25,5,5,1,0.9659258262890683,0.25881904510252074
25.2,16.7,59.0,15.0,24.1,100.7,2012,8,15,14,2,0,-0.4999999999999997,-0.8660254037844388
-5.0,-8.4,77.0,24.0,22.750000000000004,100.6,2012,1,19,21,3,0,-0.7071067811865477,0.7071067811865474
2.3,-1.3,77.0,17.0,25.0,101.7,2012,12,14,18,4,0,-1.0,-1.8369701987210297e-16
-7.4,-12.7,66.0,9.0,24.1,101.86,2012,2,2,13,3,0,-0.2588190451025208,-0.9659258262890683
19.4,15.8,80.0,9.0,25.0,101.03,2012,7,31,4,1,0,0.8660254037844386,0.5000000000000001
21.6,9.8,47.0,20.0,26.349999999999998,101.48,2012,6,13,18,2,0,-1.0,-1.8369701987210297e-16
14.1,11.8,86.0,11.0,24.1,101.58,2012,5,13,6,6,1,1.0,6.123233995736766e-17
-10.0,-12.7,81.0,24.0,25.0,101.02,2012,12,24,4,0,0,0.8660254037844386,0.5000000000000001
18.6,16.1,85.0,17.0,25.0,100.45,2012,6,12,22,1,0,-0.5000000000000004,0.8660254037844384
13.0,5.6,61.0,24.0,26.349999999999998,101.03,2012,10,22,12,0,0,1.2246467991473532e-16,-1.0
22.7,8.4,40.0,9.0,26.349999999999998,101.41,2012,9,1,18,5,1,-1.0,-1.8369701987210297e-16
-3.2,-6.7,77.0,6.0,22.750000000000004,102.17,2012,12,12,15,2,0,-0.7071067811865471,-0.7071067811865479
14.3,12.5,89.0,15.0,22.750000000000004,100.12,2012,5,9,7,2,0,0.9659258262890683,-0.25881904510252063
21.1,12.7,59.0,9.0,24.1,101.56,2012,5,26,9,5,1,0.7071067811865476,-0.7071067811865475
14.9,11.4,80.0,17.0,26.349999999999998,100.45,2012,10,1,17,0,0,-0.9659258262890683,-0.25881904510252063
10.1,8.4,89.0,7.0,25.0,101.16,2012,9,17,3,0,0,0.7071067811865476,0.7071067811865476
7.7,0.2,59.0,13.0,25.0,101.79,2012,10,23,23,1,0,-0.25881904510252157,0.9659258262890681
1.6,1.5,99.0,4.0,22.750000000000004,102.38,2012,3,17,9,5,1,0.7071067811865476,-0.7071067811865475
13.5,11.0,85.0,22.0,24.1,100.35,2012,6,2,16,5,1,-0.8660254037844385,-0.5000000000000004
5.1,3.5,89.0,7.0,25.0,101.42,2012,10,23,3,1,0,0.7071067811865476,0.7071067811865476
6.9,4.8,86.0,11.0,22.750000000000004,101.53,2012,10,26,6,4,0,1.0,6.123233995736766e-17
16.0,4.1,45.0,28.0,26.349999999999998,101.02,2012,9,23,14,6,1,-0.4999999999999997,-0.8660254037844388
7.6,4.6,81.0,9.0,24.1,100.29,2012,3,25,15,6,1,-0.7071067811865471,-0.7071067811865479
28.0,19.4,60.0,19.0,24.1,100.91,2012,6,19,17,1,0,-0.9659258262890683,-0.25881904510252063
12.9,10.0,83.0,15.0,24.1,101.33,2012,9,28,18,4,0,-1.0,-1.8369701987210297e-16
2.5,-1.7,74.0,28.0,24.1,100.16,2012,4,27,6,4,0,1.0,6.123233995736766e-17
-2.8,-6.7,74.0,6.0,25.0,102.16,2012,11,27,19,1,0,-0.9659258262890684,0.2588190451025203
28.6,16.1,47.0,20.0,24.1,100.99,2012,7,22,19,6,1,-0.9659258262890684,0.2588190451025203
11.9,10.7,92.0,4.0,22.750000000000004,99.66,2012,10,15,4,0,0,0.8660254037844386,0.5000000000000001
6.9,5.6,91.0,0.0,25.0,101.75,2012,9,11,5,1,0,0.9659258262890683,0.25881904510252074
22.5,19.5,83.0,4.0,25.0,101.16,2012,7,29,22,6,1,-0.5000000000000004,0.8660254037844384
5.4,3.2,86.0,36.5,22.750000000000004,99.015,2012,4,23,19,0,0,-0.9659258262890684,0.2588190451025203
-2.1,-12.0,47.0,17.0,26.349999999999998,101.31,2012,2,8,17,2,0,-0.9659258262890683,-0.25881904510252063
-6.4,-8.0,88.0,30.0,22.750000000000004,101.28,2012,12,16,17,6,1,-0.9659258262890683,-0.25881904510252063
22.4,13.8,58.0,13.0,25.0,101.79,2012,8,24,23,4,0,-0.25881904510252157,0.9659258262890681
-3.0,-4.9,87.0,4.0,26.349999999999998,103.135,2012,11,14,8,2,0,0.8660254037844387,-0.4999999999999998
0.9,-9.6,45.0,4.0,26.349999999999998,101.57,2012,3,30,11,4,0,0.258819045102521,-0.9659258262890682
7.2,1.2,66.0,19.0,24.1,99.015,2012,4,24,10,1,0,0.49999999999999994,-0.8660254037844387
-13.4,-18.9,63.0,20.0,22.750000000000004,100.26,2012,1,14,4,5,1,0.8660254037844386,0.5000000000000001
-4.7,-13.7,49.0,24.0,25.0,101.28,2012,1,26,18,3,0,-1.0,-1.8369701987210297e-16
-7.0,-14.9,53.0,20.0,26.349999999999998,101.03,2012,1,19,14,3,0,-0.4999999999999997,-0.8660254037844388
8.5,1.9,63.0,9.0,26.349999999999998,101.4,2012,5,17,6,3,0,1.0,6.123233995736766e-17
-4.3,-12.2,54.0,20.0,24.1,101.4,2012,1,26,17,3,0,-0.9659258262890683,-0.25881904510252063
0.9,-6.3,59.0,9.0,26.349999999999998,102.41,2012,4,18,6,2,0,1.0,6.123233995736766e-17
0.5,-4.6,69.0,28.0,25.0,101.2,2012,1,25,0,2,0,0.0,1.0
4.6,-5.0,50.0,4.0,24.1,103.135,2012,11,14,11,2,0,0.258819045102521,-0.9659258262890682
-9.8,-19.0,47.0,22.0,25.0,101.9,2012,3,5,18,0,0,-1.0,-1.8369701987210297e-16
18.2,9.6,57.0,4.0,26.349999999999998,101.73,2012,7,11,7,2,0,0.9659258262890683,-0.25881904510252063
21.5,14.8,66.0,17.0,25.0,100.35,2012,7,3,22,1,0,-0.5000000000000004,0.8660254037844384
19.0,11.6,62.0,28.0,25.0,100.34,2012,4,17,0,1,0,0.0,1.0
12.0,9.9,87.0,0.0,22.750000000000004,100.24,2012,6,3,5,6,1,0.9659258262890683,0.25881904510252074
1.8,-7.6,50.0,20.0,24.1,101.41,2012,11,5,15,0,0,-0.7071067811865471,-0.7071067811865479
-8.1,-14.1,62.0,17.0,25.0,102.23,2012,1,8,18,6,1,-1.0,-1.8369701987210297e-16
10.9,4.3,64.0,15.0,25.0,100.72,2012,4,15,4,6,1,0.8660254037844386,0.5000000000000001
-0.1,-2.8,82.0,11.0,22.750000000000004,102.0,2012,11,21,7,2,0,0.9659258262890683,-0.25881904510252063
20.4,18.0,86.0,15.0,24.1,100.66,2012,8,11,9,5,1,0.7071067811865476,-0.7071067811865475
-6.3,-14.1,54.0,15.0,26.349999999999998,102.95,2012,3,10,9,5,1,0.7071067811865476,-0.7071067811865475
-10.8,-19.8,47.0,28.0,26.349999999999998,101.55,2012,3,5,14,0,0,-0.4999999999999997,-0.8660254037844388
26.9,17.6,57.0,17.0,24.1,100.36,2012,9,6,17,3,0,-0.9659258262890683,-0.25881904510252063
-5.5,-12.8,56.0,19.0,26.349999999999998,99.88,2012,3,4,13,6,1,-0.2588190451025208,-0.9659258262890683
17.0,15.0,88.0,7.0,25.0,100.84,2012,9,17,23,0,0,-0.25881904510252157,0.9659258262890681
9.3,4.8,73.0,4.0,25.0,101.99,2012,9,27,22,3,0,-0.5000000000000004,0.8660254037844384
-9.8,-15.7,62.0,9.0,25.0,100.83,2012,1,5,20,3,0,-0.8660254037844386,0.5000000000000001
15.9,10.4,70.0,6.0,25.0,101.32,2012,5,13,2,6,1,0.49999999999999994,0.8660254037844387
25.2,17.5,62.0,6.0,25.0,100.55,2012,9,5,19,2,0,-0.9659258262890684,0.2588190451025203
16.8,11.6,71.0,0.0,25.0,100.78,2012,8,19,23,6,1,-0.25881904510252157,0.9659258262890681
-0.9,-8.5,56.0,13.0,25.0,101.32,2012,3,31,4,5,1,0.8660254037844386,0.5000000000000001
31.4,13.8,34.0,20.0,26.349999999999998,101.36,2012,7,13,17,4,0,-0.9659258262890683,-0.25881904510252063
21.3,12.9,59.0,7.0,25.0,100.63,2012,7,1,21,6,1,-0.7071067811865477,0.7071067811865474
11.3,8.7,84.0,13.0,25.0,101.0,2012,9,10,4,0,0,0.8660254037844386,0.5000000000000001
8.7,-3.7,41.0,30.0,26.349999999999998,99.78,2012,4,4,10,2,0,0.49999999999999994,-0.8660254037844387
20.4,9.2,49.0,0.0,25.0,101.45,2012,6,11,1,0,0,0.25881904510252074,0.9659258262890683
-0.4,-5.9,66.0,20.0,25.0,101.37,2012,1,25,2,2,0,0.49999999999999994,0.8660254037844387
26.5,16.8,55.0,9.0,26.349999999999998,101.34,2012,9,14,13,4,0,-0.2588190451025208,-0.9659258262890683
27.0,16.3,52.0,9.0,25.0,101.76,2012,8,25,19,5,1,-0.9659258262890684,0.2588190451025203
27.8,13.1,40.0,20.0,26.349999999999998,101.73,2012,9,13,17,3,0,-0.9659258262890683,-0.25881904510252063
5.0,-5.0,48.0,36.5,26.349999999999998,99.015,2012,3,3,16,5,1,-0.8660254037844385,-0.5000000000000004
0.8,0.3,96.0,9.0,22.750000000000004,100.73,2012,12,8,21,5,1,-0.7071067811865477,0.7071067811865474
18.2,10.8,62.0,7.0,25.0,100.83,2012,7,3,0,1,0,0.0,1.0
-10.8,-16.0,65.0,22.0,25.0,101.29,2012,1,11,22,2,0,-0.5000000000000004,0.8660254037844384
4.5,-11.9,29.0,9.0,26.349999999999998,103.135,2012,11,18,15,6,1,-0.7071067811865471,-0.7071067811865479
21.4,15.1,67.0,7.0,25.0,100.52,2012,9,6,21,3,0,-0.7071067811865477,0.7071067811865474
8.4,-9.1,28.0,22.0,25.0,101.8,2012,3,24,0,5,1,0.0,1.0
-15.9,-21.2,64.0,19.0,24.1,102.09,2012,1,21,11,5,1,0.258819045102521,-0.9659258262890682
-2.2,-8.7,61.0,4.0,25.0,101.77,2012,3,10,0,5,1,0.0,1.0
-0.9,-2.4,90.0,6.0,22.750000000000004,100.76,2012,2,10,23,4,0,-0.25881904510252157,0.9659258262890681
-7.3,-17.4,44.0,11.0,25.0,102.03,2012,2,7,18,1,0,-1.0,-1.8369701987210297e-16
9.7,7.2,84.0,19.0,25.0,100.43,2012,10,6,18,5,1,-1.0,-1.8369701987210297e-16
27.6,17.3,53.0,22.0,24.1,101.21,2012,5,24,17,3,0,-0.9659258262890683,-0.25881904510252063
14.0,9.7,75.0,36.5,25.0,99.46,2012,10,29,21,0,0,-0.7071067811865477,0.7071067811865474
-1.5,-6.4,69.0,22.0,25.0,101.96,2012,12,14,21,4,0,-0.7071067811865477,0.7071067811865474
13.0,11.5,91.0,11.0,22.750000000000004,100.77,2012,10,19,12,4,0,1.2246467991473532e-16,-1.0
15.6,13.3,86.0,0.0,25.0,100.75,2012,8,20,3,0,0,0.7071067811865476,0.7071067811865476
13.6,7.0,64.0,6.0,25.0,101.33,2012,9,26,21,2,0,-0.7071067811865477,0.7071067811865474
-11.3,-19.5,51.0,24.0,26.349999999999998,101.46,2012,3,5,13,0,0,-0.2588190451025208,-0.9659258262890683
23.4,17.3,69.0,19.0,24.1,100.33,2012,6,22,7,4,0,0.9659258262890683,-0.25881904510252063
10.7,-1.2,44.0,15.0,24.1,101.39,2012,11,22,15,3,0,-0.7071067811865471,-0.7071067811865479
16.7,13.6,82.0,9.0,22.750000000000004,100.51,2012,6,25,0,0,0,0.0,1.0
-3.5,-5.8,84.0,13.0,25.0,102.02,2012,12,2,3,6,1,0.7071067811865476,0.7071067811865476
7.9,5.9,87.0,13.0,22.750000000000004,101.15,2012,5,1,7,1,0,0.9659258262890683,-0.25881904510252063
-5.3,-8.1,81.0,28.0,22.750000000000004,100.33,2012,1,27,3,4,0,0.7071067811865476,0.7071067811865476
-4.0,-9.5,66.0,20.0,24.1,101.46,2012,3,9,9,4,0,0.7071067811865476,-0.7071067811865475
15.1,6.0,54.0,4.0,25.0,101.55,2012,7,11,3,2,0,0.7071067811865476,0.7071067811865476
0.5,-1.0,90.0,4.0,22.750000000000004,99.13,2012,2,23,4,3,0,0.8660254037844386,0.5000000000000001
-8.8,-12.3,76.0,4.0,25.0,101.66,2012,2,20,2,0,0,0.49999999999999994,0.8660254037844387
-8.5,-13.2,69.0,30.0,25.0,100.49,2012,12,23,5,6,1,0.9659258262890683,0.25881904510252074
-4.5,-9.3,69.0,7.0,25.0,100.62,2012,11,26,3,0,0,0.7071067811865476,0.7071067811865476
-1.6,-4.5,81.0,20.0,25.0,100.03,2012,1,27,23,4,0,-0.25881904510252157,0.9659258262890681
-6.8,-11.7,68.0,11.0,24.1,101.45,2012,12,11,17,1,0,-0.9659258262890683,-0.25881904510252063
-16.6,-19.9,76.0,6.0,25.0,101.85,2012,1,19,5,3,0,0.9659258262890683,0.25881904510252074
-2.0,-9.0,59.0,4.0,25.0,101.61,2012,3,9,20,4,0,-0.8660254037844386,0.5000000000000001
18.3,14.7,80.0,7.0,25.0,101.56,2012,10,3,22,2,0,-0.5000000000000004,0.8660254037844384
13.4,-5.8,26.0,13.0,26.349999999999998,101.64,2012,3,23,18,4,0,-1.0,-1.8369701987210297e-16
14.3,13.1,92.0,6.0,24.1,101.08,2012,10,2,9,1,0,0.7071067811865476,-0.7071067811865475
-9.4,-15.3,62.0,20.0,25.0,102.42,2012,11,29,23,3,0,-0.25881904510252157,0.9659258262890681
-5.0,-6.1,92.0,7.0,25.0,101.01,2012,12,28,5,4,0,0.9659258262890683,0.25881904510252074
10.8,-1.5,42.0,13.0,24.1,101.6,2012,11,22,12,3,0,1.2246467991473532e-16,-1.0
29.2,11.7,34.0,15.0,26.349999999999998,101.56,2012,5,20,18,6,1,-1.0,-1.8369701987210297e-16
-9.0,-13.9,68.0,7.0,25.0,102.22,2012,1,8,23,6,1,-0.25881904510252157,0.9659258262890681
1.7,-5.0,61.0,11.0,25.0,101.27,2012,11,4,23,6,1,-0.25881904510252157,0.9659258262890681
13.8,11.5,86.0,9.0,22.750000000000004,102.15,2012,3,21,8,2,0,0.8660254037844387,-0.4999999999999998
0.8,0.0,94.0,17.0,22.750000000000004,100.53,2012,12,19,12,2,0,1.2246467991473532e-16,-1.0
-17.3,-24.2,55.0,17.0,25.0,101.87,2012,1,3,23,1,0,-0.25881904510252157,0.9659258262890681
17.5,12.2,71.0,13.0,24.1,100.81,2012,7,25,7,2,0,0.9659258262890683,-0.25881904510252063
4.9,-0.9,66.0,7.0,25.0,101.9,2012,10,24,3,2,0,0.7071067811865476,0.7071067811865476
19.8,11.6,59.0,15.0,25.0,101.73,2012,9,11,20,1,0,-0.8660254037844386,0.5000000000000001
7.7,1.4,64.0,22.0,24.1,100.34,2012,10,16,11,1,0,0.258819045102521,-0.9659258262890682
-18.5,-22.0,74.0,4.0,24.1,102.98,2012,1,22,8,6,1,0.8660254037844387,-0.4999999999999998
23.1,15.2,61.0,4.0,25.0,101.49,2012,8,3,23,4,0,-0.25881904510252157,0.9659258262890681
17.6,13.4,76.0,7.0,25.0,100.16,2012,6,28,2,3,0,0.49999999999999994,0.8660254037844387
16.5,11.4,72.0,13.0,24.1,101.17,2012,5,3,16,3,0,-0.8660254037844385,-0.5000000000000004
23.9,6.5,33.0,17.0,26.349999999999998,100.68,2012,6,9,16,5,1,-0.8660254037844385,-0.5000000000000004
13.4,8.7,73.0,17.0,22.750000000000004,100.45,2012,6,2,7,5,1,0.9659258262890683,-0.25881904510252063
10.9,5.1,67.0,9.0,26.349999999999998,102.03,2012,9,27,9,3,0,0.7071067811865476,-0.7071067811865475
29.9,15.4,41.0,11.0,24.1,101.33,2012,7,13,19,4,0,-0.9659258262890684,0.2588190451025203
16.4,10.6,69.0,22.0,24.1,99.63,2012,10,15,12,0,0,1.2246467991473532e-16,-1.0
-11.3,-14.5,77.0,20.0,26.349999999999998,102.5,2012,12,26,11,2,0,0.258819045102521,-0.9659258262890682
5.8,1.4,73.0,22.0,25.0,99.43,2012,4,9,21,0,0,-0.7071067811865477,0.7071067811865474
-14.8,-22.2,53.0,19.0,24.1,101.44,2012,1,3,15,1,0,-0.7071067811865471,-0.7071067811865479
-2.1,-10.9,51.0,24.0,26.349999999999998,100.24,2012,11,25,16,6,1,-0.8660254037844385,-0.5000000000000004
3.5,0.3,80.0,20.0,24.1,100.33,2012,11,3,7,5,1,0.9659258262890683,-0.25881904510252063
9.9,-1.8,44.0,11.0,26.349999999999998,101.34,2012,4,12,19,3,0,-0.9659258262890684,0.2588190451025203
6.4,4.8,89.0,11.0,25.0,100.12,2012,3,25,23,6,1,-0.25881904510252157,0.9659258262890681
27.0,13.8,44.0,15.0,26.349999999999998,100.74,2012,8,7,18,1,0,-1.0,-1.8369701987210297e-16
2.0,-3.1,69.0,6.0,25.0,101.18,2012,12,7,21,4,0,-0.7071067811865477,0.7071067811865474
16.0,15.3,96.0,9.0,25.0,100.36,2012,9,22,19,5,1,-0.9659258262890684,0.2588190451025203
22.8,11.8,50.0,17.0,25.0,101.5,2012,7,11,23,2,0,-0.25881904510252157,0.9659258262890681
-11.6,-18.8,55.0,7.0,26.349999999999998,102.11,2012,1,21,16,5,1,-0.8660254037844385,-0.5000000000000004
5.8,-5.2,45.0,9.0,25.0,101.24,2012,4,8,0,6,1,0.0,1.0
22.1,9.6,45.0,17.0,24.1,100.08,2012,5,30,11,2,0,0.258819045102521,-0.9659258262890682
22.5,20.1,86.0,13.0,26.349999999999998,100.6,2012,8,2,7,3,0,0.9659258262890683,-0.25881904510252063
-6.9,-11.3,71.0,19.0,25.0,102.71,2012,12,1,18,5,1,-1.0,-1.8369701987210297e-16
25.4,12.8,46.0,26.0,25.0,101.05,2012,5,21,19,0,0,-0.9659258262890684,0.2588190451025203
-3.0,-10.4,57.0,11.0,26.349999999999998,101.56,2012,3,30,8,4,0,0.8660254037844387,-0.4999999999999998
-3.6,-6.3,82.0,9.0,25.0,103.0,2012,11,15,4,3,0,0.8660254037844386,0.5000000000000001
20.7,11.7,56.0,11.0,26.349999999999998,100.75,2012,8,19,19,6,1,-0.9659258262890684,0.2588190451025203
9.2,3.9,69.0,24.0,25.0,99.89,2012,10,16,1,1,0,0.25881904510252074,0.9659258262890683
4.4,-1.3,66.0,13.0,25.0,102.61,2012,11,16,17,4,0,-0.9659258262890683,-0.25881904510252063
0.8,0.0,94.0,32.0,22.750000000000004,99.64,2012,12,18,12,1,0,1.2246467991473532e-16,-1.0
14.0,5.9,58.0,6.0,25.0,101.64,2012,5,18,23,4,0,-0.25881904510252157,0.9659258262890681
3.0,-1.6,72.0,17.0,25.0,100.99,2012,11,4,6,6,1,1.0,6.123233995736766e-17
-9.8,-14.9,66.0,32.0,25.0,101.89,2012,12,16,7,6,1,0.9659258262890683,-0.25881904510252063
1.7,0.8,94.0,17.0,22.750000000000004,99.98,2012,12,10,8,0,0,0.8660254037844387,-0.4999999999999998
29.7,22.2,64.0,19.0,24.1,100.5,2012,8,5,12,6,1,1.2246467991473532e-16,-1.0
-1.8,-3.4,89.0,7.0,22.750000000000004,101.26,2012,1,1,2,6,1,0.49999999999999994,0.8660254037844387
21.3,16.7,75.0,4.0,24.1,99.86,2012,7,26,15,3,0,-0.7071067811865471,-0.7071067811865479
0.4,-2.2,83.0,7.0,22.750000000000004,102.01,2012,11,21,8,2,0,0.8660254037844387,-0.4999999999999998
15.1,12.0,82.0,17.0,26.349999999999998,100.69,2012,8,18,6,5,1,1.0,6.123233995736766e-17
2.2,-2.0,74.0,30.0,25.0,99.57,2012,11,24,8,5,1,0.8660254037844387,-0.4999999999999998
-0.1,-2.0,87.0,28.0,22.750000000000004,100.33,2012,3,9,0,4,0,0.0,1.0
-10.9,-15.3,70.0,19.0,24.1,103.135,2012,12,1,8,5,1,0.8660254037844387,-0.4999999999999998
-3.2,-10.0,59.0,15.0,25.0,101.43,2012,2,19,19,6,1,-0.9659258262890684,0.2588190451025203
22.6,16.9,70.0,20.0,24.1,100.21,2012,6,22,5,4,0,0.9659258262890683,0.25881904510252074
5.6,-5.1,46.0,30.0,24.1,101.83,2012,10,12,12,4,0,1.2246467991473532e-16,-1.0
-3.2,-6.9,76.0,7.0,25.0,102.28,2012,3,11,1,6,1,0.25881904510252074,0.9659258262890683
6.6,-8.1,34.0,11.0,26.349999999999998,101.47,2012,4,7,12,5,1,1.2246467991473532e-16,-1.0
0.9,0.0,94.0,28.0,22.750000000000004,100.12,2012,12,21,3,4,0,0.7071067811865476,0.7071067811865476
-4.0,-5.7,88.0,28.0,22.750000000000004,100.49,2012,12,27,18,3,0,-1.0,-1.8369701987210297e-16
21.7,17.5,77.0,22.0,24.1,100.98,2012,8,9,9,3,0,0.7071067811865476,-0.7071067811865475
10.7,5.5,70.0,17.0,25.0,100.06,2012,10,20,20,5,1,-0.8660254037844386,0.5000000000000001
-1.2,-5.2,74.0,0.0,25.0,101.33,2012,2,15,2,2,0,0.49999999999999994,0.8660254037844387
19.2,15.6,80.0,13.0,25.0,101.62,2012,8,24,1,4,0,0.25881904510252074,0.9659258262890683
4.1,1.7,84.0,36.5,22.750000000000004,99.15,2012,4,23,11,0,0,0.258819045102521,-0.9659258262890682
15.7,15.4,98.0,13.0,22.750000000000004,100.99,2012,9,21,22,4,0,-0.5000000000000004,0.8660254037844384
14.6,6.7,59.0,19.0,25.0,100.69,2012,5,28,21,0,0,-0.7071067811865477,0.7071067811865474
4.5,1.2,79.0,17.0,26.349999999999998,102.55,2012,10,13,9,5,1,0.7071067811865476,-0.7071067811865475
21.4,13.7,61.0,13.0,26.349999999999998,101.18,2012,8,6,13,0,0,-0.2588190451025208,-0.9659258262890683
3.8,-2.9,62.0,15.0,24.1,101.3,2012,4,12,5,3,0,0.9659258262890683,0.25881904510252074
8.7,2.7,66.0,15.0,25.0,100.07,2012,5,11,0,4,0,0.0,1.0
1.4,-3.7,69.0,22.0,26.349999999999998,100.14,2012,1,28,16,5,1,-0.8660254037844385,-0.5000000000000004
23.3,12.8,52.0,13.0,22.750000000000004,101.56,2012,5,26,12,5,1,1.2246467991473532e-16,-1.0
-6.6,-13.7,57.0,9.0,25.0,101.96,2012,2,4,18,5,1,-1.0,-1.8369701987210297e-16
11.5,7.3,75.0,0.0,25.0,100.56,2012,6,9,3,5,1,0.7071067811865476,0.7071067811865476
3.5,2.3,92.0,17.0,22.750000000000004,100.04,2012,1,24,0,1,0,0.0,1.0
-5.7,-9.7,73.0,13.0,25.0,102.45,2012,12,6,6,3,0,1.0,6.123233995736766e-17
-9.7,-15.8,61.0,15.0,25.0,103.135,2012,11,30,19,4,0,-0.9659258262890684,0.2588190451025203
12.2,9.5,84.0,20.0,25.0,100.39,2012,9,9,4,6,1,0.8660254037844386,0.5000000000000001
21.6,12.6,57.0,15.0,26.349999999999998,101.58,2012,7,12,7,3,0,0.9659258262890683,-0.25881904510252063
-5.3,-11.2,63.0,17.0,25.0,102.13,2012,3,7,5,2,0,0.9659258262890683,0.25881904510252074
13.9,10.6,80.0,36.5,25.0,99.21,2012,10,30,3,1,0,0.7071067811865476,0.7071067811865476
-1.7,-8.4,60.0,9.0,25.0,100.85,2012,1,29,21,6,1,-0.7071067811865477,0.7071067811865474
11.7,4.1,60.0,7.0,25.0,100.93,2012,10,17,22,2,0,-0.5000000000000004,0.8660254037844384
15.7,13.1,85.0,9.0,25.0,101.96,2012,9,13,3,3,0,0.7071067811865476,0.7071067811865476
15.8,0.0,34.0,30.0,26.349999999999998,101.46,2012,5,17,16,3,0,-0.8660254037844385,-0.5000000000000004
0.4,0.0,97.0,11.0,22.750000000000004,100.15,2012,12,19,7,2,0,0.9659258262890683,-0.25881904510252063
21.0,10.1,50.0,4.0,26.349999999999998,100.78,2012,6,9,10,5,1,0.49999999999999994,-0.8660254037844387
-8.3,-13.6,66.0,22.0,24.1,102.86,2012,12,1,14,5,1,-0.4999999999999997,-0.8660254037844388
-3.7,-4.8,92.0,24.0,22.750000000000004,100.62,2012,12,27,21,3,0,-0.7071067811865477,0.7071067811865474
-14.8,-19.1,70.0,15.0,25.0,101.23,2012,1,16,19,0,0,-0.9659258262890684,0.2588190451025203
-3.6,-6.1,83.0,4.0,25.0,101.99,2012,11,28,2,2,0,0.49999999999999994,0.8660254037844387
25.1,13.9,50.0,17.0,26.349999999999998,100.56,2012,7,1,14,6,1,-0.4999999999999997,-0.8660254037844388
30.6,21.1,57.0,11.0,24.1,100.63,2012,6,20,19,2,0,-0.9659258262890684,0.2588190451025203
-5.0,-7.7,81.0,24.0,22.750000000000004,99.24,2012,1,13,1,4,0,0.25881904510252074,0.9659258262890683
23.2,10.4,44.0,9.0,26.349999999999998,101.45,2012,7,20,13,4,0,-0.2588190451025208,-0.9659258262890683
22.2,9.8,45.0,19.0,26.349999999999998,101.44,2012,6,13,17,2,0,-0.9659258262890683,-0.25881904510252063
18.3,12.6,69.0,15.0,25.0,101.18,2012,5,14,21,0,0,-0.7071067811865477,0.7071067811865474
5.6,2.8,82.0,13.0,25.0,100.02,2012,11,2,23,4,0,-0.25881904510252157,0.9659258262890681
4.8,1.0,76.0,22.0,25.0,100.42,2012,11,3,9,5,1,0.7071067811865476,-0.7071067811865475
11.8,8.3,79.0,17.0,22.750000000000004,101.57,2012,5,2,13,2,0,-0.2588190451025208,-0.9659258262890683
27.3,20.1,65.0,19.0,25.0,100.6,2012,6,20,23,2,0,-0.25881904510252157,0.9659258262890681
1.3,-9.7,44.0,11.0,25.0,101.29,2012,3,31,2,5,1,0.49999999999999994,0.8660254037844387
11.5,7.7,77.0,33.0,24.1,100.13,2012,10,10,17,2,0,-0.9659258262890683,-0.25881904510252063
21.9,11.6,52.0,6.0,26.349999999999998,102.1,2012,6,16,11,5,1,0.258819045102521,-0.9659258262890682
1.3,-2.1,78.0,9.0,22.750000000000004,102.21,2012,12,13,16,3,0,-0.8660254037844385,-0.5000000000000004
30.4,16.1,42.0,11.0,26.349999999999998,101.68,2012,8,26,16,6,1,-0.8660254037844385,-0.5000000000000004
11.8,1.2,48.0,4.0,25.0,101.64,2012,3,12,16,0,0,-0.8660254037844385,-0.5000000000000004
22.2,8.6,42.0,20.0,24.1,101.51,2012,5,26,18,5,1,-1.0,-1.8369701987210297e-16
-10.3,-12.0,87.0,4.0,25.0,101.96,2012,12,12,2,2,0,0.49999999999999994,0.8660254037844387
-4.4,-11.3,59.0,19.0,24.1,101.96,2012,1,25,16,2,0,-0.8660254037844385,-0.5000000000000004
29.9,17.8,48.0,24.0,26.349999999999998,101.02,2012,7,22,16,6,1,-0.8660254037844385,-0.5000000000000004
-6.0,-9.5,76.0,32.0,22.750000000000004,100.35,2012,1,12,11,3,0,0.258819045102521,-0.9659258262890682
18.9,10.3,57.0,4.0,25.0,101.25,2012,5,23,23,2,0,-0.25881904510252157,0.9659258262890681
17.0,9.8,63.0,7.0,25.0,101.06,2012,7,10,2,1,0,0.49999999999999994,0.8660254037844387
24.5,9.6,39.0,17.0,26.349999999999998,100.72,2012,7,8,14,6,1,-0.4999999999999997,-0.8660254037844388
14.8,-1.1,34.0,26.0,26.349999999999998,101.2,2012,4,14,13,5,1,-0.2588190451025208,-0.9659258262890683
17.5,13.3,76.0,6.0,25.0,100.18,2012,6,28,3,3,0,0.7071067811865476,0.7071067811865476
20.2,14.4,69.0,11.0,26.349999999999998,101.52,2012,6,17,7,6,1,0.9659258262890683,-0.25881904510252063
4.4,-3.3,57.0,4.0,25.0,101.28,2012,4,19,3,3,0,0.7071067811865476,0.7071067811865476
9.1,5.7,79.0,11.0,25.0,100.92,2012,10,18,4,3,0,0.8660254037844386,0.5000000000000001
8.7,1.1,59.0,13.0,25.0,101.5,2012,3,12,19,0,0,-0.9659258262890684,0.2588190451025203
-5.5,-8.2,81.0,13.0,22.750000000000004,100.33,2012,2,1,7,2,0,0.9659258262890683,-0.25881904510252063
28.2,15.4,46.0,13.0,26.349999999999998,101.01,2012,7,30,18,0,0,-1.0,-1.8369701987210297e-16
26.4,8.7,33.0,13.0,26.349999999999998,101.69,2012,7,11,12,2,0,1.2246467991473532e-16,-1.0
16.9,16.3,96.0,4.0,25.0,100.08,2012,7,27,2,4,0,0.49999999999999994,0.8660254037844387
9.8,-1.2,46.0,9.0,26.349999999999998,101.46,2012,4,12,11,3,0,0.258819045102521,-0.9659258262890682
7.5,-1.8,52.0,11.0,25.0,101.35,2012,4,14,1,5,1,0.25881904510252074,0.9659258262890683
13.1,12.1,94.0,22.0,22.750000000000004,100.29,2012,10,19,18,4,0,-1.0,-1.8369701987210297e-16
1.5,-0.7,85.0,20.0,22.750000000000004,100.08,2012,1,10,7,1,0,0.9659258262890683,-0.25881904510252063
19.5,7.9,47.0,7.0,26.349999999999998,101.02,2012,7,9,20,0,0,-0.8660254037844386,0.5000000000000001
15.7,0.8,36.0,24.0,26.349999999999998,101.48,2012,5,17,17,3,0,-0.9659258262890683,-0.25881904510252063
2.3,-2.5,71.0,4.0,25.0,101.19,2012,12,7,22,4,0,-0.5000000000000004,0.8660254037844384
-3.1,-10.5,57.0,17.0,26.349999999999998,102.07,2012,2,20,14,0,0,-0.4999999999999997,-0.8660254037844388
17.6,10.8,64.0,6.0,26.349999999999998,100.84,2012,7,3,5,1,0,0.9659258262890683,0.25881904510252074
1.5,0.6,94.0,6.0,22.750000000000004,101.83,2012,11,22,1,3,0,0.25881904510252074,0.9659258262890683
27.7,12.5,39.0,9.0,26.349999999999998,101.69,2012,8,24,15,4,0,-0.7071067811865471,-0.7071067811865479
-9.2,-13.2,73.0,6.0,25.0,100.84,2012,1,17,3,1,0,0.7071067811865476,0.7071067811865476
12.8,4.4,57.0,4.0,26.349999999999998,102.06,2012,9,27,10,3,0,0.49999999999999994,-0.8660254037844387
13.5,12.4,93.0,7.0,22.750000000000004,100.29,2012,10,19,19,4,0,-0.9659258262890684,0.2588190451025203
-3.6,-5.6,86.0,7.0,25.0,101.19,2012,11,9,3,4,0,0.7071067811865476,0.7071067811865476
-2.1,-6.5,72.0,4.0,24.1,101.02,2012,2,14,13,1,0,-0.2588190451025208,-0.9659258262890683
0.5,-3.5,75.0,15.0,25.0,101.36,2012,12,14,6,4,0,1.0,6.123233995736766e-17
12.8,8.6,76.0,7.0,25.0,101.34,2012,3,18,20,6,1,-0.8660254037844386,0.5000000000000001
22.1,13.9,60.0,9.0,25.0,101.8,2012,8,25,0,5,1,0.0,1.0
15.2,12.2,82.0,17.0,24.1,99.76,2012,6,27,5,2,0,0.9659258262890683,0.25881904510252074
15.0,-1.2,33.0,7.0,26.349999999999998,101.66,2012,5,6,13,6,1,-0.2588190451025208,-0.9659258262890683
24.0,18.0,69.0,9.0,25.0,101.83,2012,8,25,23,5,1,-0.25881904510252157,0.9659258262890681
6.2,4.3,88.0,19.0,22.750000000000004,100.89,2012,12,2,13,6,1,-0.2588190451025208,-0.9659258262890683
-4.3,-20.3,27.0,9.0,26.349999999999998,102.44,2012,3,27,9,1,0,0.7071067811865476,-0.7071067811865475
7.0,-0.5,59.0,4.0,25.0,101.28,2012,5,12,3,5,1,0.7071067811865476,0.7071067811865476
-19.5,-23.4,71.0,6.0,22.750000000000004,102.84,2012,1,22,5,6,1,0.9659258262890683,0.25881904510252074
-6.6,-13.6,57.0,9.0,25.0,101.32,2012,1,10,21,1,0,-0.7071067811865477,0.7071067811865474
22.1,18.5,80.0,15.0,25.0,100.79,2012,5,25,21,4,0,-0.7071067811865477,0.7071067811865474
9.7,-1.9,44.0,22.0,26.349999999999998,102.37,2012,10,13,12,5,1,1.2246467991473532e-16,-1.0
23.4,16.8,66.0,15.0,24.1,101.47,2012,7,14,6,5,1,1.0,6.123233995736766e-17
5.5,3.0,84.0,13.0,22.750000000000004,99.015,2012,4,24,7,1,0,0.9659258262890683,-0.25881904510252063
-11.9,-14.6,80.0,20.0,25.0,103.135,2012,12,1,5,5,1,0.9659258262890683,0.25881904510252074
11.6,8.0,79.0,24.0,25.0,100.58,2012,9,23,3,6,1,0.7071067811865476,0.7071067811865476
3.1,-4.9,56.0,26.0,24.1,100.64,2012,2,17,16,4,0,-0.8660254037844385,-0.5000000000000004
11.2,5.5,68.0,20.0,25.0,100.85,2012,9,25,3,1,0,0.7071067811865476,0.7071067811865476
-0.1,-1.4,91.0,7.0,22.750000000000004,100.27,2012,4,2,1,0,0,0.25881904510252074,0.9659258262890683
3.1,-10.3,37.0,7.0,25.0,101.3,2012,4,7,2,5,1,0.49999999999999994,0.8660254037844387
11.2,11.2,100.0,0.0,26.349999999999998,100.96,2012,10,2,6,1,0,1.0,6.123233995736766e-17
21.0,12.9,60.0,7.0,24.1,100.41,2012,7,1,6,6,1,1.0,6.123233995736766e-17
-4.9,-8.1,78.0,0.0,22.750000000000004,101.22,2012,2,1,23,2,0,-0.25881904510252157,0.9659258262890681
30.2,17.7,47.0,17.0,26.349999999999998,101.46,2012,7,14,10,5,1,0.49999999999999994,-0.8660254037844387
15.3,12.3,82.0,13.0,25.0,100.64,2012,4,16,5,0,0,0.9659258262890683,0.25881904510252074
-0.1,-3.5,78.0,19.0,24.1,101.12,2012,2,10,9,4,0,0.7071067811865476,-0.7071067811865475
17.3,6.4,49.0,22.0,24.1,100.88,2012,5,28,16,0,0,-0.8660254037844385,-0.5000000000000004
12.4,4.9,60.0,15.0,26.349999999999998,102.04,2012,6,14,4,3,0,0.8660254037844386,0.5000000000000001
-3.4,-8.0,70.0,26.0,25.0,101.1,2012,2,9,4,3,0,0.8660254037844386,0.5000000000000001
12.0,6.0,67.0,19.0,25.0,100.94,2012,10,19,3,4,0,0.7071067811865476,0.7071067811865476
11.5,11.2,98.0,15.0,22.750000000000004,99.72,2012,9,30,23,6,1,-0.25881904510252157,0.9659258262890681
2.6,-5.5,55.0,11.0,24.1,102.59,2012,11,15,14,3,0,-0.4999999999999997,-0.8660254037844388
9.6,4.9,72.0,4.0,24.1,101.73,2012,10,23,10,1,0,0.49999999999999994,-0.8660254037844387
-9.0,-15.2,61.0,17.0,25.0,102.42,2012,2,27,6,0,0,1.0,6.123233995736766e-17
1.3,-0.9,85.0,6.0,22.750000000000004,101.93,2012,2,16,6,3,0,1.0,6.123233995736766e-17
3.0,-1.7,71.0,28.0,22.750000000000004,100.52,2012,1,24,8,1,0,0.8660254037844387,-0.4999999999999998
25.3,14.4,51.0,17.0,26.349999999999998,100.41,2012,7,3,19,1,0,-0.9659258262890684,0.2588190451025203
24.4,16.9,63.0,19.0,24.1,100.4,2012,6,22,10,4,0,0.49999999999999994,-0.8660254037844387
6.7,-10.6,28.0,11.0,25.0,101.24,2012,4,6,20,4,0,-0.8660254037844386,0.5000000000000001
-17.7,-24.3,56.0,20.0,25.0,101.46,2012,1,14,18,5,1,-1.0,-1.8369701987210297e-16
5.9,3.4,84.0,6.0,25.0,102.06,2012,10,9,2,1,0,0.49999999999999994,0.8660254037844387
-2.6,-8.2,65.0,4.0,25.0,101.57,2012,3,9,19,4,0,-0.9659258262890684,0.2588190451025203
19.3,7.8,47.0,0.0,26.349999999999998,100.81,2012,6,9,9,5,1,0.7071067811865476,-0.7071067811865475
14.2,8.0,66.0,17.0,25.0,101.27,2012,5,2,21,2,0,-0.7071067811865477,0.7071067811865474
26.3,19.8,67.0,19.0,26.349999999999998,100.76,2012,7,23,9,0,0,0.7071067811865476,-0.7071067811865475
4.8,-1.0,66.0,6.0,25.0,101.05,2012,3,13,2,1,0,0.49999999999999994,0.8660254037844387
-9.5,-12.7,77.0,6.0,22.750000000000004,100.5,2012,1,4,22,2,0,-0.5000000000000004,0.8660254037844384
17.3,13.1,76.0,36.5,24.1,100.19,2012,9,22,9,5,1,0.7071067811865476,-0.7071067811865475
-2.1,-13.0,43.0,26.0,26.349999999999998,101.32,2012,3,26,10,0,0,0.49999999999999994,-0.8660254037844387
2.3,-3.7,64.0,22.0,25.0,100.69,2012,2,17,18,4,0,-1.0,-1.8369701987210297e-16
-1.7,-7.0,67.0,11.0,25.0,101.88,2012,12,6,21,3,0,-0.7071067811865477,0.7071067811865474
14.2,9.2,72.0,36.5,25.0,99.83,2012,10,29,18,0,0,-1.0,-1.8369701987210297e-16
17.0,9.1,60.0,13.0,25.0,101.63,2012,3,22,0,3,0,0.0,1.0
12.3,8.9,80.0,17.0,25.0,101.02,2012,6,7,3,3,0,0.7071067811865476,0.7071067811865476
5.9,4.2,89.0,19.0,25.0,99.9,2012,11,2,19,4,0,-0.9659258262890684,0.2588190451025203
8.0,5.9,87.0,17.0,22.750000000000004,101.13,2012,5,1,8,1,0,0.8660254037844387,-0.4999999999999998
9.9,9.4,97.0,11.0,22.750000000000004,100.56,2012,10,14,18,6,1,-1.0,-1.8369701987210297e-16
-14.0,-18.3,70.0,13.0,25.0,101.19,2012,1,16,20,0,0,-0.8660254037844386,0.5000000000000001
3.7,2.1,89.0,22.0,24.1,99.61,2012,11,2,9,4,0,0.7071067811865476,-0.7071067811865475
9.8,9.3,97.0,11.0,22.750000000000004,100.27,2012,10,14,21,6,1,-0.7071067811865477,0.7071067811865474
25.2,10.8,40.0,15.0,24.1,100.9,2012,9,17,15,0,0,-0.7071067811865471,-0.7071067811865479
19.0,14.0,73.0,20.0,24.1,100.74,2012,6,24,19,6,1,-0.9659258262890684,0.2588190451025203
8.6,5.4,80.0,19.0,22.750000000000004,99.72,2012,4,26,18,3,0,-1.0,-1.8369701987210297e-16
-0.3,-5.9,66.0,15.0,24.1,101.4,2012,11,5,7,0,0,0.9659258262890683,-0.25881904510252063
22.7,16.7,69.0,24.0,26.349999999999998,100.59,2012,8,28,9,1,0,0.7071067811865476,-0.7071067811865475
1.1,-3.7,70.0,9.0,24.1,101.01,2012,2,14,17,1,0,-0.9659258262890683,-0.25881904510252063
21.8,19.8,88.0,6.0,22.750000000000004,100.55,2012,7,16,6,0,0,1.0,6.123233995736766e-17
22.3,16.6,70.0,19.0,26.349999999999998,100.79,2012,8,12,9,6,1,0.7071067811865476,-0.7071067811865475
16.6,13.1,80.0,9.0,24.1,100.76,2012,7,8,5,6,1,0.9659258262890683,0.25881904510252074
5.1,2.9,86.0,15.0,24.1,100.15,2012,4,25,9,2,0,0.7071067811865476,-0.7071067811865475
-7.5,-9.6,85.0,9.0,22.750000000000004,100.69,2012,1,17,7,1,0,0.9659258262890683,-0.25881904510252063
18.8,8.5,51.0,0.0,25.0,101.01,2012,6,23,23,5,1,-0.25881904510252157,0.9659258262890681
1.2,-3.6,70.0,9.0,25.0,102.35,2012,10,12,20,4,0,-0.8660254037844386,0.5000000000000001
-13.4,-20.5,55.0,11.0,25.0,102.41,2012,3,6,0,1,0,0.0,1.0
-9.3,-15.2,62.0,0.0,26.349999999999998,103.135,2012,11,30,12,4,0,1.2246467991473532e-16,-1.0
-2.6,-8.5,64.0,24.0,25.0,100.81,2012,3,9,3,4,0,0.7071067811865476,0.7071067811865476
20.2,14.6,70.0,0.0,25.0,100.59,2012,9,6,23,3,0,-0.25881904510252157,0.9659258262890681
18.1,11.3,64.0,11.0,25.0,100.47,2012,8,18,0,5,1,0.0,1.0
22.5,15.6,65.0,19.0,26.349999999999998,101.24,2012,7,22,7,6,1,0.9659258262890683,-0.25881904510252063
-0.1,-6.5,62.0,6.0,24.1,101.76,2012,3,7,10,2,0,0.49999999999999994,-0.8660254037844387
-9.5,-15.8,60.0,19.0,22.750000000000004,102.57,2012,1,22,17,6,1,-0.9659258262890683,-0.25881904510252063
1.2,-3.6,70.0,6.0,26.349999999999998,100.6,2012,4,1,7,6,1,0.9659258262890683,-0.25881904510252063
1.1,0.1,93.0,26.0,22.750000000000004,99.48,2012,12,18,16,1,0,-0.8660254037844385,-0.5000000000000004
18.1,17.7,98.0,11.0,22.750000000000004,100.27,2012,7,23,21,0,0,-0.7071067811865477,0.7071067811865474
-9.4,-11.5,85.0,7.0,25.0,101.91,2012,12,12,1,2,0,0.25881904510252074,0.9659258262890683
-2.7,-5.7,80.0,11.0,25.0,101.38,2012,12,7,4,4,0,0.8660254037844386,0.5000000000000001
-1.6,-9.7,54.0,20.0,26.349999999999998,101.37,2012,2,19,16,6,1,-0.8660254037844385,-0.5000000000000004
5.1,4.6,97.0,7.0,25.0,101.87,2012,9,28,5,4,0,0.9659258262890683,0.25881904510252074
24.8,16.7,61.0,6.0,26.349999999999998,101.97,2012,8,25,9,5,1,0.7071067811865476,-0.7071067811865475
-2.7,-5.0,84.0,32.0,22.750000000000004,99.015,2012,2,25,13,5,1,-0.2588190451025208,-0.9659258262890683
16.8,8.8,59.0,19.0,26.349999999999998,102.38,2012,6,15,7,4,0,0.9659258262890683,-0.25881904510252063
22.6,9.0,42.0,4.0,26.349999999999998,101.22,2012,7,19,14,3,0,-0.4999999999999997,-0.8660254037844388
-3.0,-10.0,58.0,17.0,26.349999999999998,101.47,2012,3,9,11,4,0,0.258819045102521,-0.9659258262890682
-16.4,-22.8,58.0,11.0,25.0,100.59,2012,2,12,5,6,1,0.9659258262890683,0.25881904510252074
-8.8,-15.7,57.0,24.0,25.0,100.33,2012,2,13,2,0,0,0.49999999999999994,0.8660254037844387
20.6,17.1,80.0,17.0,25.0,99.77,2012,5,30,0,2,0,0.0,1.0
-7.1,-9.6,82.0,0.0,22.750000000000004,101.33,2012,2,27,22,0,0,-0.5000000000000004,0.8660254037844384
-2.6,-8.4,64.0,13.0,26.349999999999998,102.56,2012,12,6,10,3,0,0.49999999999999994,-0.8660254037844387
21.9,16.7,72.0,7.0,24.1,99.83,2012,7,26,16,3,0,-0.8660254037844385,-0.5000000000000004
-11.3,-18.7,54.0,33.0,25.0,100.61,2012,1,3,3,1,0,0.7071067811865476,0.7071067811865476
3.1,-6.7,49.0,7.0,25.0,101.29,2012,3,30,19,4,0,-0.9659258262890684,0.2588190451025203
17.6,17.1,97.0,7.0,25.0,100.46,2012,9,5,5,2,0,0.9659258262890683,0.25881904510252074
31.2,10.7,28.0,4.0,26.349999999999998,101.61,2012,5,20,16,6,1,-0.8660254037844385,-0.5000000000000004
8.0,-5.2,39.0,13.0,25.0,101.37,2012,4,7,19,5,1,-0.9659258262890684,0.2588190451025203
18.1,14.1,77.0,20.0,24.1,100.86,2012,6,13,7,2,0,0.9659258262890683,-0.25881904510252063
0.0,-1.2,92.0,15.0,22.750000000000004,99.015,2012,2,24,20,4,0,-0.8660254037844386,0.5000000000000001
16.4,10.4,68.0,0.0,25.0,101.28,2012,5,24,0,3,0,0.0,1.0
-3.7,-11.9,53.0,30.0,22.750000000000004,100.63,2012,1,19,20,3,0,-0.8660254037844386,0.5000000000000001
3.3,-0.9,74.0,11.0,25.0,101.09,2012,4,11,22,2,0,-0.5000000000000004,0.8660254037844384
16.6,12.5,77.0,7.0,25.0,100.72,2012,7,2,2,0,0,0.49999999999999994,0.8660254037844387
15.4,9.9,70.0,6.0,26.349999999999998,101.71,2012,7,11,6,2,0,1.0,6.123233995736766e-17
1.9,-2.2,74.0,26.0,22.750000000000004,100.8,2012,1,24,15,1,0,-0.7071067811865471,-0.7071067811865479
26.4,11.9,40.0,0.0,26.349999999999998,101.05,2012,8,8,12,2,0,1.2246467991473532e-16,-1.0
-13.4,-17.3,72.0,9.0,24.1,103.03,2012,11,30,7,4,0,0.9659258262890683,-0.25881904510252063
20.6,16.2,76.0,33.0,26.349999999999998,99.17,2012,9,8,17,5,1,-0.9659258262890683,-0.25881904510252063
-4.1,-12.0,54.0,28.0,24.1,101.6,2012,2,29,17,2,0,-0.9659258262890683,-0.25881904510252063
1.6,-1.9,78.0,19.0,24.1,99.38,2012,2,23,10,3,0,0.49999999999999994,-0.8660254037844387
22.1,7.8,40.0,11.0,25.0,102.06,2012,6,15,21,4,0,-0.7071067811865477,0.7071067811865474
2.2,-3.5,66.0,7.0,25.0,101.13,2012,12,7,18,4,0,-1.0,-1.8369701987210297e-16
3.7,0.4,79.0,15.0,24.1,99.015,2012,3,3,10,5,1,0.49999999999999994,-0.8660254037844387
24.8,18.0,66.0,24.0,24.1,99.55,2012,6,29,9,4,0,0.7071067811865476,-0.7071067811865475
0.7,-1.0,88.0,22.0,22.750000000000004,99.015,2012,1,27,13,4,0,-0.2588190451025208,-0.9659258262890683
18.1,10.7,62.0,13.0,24.1,101.61,2012,5,13,12,6,1,1.2246467991473532e-16,-1.0
-16.7,-23.4,56.0,17.0,26.349999999999998,101.2,2012,1,14,14,5,1,-0.4999999999999997,-0.8660254037844388
4.9,-0.6,68.0,19.0,25.0,99.67,2012,4,25,0,2,0,0.0,1.0
1.3,-4.8,64.0,11.0,24.1,102.79,2012,11,15,11,3,0,0.258819045102521,-0.9659258262890682
-4.3,-6.3,86.0,7.0,25.0,101.19,2012,11,9,2,4,0,0.49999999999999994,0.8660254037844387
15.4,12.2,81.0,15.0,24.1,99.79,2012,6,27,6,2,0,1.0,6.123233995736766e-17
-11.3,-19.0,53.0,7.0,22.750000000000004,100.97,2012,1,4,14,2,0,-0.4999999999999997,-0.8660254037844388
10.4,7.1,80.0,7.0,25.0,101.67,2012,3,23,0,4,0,0.0,1.0
-9.4,-15.5,61.0,9.0,25.0,100.83,2012,1,5,23,3,0,-0.25881904510252157,0.9659258262890681
-3.7,-6.9,78.0,6.0,25.0,103.05,2012,11,19,4,0,0,0.8660254037844386,0.5000000000000001
-10.5,-12.4,86.0,11.0,22.750000000000004,101.95,2012,2,5,11,6,1,0.258819045102521,-0.9659258262890682
15.2,11.8,80.0,15.0,25.0,100.78,2012,5,22,21,1,0,-0.7071067811865477,0.7071067811865474
19.7,18.2,91.0,7.0,22.750000000000004,100.66,2012,8,10,7,4,0,0.9659258262890683,-0.25881904510252063
-10.8,-18.8,52.0,24.0,25.0,100.55,2012,2,12,21,6,1,-0.7071067811865477,0.7071067811865474
4.7,2.4,85.0,13.0,25.0,100.66,2012,11,3,18,5,1,-1.0,-1.8369701987210297e-16
18.5,15.5,83.0,11.0,25.0,100.95,2012,8,7,4,1,0,0.8660254037844386,0.5000000000000001
11.4,-0.6,43.0,19.0,24.1,99.84,2012,4,26,16,3,0,-0.8660254037844385,-0.5000000000000004
7.5,4.1,79.0,11.0,24.1,100.39,2012,3,25,14,6,1,-0.4999999999999997,-0.8660254037844388
-6.7,-9.0,84.0,0.0,22.750000000000004,101.4,2012,2,28,0,1,0,0.0,1.0
1.6,-8.0,49.0,17.0,26.349999999999998,101.52,2012,3,30,12,4,0,1.2246467991473532e-16,-1.0
22.3,17.9,76.0,11.0,24.1,100.68,2012,8,3,5,4,0,0.9659258262890683,0.25881904510252074
22.9,17.5,72.0,13.0,25.0,100.69,2012,8,12,20,6,1,-0.8660254037844386,0.5000000000000001
1.5,-6.3,56.0,19.0,26.349999999999998,100.73,2012,2,18,16,5,1,-0.8660254037844385,-0.5000000000000004
25.6,10.6,39.0,28.0,26.349999999999998,101.28,2012,8,22,16,2,0,-0.8660254037844385,-0.5000000000000004
5.1,3.7,91.0,4.0,26.349999999999998,101.78,2012,3,18,7,6,1,0.9659258262890683,-0.25881904510252063
-5.9,-10.5,70.0,13.0,25.0,101.33,2012,1,8,5,6,1,0.9659258262890683,0.25881904510252074
19.3,12.4,64.0,15.0,26.349999999999998,100.82,2012,6,23,5,5,1,0.9659258262890683,0.25881904510252074
2.9,1.2,89.0,26.0,22.750000000000004,100.32,2012,1,23,20,0,0,-0.8660254037844386,0.5000000000000001
11.4,11.0,97.0,13.0,22.750000000000004,100.54,2012,9,30,13,6,1,-0.2588190451025208,-0.9659258262890683
11.6,10.1,91.0,20.0,22.750000000000004,101.11,2012,9,29,15,5,1,-0.7071067811865471,-0.7071067811865479
2.1,-0.3,84.0,0.0,22.750000000000004,101.67,2012,2,15,12,2,0,1.2246467991473532e-16,-1.0
-9.7,-13.1,76.0,7.0,25.0,101.43,2012,12,24,19,0,0,-0.9659258262890684,0.2588190451025203
25.5,18.3,64.0,26.0,26.349999999999998,99.52,2012,6,29,10,4,0,0.49999999999999994,-0.8660254037844387
-1.0,-5.6,71.0,20.0,25.0,100.9,2012,1,9,18,0,0,-1.0,-1.8369701987210297e-16
12.8,11.8,94.0,19.0,26.349999999999998,100.07,2012,10,10,14,2,0,-0.4999999999999997,-0.8660254037844388
-7.1,-11.3,72.0,33.0,22.750000000000004,100.61,2012,1,12,8,3,0,0.8660254037844387,-0.4999999999999998
-5.2,-11.3,62.0,28.0,24.1,102.05,2012,1,25,9,2,0,0.7071067811865476,-0.7071067811865475
25.3,19.3,69.0,13.0,25.0,100.89,2012,6,19,23,1,0,-0.25881904510252157,0.9659258262890681
1.1,-5.3,62.0,9.0,24.1,100.98,2012,2,14,15,1,0,-0.7071067811865471,-0.7071067811865479
-1.3,-5.9,71.0,13.0,25.0,101.67,2012,12,7,0,4,0,0.0,1.0
15.3,11.4,78.0,24.0,24.1,100.2,2012,10,1,14,0,0,-0.4999999999999997,-0.8660254037844388
6.5,-9.7,30.0,9.0,26.349999999999998,101.08,2012,3,31,13,5,1,-0.2588190451025208,-0.9659258262890683
1.0,-6.2,59.0,13.0,26.349999999999998,100.78,2012,2,18,17,5,1,-0.9659258262890683,-0.25881904510252063
21.2,9.5,47.0,15.0,26.349999999999998,100.76,2012,6,9,11,5,1,0.258819045102521,-0.9659258262890682
32.1,10.2,26.0,20.0,26.349999999999998,101.49,2012,7,13,14,4,0,-0.4999999999999997,-0.8660254037844388
11.3,7.9,80.0,13.0,25.0,101.01,2012,10,10,3,2,0,0.7071067811865476,0.7071067811865476
5.8,0.2,67.0,0.0,24.1,100.35,2012,4,1,12,6,1,1.2246467991473532e-16,-1.0
15.3,7.0,58.0,20.0,26.349999999999998,100.71,2012,5,28,20,0,0,-0.8660254037844386,0.5000000000000001
21.4,17.0,76.0,17.0,24.1,100.17,2012,8,17,9,4,0,0.7071067811865476,-0.7071067811865475
-1.9,-4.9,80.0,6.0,24.1,102.33,2012,12,9,15,6,1,-0.7071067811865471,-0.7071067811865479
2.4,1.9,96.0,9.0,24.1,101.73,2012,10,8,6,0,0,1.0,6.123233995736766e-17
-0.2,-1.0,94.0,11.0,22.750000000000004,101.9,2012,11,12,7,0,0,0.9659258262890683,-0.25881904510252063
22.5,16.1,67.0,30.0,24.1,100.51,2012,8,31,6,4,0,1.0,6.123233995736766e-17
14.9,9.0,68.0,19.0,22.750000000000004,101.37,2012,5,2,16,2,0,-0.8660254037844385,-0.5000000000000004
1.4,-4.1,67.0,20.0,24.1,101.08,2012,2,10,11,4,0,0.258819045102521,-0.9659258262890682
8.9,-9.6,26.0,20.0,26.349999999999998,100.49,2012,4,3,18,1,0,-1.0,-1.8369701987210297e-16
-3.3,-4.5,91.0,7.0,22.750000000000004,102.12,2012,11,20,0,1,0,0.0,1.0
25.0,13.9,50.0,13.0,25.0,100.37,2012,7,3,21,1,0,-0.7071067811865477,0.7071067811865474
2.4,-5.8,55.0,13.0,24.1,102.55,2012,11,15,15,3,0,-0.7071067811865471,-0.7071067811865479
6.4,3.3,81.0,17.0,25.0,100.38,2012,4,21,7,5,1,0.9659258262890683,-0.25881904510252063
2.7,-9.4,40.0,19.0,24.1,101.98,2012,3,24,8,5,1,0.8660254037844387,-0.4999999999999998
20.5,16.6,78.0,11.0,24.1,100.6,2012,7,18,7,2,0,0.9659258262890683,-0.25881904510252063
20.1,10.2,53.0,17.0,26.349999999999998,100.81,2012,8,18,14,5,1,-0.4999999999999997,-0.8660254037844388
12.1,12.0,99.0,11.0,22.750000000000004,101.54,2012,10,4,9,3,0,0.7071067811865476,-0.7071067811865475
11.1,11.0,99.0,6.0,22.750000000000004,100.92,2012,10,2,5,1,0,0.9659258262890683,0.25881904510252074
21.1,17.3,79.0,17.0,24.1,100.21,2012,8,17,8,4,0,0.8660254037844387,-0.4999999999999998
10.8,-1.0,44.0,19.0,25.0,101.22,2012,5,1,1,1,0,0.25881904510252074,0.9659258262890683
2.3,-2.0,73.0,36.5,25.0,99.85,2012,1,28,22,5,1,-0.5000000000000004,0.8660254037844384
10.5,7.3,81.0,24.0,25.0,100.15,2012,10,21,5,6,1,0.9659258262890683,0.25881904510252074
22.6,13.1,55.0,24.0,24.1,100.73,2012,7,18,9,2,0,0.7071067811865476,-0.7071067811865475
25.6,18.0,63.0,6.0,24.1,100.94,2012,9,4,12,1,0,1.2246467991473532e-16,-1.0
11.7,-1.7,39.0,6.0,26.349999999999998,101.75,2012,10,24,14,2,0,-0.4999999999999997,-0.8660254037844388
-4.3,-9.3,68.0,9.0,25.0,100.66,2012,11,26,4,0,0,0.8660254037844386,0.5000000000000001
23.8,10.6,43.0,13.0,24.1,100.57,2012,8,20,17,0,0,-0.9659258262890683,-0.25881904510252063
7.7,6.0,89.0,11.0,22.750000000000004,99.22,2012,11,1,15,3,0,-0.7071067811865471,-0.7071067811865479
-3.9,-6.1,85.0,7.0,25.0,103.135,2012,11,18,3,6,1,0.7071067811865476,0.7071067811865476
-6.7,-9.5,80.0,15.0,22.750000000000004,100.69,2012,2,1,1,2,0,0.25881904510252074,0.9659258262890683
-4.1,-8.9,69.0,26.0,25.0,100.47,2012,1,19,23,3,0,-0.25881904510252157,0.9659258262890681
1.2,-1.7,81.0,36.5,22.750000000000004,99.87,2012,1,28,23,5,1,-0.25881904510252157,0.9659258262890681
-8.4,-12.3,73.0,26.0,25.0,100.51,2012,12,23,6,6,1,1.0,6.123233995736766e-17
-5.2,-13.1,54.0,17.0,26.349999999999998,100.56,2012,2,13,12,0,0,1.2246467991473532e-16,-1.0
-7.9,-16.7,49.0,19.0,25.0,102.6,2012,2,26,18,6,1,-1.0,-1.8369701987210297e-16
1.8,0.3,90.0,36.5,22.750000000000004,99.015,2012,12,21,13,4,0,-0.2588190451025208,-0.9659258262890683
-1.0,-6.0,69.0,33.0,25.0,101.48,2012,11,8,2,3,0,0.49999999999999994,0.8660254037844387
27.8,18.3,56.0,22.0,26.349999999999998,101.15,2012,7,22,12,6,1,1.2246467991473532e-16,-1.0
21.9,13.0,57.0,24.0,26.349999999999998,101.17,2012,8,6,12,0,0,1.2246467991473532e-16,-1.0
14.8,11.1,78.0,13.0,24.1,100.64,2012,8,18,5,5,1,0.9659258262890683,0.25881904510252074
14.1,7.4,64.0,32.0,25.0,100.27,2012,6,3,20,6,1,-0.8660254037844386,0.5000000000000001
0.1,-6.2,63.0,7.0,26.349999999999998,102.0,2012,3,11,8,6,1,0.8660254037844387,-0.4999999999999998
16.2,10.9,71.0,26.0,22.750000000000004,100.1,2012,6,26,13,1,0,-0.2588190451025208,-0.9659258262890683
13.5,4.7,55.0,6.0,26.349999999999998,101.93,2012,10,9,11,1,0,0.258819045102521,-0.9659258262890682
19.9,16.0,78.0,7.0,25.0,100.76,2012,8,15,22,2,0,-0.5000000000000004,0.8660254037844384
4.9,2.2,83.0,13.0,25.0,100.1,2012,11,3,1,5,1,0.25881904510252074,0.9659258262890683
1.2,-3.5,71.0,9.0,26.349999999999998,100.48,2012,1,28,14,5,1,-0.4999999999999997,-0.8660254037844388
16.5,6.7,52.0,9.0,24.1,101.98,2012,3,20,12,1,0,1.2246467991473532e-16,-1.0
1.5,-0.6,86.0,17.0,22.750000000000004,100.8,2012,2,16,22,3,0,-0.5000000000000004,0.8660254037844384
-9.3,-10.5,91.0,22.0,22.750000000000004,100.6,2012,12,29,14,5,1,-0.4999999999999997,-0.8660254037844388
28.5,15.2,44.0,11.0,26.349999999999998,101.56,2012,8,26,18,6,1,-1.0,-1.8369701987210297e-16
1.5,-7.8,50.0,17.0,26.349999999999998,101.34,2012,3,31,9,5,1,0.7071067811865476,-0.7071067811865475
-11.0,-14.7,74.0,7.0,26.349999999999998,102.25,2012,2,4,7,5,1,0.9659258262890683,-0.25881904510252063
14.0,9.3,73.0,4.0,25.0,101.47,2012,9,2,1,6,1,0.25881904510252074,0.9659258262890683
3.9,-7.9,42.0,6.0,26.349999999999998,101.35,2012,4,6,10,4,0,0.49999999999999994,-0.8660254037844387
0.7,-3.9,71.0,24.0,25.0,100.71,2012,2,18,0,5,1,0.0,1.0
16.3,11.2,72.0,13.0,25.0,100.96,2012,8,19,2,6,1,0.49999999999999994,0.8660254037844387
7.7,-8.5,31.0,4.0,26.349999999999998,101.01,2012,3,31,14,5,1,-0.4999999999999997,-0.8660254037844388
-8.6,-10.3,87.0,4.0,22.750000000000004,101.14,2012,12,31,8,0,0,0.8660254037844387,-0.4999999999999998
14.2,8.7,69.0,22.0,24.1,101.39,2012,9,15,17,5,1,-0.9659258262890683,-0.25881904510252063
22.8,12.3,52.0,28.0,25.0,100.52,2012,8,31,3,4,0,0.7071067811865476,0.7071067811865476
18.3,6.3,45.0,17.0,26.349999999999998,100.9,2012,10,18,12,3,0,1.2246467991473532e-16,-1.0
-18.5,-24.6,59.0,13.0,25.0,101.82,2012,1,4,4,2,0,0.8660254037844386,0.5000000000000001
-4.7,-7.3,82.0,32.0,22.750000000000004,100.62,2012,3,1,10,3,0,0.49999999999999994,-0.8660254037844387
3.3,-2.1,68.0,11.0,24.1,101.76,2012,2,16,11,3,0,0.258819045102521,-0.9659258262890682
23.5,15.3,60.0,6.0,25.0,100.52,2012,8,16,20,3,0,-0.8660254037844386,0.5000000000000001
18.5,8.2,51.0,6.0,26.349999999999998,100.8,2012,6,9,20,5,1,-0.8660254037844386,0.5000000000000001
3.6,1.4,86.0,7.0,25.0,101.86,2012,12,4,1,1,0,0.25881904510252074,0.9659258262890683
24.7,17.5,64.0,11.0,24.1,102.08,2012,8,26,9,6,1,0.7071067811865476,-0.7071067811865475
3.0,-8.2,44.0,22.0,25.0,100.97,2012,4,6,0,4,0,0.0,1.0
-10.0,-15.3,65.0,9.0,25.0,102.52,2012,2,28,23,1,0,-0.25881904510252157,0.9659258262890681
7.8,-0.4,56.0,28.0,24.1,101.11,2012,4,20,6,4,0,1.0,6.123233995736766e-17
24.0,14.9,57.0,19.0,24.1,101.14,2012,6,18,11,0,0,0.258819045102521,-0.9659258262890682
18.3,12.7,70.0,13.0,24.1,100.53,2012,6,8,10,4,0,0.49999999999999994,-0.8660254037844387
1.3,0.1,92.0,13.0,22.750000000000004,101.95,2012,2,15,21,2,0,-0.7071067811865477,0.7071067811865474
5.6,-1.6,60.0,6.0,22.750000000000004,101.78,2012,11,20,16,1,0,-0.8660254037844385,-0.5000000000000004
25.5,16.4,57.0,17.0,26.349999999999998,100.91,2012,6,17,19,6,1,-0.9659258262890684,0.2588190451025203
8.8,-1.5,48.0,22.0,26.349999999999998,100.45,2012,4,25,17,2,0,-0.9659258262890683,-0.25881904510252063
16.6,11.3,71.0,26.0,25.0,100.12,2012,6,26,0,1,0,0.0,1.0
-0.3,-4.8,72.0,11.0,25.0,101.21,2012,11,8,22,3,0,-0.5000000000000004,0.8660254037844384
-7.5,-12.0,70.0,20.0,22.750000000000004,102.73,2012,12,1,17,5,1,-0.9659258262890683,-0.25881904510252063
2.0,0.4,89.0,28.0,25.0,101.8,2012,3,15,21,3,0,-0.7071067811865477,0.7071067811865474
14.8,3.7,47.0,13.0,24.1,101.01,2012,5,31,20,3,0,-0.8660254037844386,0.5000000000000001
16.3,9.9,66.0,6.0,25.0,100.9,2012,6,5,21,1,0,-0.7071067811865477,0.7071067811865474
-1.7,-3.3,89.0,32.0,22.750000000000004,99.015,2012,2,25,10,5,1,0.49999999999999994,-0.8660254037844387
14.2,10.8,80.0,30.0,25.0,99.87,2012,9,8,22,5,1,-0.5000000000000004,0.8660254037844384
11.3,8.1,81.0,30.0,25.0,100.94,2012,10,10,4,2,0,0.8660254037844386,0.5000000000000001
16.3,12.9,80.0,11.0,25.0,101.98,2012,9,13,2,3,0,0.49999999999999994,0.8660254037844387
-7.9,-13.8,63.0,13.0,25.0,101.33,2012,1,30,5,0,0,0.9659258262890683,0.25881904510252074
23.2,16.9,68.0,7.0,25.0,101.95,2012,8,26,4,6,1,0.8660254037844386,0.5000000000000001
12.8,4.5,57.0,19.0,25.0,101.45,2012,10,9,19,1,0,-0.9659258262890684,0.2588190451025203
22.3,15.6,66.0,4.0,25.0,100.07,2012,6,30,23,5,1,-0.25881904510252157,0.9659258262890681
-3.7,-10.7,58.0,17.0,25.0,100.42,2012,11,25,20,6,1,-0.8660254037844386,0.5000000000000001
1.5,-7.1,53.0,26.0,24.1,101.7,2012,11,7,16,2,0,-0.8660254037844385,-0.5000000000000004
23.9,10.6,43.0,24.0,26.349999999999998,100.83,2012,7,18,13,2,0,-0.2588190451025208,-0.9659258262890683
6.6,6.3,98.0,19.0,22.750000000000004,100.84,2012,10,14,14,6,1,-0.4999999999999997,-0.8660254037844388
16.1,6.7,54.0,15.0,26.349999999999998,100.97,2012,10,18,10,3,0,0.49999999999999994,-0.8660254037844387
-20.7,-26.1,62.0,4.0,25.0,102.04,2012,1,15,3,6,1,0.7071067811865476,0.7071067811865476
-6.9,-11.9,67.0,11.0,24.1,100.33,2012,12,23,14,6,1,-0.4999999999999997,-0.8660254037844388
11.5,8.0,79.0,9.0,25.0,101.07,2012,8,29,1,2,0,0.25881904510252074,0.9659258262890683
2.2,-5.2,58.0,13.0,25.0,101.28,2012,11,4,20,6,1,-0.8660254037844386,0.5000000000000001
-5.3,-10.5,67.0,20.0,25.0,102.18,2012,12,15,0,5,1,0.0,1.0
0.4,-1.6,86.0,7.0,22.750000000000004,99.26,2012,2,23,8,3,0,0.8660254037844387,-0.4999999999999998
23.8,10.2,42.0,22.0,24.1,101.52,2012,5,26,16,5,1,-0.8660254037844385,-0.5000000000000004
-11.3,-14.1,80.0,11.0,25.0,101.72,2012,12,25,7,1,0,0.9659258262890683,-0.25881904510252063
18.2,15.8,86.0,0.0,22.750000000000004,100.95,2012,5,22,3,1,0,0.7071067811865476,0.7071067811865476
22.4,18.7,80.0,35.0,22.750000000000004,100.64,2012,7,31,20,1,0,-0.8660254037844386,0.5000000000000001
12.7,2.3,49.0,11.0,26.349999999999998,101.66,2012,9,19,17,2,0,-0.9659258262890683,-0.25881904510252063
14.7,-5.1,25.0,13.0,26.349999999999998,101.62,2012,3,23,17,4,0,-0.9659258262890683,-0.25881904510252063
26.2,14.9,50.0,17.0,26.349999999999998,101.97,2012,9,13,12,3,0,1.2246467991473532e-16,-1.0
20.7,17.6,82.0,11.0,25.0,100.82,2012,8,14,3,1,0,0.7071067811865476,0.7071067811865476
4.0,1.0,81.0,9.0,24.1,101.98,2012,12,3,15,0,0,-0.7071067811865471,-0.7071067811865479
-1.8,-3.2,90.0,32.0,22.750000000000004,99.015,2012,2,25,8,5,1,0.8660254037844387,-0.4999999999999998
2.7,-0.9,77.0,30.0,24.1,100.86,2012,1,23,15,0,0,-0.7071067811865471,-0.7071067811865479
11.0,3.6,60.0,32.0,26.349999999999998,101.19,2012,9,19,10,2,0,0.49999999999999994,-0.8660254037844387
22.3,16.2,68.0,11.0,25.0,101.43,2012,8,27,2,0,0,0.49999999999999994,0.8660254037844387
8.2,1.2,61.0,24.0,24.1,100.38,2012,10,16,13,1,0,-0.2588190451025208,-0.9659258262890683
20.9,17.0,78.0,15.0,24.1,100.98,2012,8,9,6,3,0,1.0,6.123233995736766e-17
21.8,19.2,85.0,9.0,22.750000000000004,100.73,2012,9,4,18,1,0,-1.0,-1.8369701987210297e-16
6.3,4.9,91.0,9.0,25.0,101.63,2012,9,27,3,3,0,0.7071067811865476,0.7071067811865476
15.3,0.9,38.0,20.0,26.349999999999998,101.48,2012,5,17,14,3,0,-0.4999999999999997,-0.8660254037844388
19.4,13.8,70.0,17.0,24.1,100.09,2012,6,27,19,2,0,-0.9659258262890684,0.2588190451025203
19.5,12.7,65.0,7.0,26.349999999999998,101.58,2012,6,11,6,0,0,1.0,6.123233995736766e-17
-5.3,-15.7,44.0,6.0,26.349999999999998,102.96,2012,3,6,15,1,0,-0.7071067811865471,-0.7071067811865479
19.1,6.6,44.0,7.0,26.349999999999998,101.73,2012,5,19,9,5,1,0.7071067811865476,-0.7071067811865475
9.6,-2.5,43.0,15.0,25.0,101.9,2012,10,24,23,2,0,-0.25881904510252157,0.9659258262890681
25.8,17.3,59.0,9.0,24.1,101.12,2012,7,29,20,6,1,-0.8660254037844386,0.5000000000000001
-8.2,-16.2,52.0,7.0,25.0,102.63,2012,2,27,0,0,0,0.0,1.0
4.6,3.3,91.0,20.0,24.1,99.7,2012,11,2,14,4,0,-0.4999999999999997,-0.8660254037844388
-5.8,-9.1,77.0,22.0,22.750000000000004,100.81,2012,1,26,23,3,0,-0.25881904510252157,0.9659258262890681
7.2,3.3,76.0,6.0,22.750000000000004,101.78,2012,11,12,10,0,0,0.49999999999999994,-0.8660254037844387
21.7,17.3,76.0,9.0,25.0,100.86,2012,8,13,23,0,0,-0.25881904510252157,0.9659258262890681
7.7,-11.0,25.0,32.0,26.349999999999998,101.11,2012,4,6,17,4,0,-0.9659258262890683,-0.25881904510252063
0.1,-0.9,93.0,24.0,22.750000000000004,100.37,2012,12,18,1,1,0,0.25881904510252074,0.9659258262890683
3.4,-2.9,63.0,4.0,24.1,101.25,2012,4,19,5,3,0,0.9659258262890683,0.25881904510252074
7.1,0.1,61.0,19.0,24.1,99.37,2012,4,24,19,1,0,-0.9659258262890684,0.2588190451025203
26.1,18.1,61.0,13.0,24.1,100.5,2012,9,6,11,3,0,0.258819045102521,-0.9659258262890682
19.9,14.9,73.0,15.0,24.1,101.09,2012,9,17,11,0,0,0.258819045102521,-0.9659258262890682
22.9,15.6,63.0,7.0,26.349999999999998,101.51,2012,5,24,9,3,0,0.7071067811865476,-0.7071067811865475
-7.7,-12.5,68.0,7.0,25.0,102.08,2012,2,2,18,3,0,-1.0,-1.8369701987210297e-16
15.4,9.9,70.0,15.0,24.1,101.55,2012,3,22,8,3,0,0.8660254037844387,-0.4999999999999998
17.9,12.6,71.0,32.0,24.1,100.96,2012,6,13,8,2,0,0.8660254037844387,-0.4999999999999998
-4.3,-8.6,72.0,22.0,25.0,102.13,2012,12,14,23,4,0,-0.25881904510252157,0.9659258262890681
-0.3,-3.3,80.0,13.0,24.1,101.56,2012,12,20,16,3,0,-0.8660254037844385,-0.5000000000000004
5.8,-9.8,32.0,4.0,26.349999999999998,101.61,2012,3,24,15,5,1,-0.7071067811865471,-0.7071067811865479
-8.2,-13.7,65.0,17.0,24.1,101.87,2012,2,2,10,3,0,0.49999999999999994,-0.8660254037844387
-10.6,-14.3,74.0,20.0,26.349999999999998,102.36,2012,12,26,12,2,0,1.2246467991473532e-16,-1.0
-6.6,-10.8,72.0,17.0,25.0,102.63,2012,12,1,19,5,1,-0.9659258262890684,0.2588190451025203
18.4,13.3,72.0,17.0,25.0,101.1,2012,6,18,4,0,0,0.8660254037844386,0.5000000000000001
11.1,9.3,89.0,19.0,22.750000000000004,100.37,2012,5,8,12,1,0,1.2246467991473532e-16,-1.0
-3.9,-9.1,67.0,20.0,25.0,101.13,2012,3,9,5,4,0,0.9659258262890683,0.25881904510252074
2.9,-3.6,62.0,36.5,25.0,99.015,2012,3,3,21,5,1,-0.7071067811865477,0.7071067811865474
24.1,16.9,64.0,13.0,25.0,100.5,2012,8,3,1,4,0,0.25881904510252074,0.9659258262890683
5.4,3.0,84.0,6.0,25.0,101.5,2012,10,8,2,0,0,0.49999999999999994,0.8660254037844387
13.3,8.6,73.0,7.0,24.1,101.4,2012,9,15,18,5,1,-1.0,-1.8369701987210297e-16
-9.9,-14.4,70.0,4.0,26.349999999999998,101.98,2012,2,20,8,0,0,0.8660254037844387,-0.4999999999999998
17.6,10.8,64.0,11.0,24.1,100.12,2012,6,26,11,1,0,0.258819045102521,-0.9659258262890682
11.1,8.0,81.0,6.0,26.349999999999998,100.68,2012,6,9,5,5,1,0.9659258262890683,0.25881904510252074
21.3,16.2,73.0,4.0,24.1,99.9,2012,7,26,13,3,0,-0.2588190451025208,-0.9659258262890683
25.2,6.6,30.0,11.0,26.349999999999998,101.43,2012,5,19,18,5,1,-1.0,-1.8369701987210297e-16
0.1,-5.1,68.0,9.0,24.1,100.98,2012,2,14,14,1,0,-0.4999999999999997,-0.8660254037844388
5.8,-0.7,63.0,11.0,26.349999999999998,102.03,2012,10,24,8,2,0,0.8660254037844387,-0.4999999999999998
14.2,10.4,78.0,17.0,25.0,100.6,2012,5,8,4,1,0,0.8660254037844386,0.5000000000000001
28.5,18.5,55.0,22.0,24.1,100.5,2012,7,6,13,4,0,-0.2588190451025208,-0.9659258262890683
-0.6,-10.4,47.0,13.0,25.0,101.62,2012,11,5,19,0,0,-0.9659258262890684,0.2588190451025203
-3.1,-8.6,66.0,15.0,25.0,101.34,2012,2,5,19,6,1,-0.9659258262890684,0.2588190451025203
6.6,-7.0,37.0,20.0,26.349999999999998,100.75,2012,4,5,18,3,0,-1.0,-1.8369701987210297e-16
-4.1,-8.1,74.0,7.0,25.0,102.21,2012,2,21,2,1,0,0.49999999999999994,0.8660254037844387
13.0,7.4,69.0,24.0,24.1,100.75,2012,6,4,13,0,0,-0.2588190451025208,-0.9659258262890683
9.8,3.8,66.0,28.0,25.0,99.81,2012,10,16,0,1,0,0.0,1.0
19.9,18.5,92.0,15.0,22.750000000000004,100.73,2012,8,10,11,4,0,0.258819045102521,-0.9659258262890682
17.9,15.1,84.0,9.0,24.1,101.64,2012,9,14,7,4,0,0.9659258262890683,-0.25881904510252063
8.6,7.0,90.0,19.0,25.0,99.73,2012,11,23,18,4,0,-1.0,-1.8369701987210297e-16
12.3,10.5,89.0,6.0,22.750000000000004,100.3,2012,5,8,19,1,0,-0.9659258262890684,0.2588190451025203
12.6,4.6,58.0,9.0,25.0,100.78,2012,4,19,23,3,0,-0.25881904510252157,0.9659258262890681
-8.7,-11.7,79.0,9.0,24.1,101.82,2012,2,5,12,6,1,1.2246467991473532e-16,-1.0
2.9,-0.9,76.0,19.0,25.0,100.9,2012,11,4,4,6,1,0.8660254037844386,0.5000000000000001
5.7,3.6,86.0,36.5,25.0,99.015,2012,4,23,20,0,0,-0.8660254037844386,0.5000000000000001
21.3,18.6,85.0,13.0,26.349999999999998,100.51,2012,9,5,8,2,0,0.8660254037844387,-0.4999999999999998
-8.3,-10.4,85.0,6.0,22.750000000000004,100.75,2012,1,17,5,1,0,0.9659258262890683,0.25881904510252074
19.0,14.0,73.0,17.0,26.349999999999998,101.06,2012,8,6,7,0,0,0.9659258262890683,-0.25881904510252063
6.1,-9.5,32.0,7.0,26.349999999999998,101.53,2012,3,24,16,5,1,-0.8660254037844385,-0.5000000000000004
1.7,-2.4,74.0,30.0,24.1,100.82,2012,1,24,16,1,0,-0.8660254037844385,-0.5000000000000004
-9.6,-13.1,76.0,36.5,25.0,102.03,2012,12,26,19,2,0,-0.9659258262890684,0.2588190451025203
14.0,12.3,89.0,9.0,22.750000000000004,100.1,2012,5,9,9,2,0,0.7071067811865476,-0.7071067811865475
2.8,-2.1,70.0,13.0,26.349999999999998,99.74,2012,3,28,11,2,0,0.258819045102521,-0.9659258262890682
18.7,16.6,88.0,17.0,24.1,99.82,2012,9,8,6,5,1,1.0,6.123233995736766e-17
17.8,8.7,55.0,11.0,26.349999999999998,101.1,2012,7,9,7,0,0,0.9659258262890683,-0.25881904510252063
-0.3,-3.2,81.0,19.0,25.0,101.38,2012,12,20,17,3,0,-0.9659258262890683,-0.25881904510252063
-7.8,-13.7,63.0,15.0,26.349999999999998,101.46,2012,12,24,14,0,0,-0.4999999999999997,-0.8660254037844388
-4.9,-8.8,74.0,20.0,24.1,101.23,2012,2,9,8,3,0,0.8660254037844387,-0.4999999999999998
-2.0,-5.0,80.0,11.0,25.0,103.13,2012,11,17,3,5,1,0.7071067811865476,0.7071067811865476
-5.0,-7.5,83.0,32.0,22.750000000000004,100.59,2012,3,1,8,3,0,0.8660254037844387,-0.4999999999999998
13.0,10.7,86.0,7.0,25.0,100.41,2012,6,2,21,5,1,-0.7071067811865477,0.7071067811865474
1.1,-1.0,86.0,20.0,22.750000000000004,100.87,2012,3,13,21,1,0,-0.7071067811865477,0.7071067811865474
6.6,-3.6,48.0,17.0,25.0,101.67,2012,5,6,4,6,1,0.8660254037844386,0.5000000000000001
1.9,-3.1,69.0,13.0,25.0,100.77,2012,2,7,0,1,0,0.0,1.0
18.9,-4.2,21.0,13.0,26.349999999999998,101.48,2012,5,7,12,0,0,1.2246467991473532e-16,-1.0
18.1,13.9,76.0,15.0,24.1,100.82,2012,9,26,12,2,0,1.2246467991473532e-16,-1.0
7.7,-1.2,53.0,9.0,25.0,101.15,2012,5,11,22,4,0,-0.5000000000000004,0.8660254037844384
10.5,7.6,82.0,7.0,25.0,101.06,2012,8,29,4,2,0,0.8660254037844386,0.5000000000000001
1.8,0.2,89.0,19.0,25.0,101.7,2012,3,15,23,3,0,-0.25881904510252157,0.9659258262890681
20.9,13.3,62.0,11.0,22.750000000000004,101.36,2012,10,26,13,4,0,-0.2588190451025208,-0.9659258262890683
9.6,8.2,91.0,9.0,22.750000000000004,101.35,2012,5,1,19,1,0,-0.9659258262890684,0.2588190451025203
10.3,-3.6,37.0,9.0,26.349999999999998,101.8,2012,4,18,16,2,0,-0.8660254037844385,-0.5000000000000004
9.2,-0.5,51.0,19.0,26.349999999999998,101.46,2012,4,14,8,5,1,0.8660254037844387,-0.4999999999999998
-3.3,-12.9,47.0,32.0,26.349999999999998,101.63,2012,2,8,13,2,0,-0.2588190451025208,-0.9659258262890683
9.2,-1.8,46.0,15.0,25.0,101.92,2012,10,25,1,3,0,0.25881904510252074,0.9659258262890683
24.0,18.5,71.0,11.0,25.0,100.57,2012,6,21,4,3,0,0.8660254037844386,0.5000000000000001
-5.7,-11.5,64.0,13.0,24.1,101.29,2012,12,11,15,1,0,-0.7071067811865471,-0.7071067811865479
1.6,-2.0,77.0,28.0,25.0,100.16,2012,1,10,3,1,0,0.7071067811865476,0.7071067811865476
1.9,-0.8,82.0,36.5,22.750000000000004,100.73,2012,4,23,0,0,0,0.0,1.0
13.0,9.0,77.0,15.0,24.1,102.19,2012,6,15,4,4,0,0.8660254037844386,0.5000000000000001
-7.8,-16.8,48.0,13.0,25.0,102.63,2012,2,26,19,6,1,-0.9659258262890684,0.2588190451025203
1.5,-3.2,71.0,32.0,25.0,101.01,2012,1,24,19,1,0,-0.9659258262890684,0.2588190451025203
2.2,-2.9,69.0,13.0,25.0,100.7,2012,2,6,23,0,0,-0.25881904510252157,0.9659258262890681
7.1,1.0,65.0,11.0,25.0,101.85,2012,3,20,0,1,0,0.0,1.0
25.8,19.5,68.0,11.0,24.1,100.6,2012,8,2,10,3,0,0.49999999999999994,-0.8660254037844387
1.7,-1.3,80.0,20.0,25.0,99.73,2012,12,10,22,0,0,-0.5000000000000004,0.8660254037844384
25.0,12.6,46.0,9.0,25.0,101.21,2012,9,3,20,0,0,-0.8660254037844386,0.5000000000000001
21.3,7.8,42.0,22.0,26.349999999999998,100.78,2012,8,18,16,5,1,-0.8660254037844385,-0.5000000000000004
9.7,1.7,57.0,7.0,25.0,101.24,2012,5,1,2,1,0,0.49999999999999994,0.8660254037844387
22.8,11.8,50.0,9.0,25.0,100.47,2012,6,22,21,4,0,-0.7071067811865477,0.7071067811865474
-12.1,-15.8,74.0,28.0,25.0,101.26,2012,12,30,17,6,1,-0.9659258262890683,-0.25881904510252063
-6.1,-11.6,65.0,15.0,24.1,101.35,2012,12,11,16,1,0,-0.8660254037844385,-0.5000000000000004
0.1,-3.4,77.0,15.0,25.0,100.64,2012,1,28,4,5,1,0.8660254037844386,0.5000000000000001
19.3,13.4,69.0,17.0,25.0,101.06,2012,6,18,3,0,0,0.7071067811865476,0.7071067811865476
6.2,0.8,68.0,7.0,26.349999999999998,100.72,2012,4,26,8,3,0,0.8660254037844387,-0.4999999999999998
-14.7,-17.5,79.0,4.0,22.750000000000004,101.93,2012,2,5,6,6,1,1.0,6.123233995736766e-17
6.4,2.9,78.0,9.0,25.0,101.49,2012,10,8,0,0,0,0.0,1.0
11.1,2.3,55.0,11.0,26.349999999999998,101.45,2012,5,12,7,5,1,0.9659258262890683,-0.25881904510252063
-1.8,-8.3,61.0,24.0,25.0,100.0,2012,11,24,22,5,1,-0.5000000000000004,0.8660254037844384
-12.7,-19.4,57.0,19.0,25.0,101.64,2012,1,11,3,2,0,0.7071067811865476,0.7071067811865476
17.8,15.7,88.0,6.0,25.0,100.75,2012,8,16,2,3,0,0.49999999999999994,0.8660254037844387
18.6,7.9,50.0,7.0,25.0,100.88,2012,8,18,20,5,1,-0.8660254037844386,0.5000000000000001
13.2,9.0,76.0,9.0,25.0,100.88,2012,7,9,3,0,0,0.7071067811865476,0.7071067811865476
-7.5,-13.9,60.0,11.0,26.349999999999998,102.03,2012,12,25,16,1,0,-0.8660254037844385,-0.5000000000000004
23.8,17.4,67.0,17.0,24.1,100.85,2012,8,13,12,0,0,1.2246467991473532e-16,-1.0
5.3,-2.1,59.0,13.0,24.1,102.5,2012,11,16,14,4,0,-0.4999999999999997,-0.8660254037844388
9.0,7.3,89.0,30.0,22.750000000000004,100.45,2012,12,5,1,2,0,0.25881904510252074,0.9659258262890683
8.0,4.2,77.0,26.0,24.1,100.79,2012,9,19,6,2,0,1.0,6.123233995736766e-17
24.0,16.2,62.0,19.0,24.1,99.95,2012,7,24,10,1,0,0.49999999999999994,-0.8660254037844387
-14.2,-19.6,64.0,6.0,25.0,101.04,2012,2,14,6,1,0,1.0,6.123233995736766e-17
15.2,12.2,82.0,15.0,26.349999999999998,101.02,2012,8,19,6,6,1,1.0,6.123233995736766e-17
24.7,17.3,63.0,22.0,24.1,100.41,2012,6,22,11,4,0,0.258819045102521,-0.9659258262890682
5.3,2.3,81.0,32.0,25.0,99.6,2012,11,24,1,5,1,0.25881904510252074,0.9659258262890683
12.7,10.9,89.0,9.0,22.750000000000004,101.4,2012,10,26,23,4,0,-0.25881904510252157,0.9659258262890681
-5.8,-10.8,68.0,13.0,25.0,101.47,2012,1,8,6,6,1,1.0,6.123233995736766e-17
2.1,1.6,96.0,15.0,22.750000000000004,100.74,2012,12,8,12,5,1,1.2246467991473532e-16,-1.0
25.9,19.6,68.0,22.0,25.0,100.6,2012,6,21,1,3,0,0.25881904510252074,0.9659258262890683
11.6,11.5,99.0,4.0,22.750000000000004,100.15,2012,9,30,18,6,1,-1.0,-1.8369701987210297e-16
7.7,5.1,84.0,9.0,24.1,99.31,2012,11,1,10,3,0,0.49999999999999994,-0.8660254037844387
17.0,12.8,76.0,17.0,24.1,100.55,2012,4,16,7,0,0,0.9659258262890683,-0.25881904510252063
11.7,6.6,71.0,36.5,22.750000000000004,99.82,2012,3,8,15,3,0,-0.7071067811865471,-0.7071067811865479
10.1,-0.9,46.0,24.0,25.0,100.69,2012,3,8,3,3,0,0.7071067811865476,0.7071067811865476
22.5,19.1,81.0,22.0,25.0,100.59,2012,8,27,23,0,0,-0.25881904510252157,0.9659258262890681
16.7,14.3,86.0,15.0,24.1,100.19,2012,6,25,6,0,0,1.0,6.123233995736766e-17
-9.3,-14.2,67.0,20.0,22.750000000000004,101.46,2012,1,31,11,1,0,0.258819045102521,-0.9659258262890682
-0.6,-3.6,80.0,6.0,26.349999999999998,100.9,2012,1,28,11,5,1,0.258819045102521,-0.9659258262890682
13.1,7.4,68.0,28.0,24.1,100.67,2012,6,4,11,0,0,0.258819045102521,-0.9659258262890682
-4.6,-12.9,52.0,20.0,26.349999999999998,101.76,2012,2,8,12,2,0,1.2246467991473532e-16,-1.0
-4.0,-13.2,49.0,0.0,26.349999999999998,103.02,2012,3,10,11,5,1,0.258819045102521,-0.9659258262890682
-6.7,-14.9,52.0,24.0,24.1,100.76,2012,1,19,16,3,0,-0.8660254037844385,-0.5000000000000004
-11.2,-14.8,75.0,19.0,22.750000000000004,100.07,2012,1,6,14,4,0,-0.4999999999999997,-0.8660254037844388
22.5,17.8,75.0,20.0,24.1,100.87,2012,8,13,11,0,0,0.258819045102521,-0.9659258262890682
-2.4,-7.8,66.0,6.0,24.1,102.2,2012,11,27,11,1,0,0.258819045102521,-0.9659258262890682
-5.7,-8.8,79.0,28.0,22.750000000000004,100.68,2012,1,27,0,4,0,0.0,1.0
-5.0,-12.1,57.0,7.0,24.1,102.05,2012,1,26,11,3,0,0.258819045102521,-0.9659258262890682
-4.3,-6.5,85.0,13.0,22.750000000000004,99.015,2012,1,13,15,4,0,-0.7071067811865471,-0.7071067811865479
26.5,8.8,33.0,13.0,24.1,101.5,2012,7,11,19,2,0,-0.9659258262890684,0.2588190451025203
23.3,15.3,61.0,13.0,25.0,101.35,2012,7,14,3,5,1,0.7071067811865476,0.7071067811865476
25.9,16.8,57.0,20.0,24.1,101.07,2012,5,25,12,4,0,1.2246467991473532e-16,-1.0
9.3,-8.3,28.0,19.0,26.349999999999998,101.1,2012,4,6,15,4,0,-0.7071067811865471,-0.7071067811865479
22.5,9.5,44.0,9.0,26.349999999999998,101.73,2012,7,11,9,2,0,0.7071067811865476,-0.7071067811865475
-12.3,-16.8,69.0,15.0,22.750000000000004,102.44,2012,1,22,20,6,1,-0.8660254037844386,0.5000000000000001
7.0,1.9,70.0,19.0,26.349999999999998,102.07,2012,11,11,15,6,1,-0.7071067811865471,-0.7071067811865479
14.0,-0.4,37.0,13.0,26.349999999999998,101.05,2012,4,19,10,3,0,0.49999999999999994,-0.8660254037844387
10.4,-1.5,43.0,4.0,26.349999999999998,101.42,2012,4,12,12,3,0,1.2246467991473532e-16,-1.0
5.2,0.1,70.0,20.0,24.1,99.93,2012,4,25,6,2,0,1.0,6.123233995736766e-17
4.9,-12.6,27.0,13.0,25.0,100.69,2012,4,2,19,0,0,-0.9659258262890684,0.2588190451025203
0.8,-0.5,91.0,17.0,22.750000000000004,99.015,2012,2,24,23,4,0,-0.25881904510252157,0.9659258262890681
-6.8,-10.2,77.0,7.0,22.750000000000004,102.61,2012,2,3,10,4,0,0.49999999999999994,-0.8660254037844387
-0.6,-7.1,61.0,11.0,25.0,103.135,2012,11,18,21,6,1,-0.7071067811865477,0.7071067811865474
-2.1,-8.9,60.0,15.0,24.1,103.135,2012,11,17,9,5,1,0.7071067811865476,-0.7071067811865475
12.5,6.0,65.0,17.0,26.349999999999998,102.0,2012,10,9,10,1,0,0.49999999999999994,-0.8660254037844387
7.9,3.4,73.0,11.0,25.0,101.32,2012,5,5,1,5,1,0.25881904510252074,0.9659258262890683
18.6,14.3,76.0,9.0,25.0,101.51,2012,10,3,20,2,0,-0.8660254037844386,0.5000000000000001
30.0,17.8,48.0,22.0,24.1,100.4,2012,8,2,16,3,0,-0.8660254037844385,-0.5000000000000004
19.9,11.7,59.0,15.0,26.349999999999998,101.48,2012,8,22,8,2,0,0.8660254037844387,-0.4999999999999998
-12.0,-22.1,43.0,26.0,25.0,100.56,2012,2,12,17,6,1,-0.9659258262890683,-0.25881904510252063
0.0,-0.5,96.0,9.0,22.750000000000004,99.34,2012,12,10,15,0,0,-0.7071067811865471,-0.7071067811865479
28.1,17.8,54.0,13.0,24.1,100.34,2012,9,6,14,3,0,-0.4999999999999997,-0.8660254037844388
7.4,-11.0,26.0,30.0,26.349999999999998,101.46,2012,4,28,16,5,1,-0.8660254037844385,-0.5000000000000004
16.1,10.9,71.0,17.0,25.0,100.5,2012,10,6,1,5,1,0.25881904510252074,0.9659258262890683
9.6,8.4,92.0,13.0,24.1,100.35,2012,10,6,11,5,1,0.258819045102521,-0.9659258262890682
24.6,13.5,50.0,13.0,25.0,101.08,2012,7,21,20,5,1,-0.8660254037844386,0.5000000000000001
-14.8,-16.4,88.0,7.0,22.750000000000004,101.22,2012,12,29,7,5,1,0.9659258262890683,-0.25881904510252063
-5.4,-11.4,63.0,6.0,25.0,102.01,2012,1,25,23,2,0,-0.25881904510252157,0.9659258262890681
13.5,11.0,85.0,7.0,25.0,101.39,2012,10,26,19,4,0,-0.9659258262890684,0.2588190451025203
-3.2,-8.3,68.0,4.0,24.1,101.09,2012,2,14,12,1,0,1.2246467991473532e-16,-1.0
1.6,0.6,93.0,9.0,22.750000000000004,100.46,2012,12,8,17,5,1,-0.9659258262890683,-0.25881904510252063
4.0,0.6,78.0,24.0,24.1,102.0,2012,3,15,15,3,0,-0.7071067811865471,-0.7071067811865479
21.2,14.4,65.0,13.0,25.0,101.03,2012,5,22,0,1,0,0.0,1.0
4.5,-8.5,38.0,28.0,26.349999999999998,100.73,2012,4,2,10,0,0,0.49999999999999994,-0.8660254037844387
26.9,16.4,53.0,11.0,26.349999999999998,101.01,2012,7,30,19,0,0,-0.9659258262890684,0.2588190451025203
23.0,18.5,76.0,6.0,25.0,100.69,2012,8,14,21,1,0,-0.7071067811865477,0.7071067811865474
-3.4,-9.1,65.0,15.0,25.0,102.26,2012,12,6,3,3,0,0.7071067811865476,0.7071067811865476
-9.0,-10.4,90.0,19.0,22.750000000000004,100.46,2012,12,29,17,5,1,-0.9659258262890683,-0.25881904510252063
30.6,12.9,34.0,24.0,26.349999999999998,101.38,2012,7,12,15,3,0,-0.7071067811865471,-0.7071067811865479
3.2,1.4,88.0,22.0,22.750000000000004,100.43,2012,1,23,19,0,0,-0.9659258262890684,0.2588190451025203
0.8,-0.2,93.0,32.0,22.750000000000004,99.5,2012,12,21,8,4,0,0.8660254037844387,-0.4999999999999998
13.1,11.0,87.0,6.0,22.750000000000004,100.26,2012,6,3,2,6,1,0.49999999999999994,0.8660254037844387
-1.0,-3.3,84.0,0.0,26.349999999999998,102.54,2012,10,13,6,5,1,1.0,6.123233995736766e-17
26.5,11.3,39.0,4.0,26.349999999999998,101.73,2012,6,16,17,5,1,-0.9659258262890683,-0.25881904510252063
21.3,8.8,45.0,7.0,26.349999999999998,101.27,2012,7,19,13,3,0,-0.2588190451025208,-0.9659258262890683
-5.1,-7.7,82.0,22.0,22.750000000000004,100.23,2012,1,17,13,1,0,-0.2588190451025208,-0.9659258262890683
17.4,6.9,50.0,26.0,24.1,100.82,2012,5,28,17,0,0,-0.9659258262890683,-0.25881904510252063
1.3,-7.8,51.0,26.0,25.0,101.65,2012,11,7,20,2,0,-0.8660254037844386,0.5000000000000001
-4.7,-10.9,62.0,26.0,24.1,101.94,2012,1,25,8,2,0,0.8660254037844387,-0.4999999999999998
29.8,12.5,35.0,24.0,26.349999999999998,99.45,2012,6,29,18,4,0,-1.0,-1.8369701987210297e-16
17.2,16.7,97.0,24.0,22.750000000000004,100.54,2012,8,11,4,5,1,0.8660254037844386,0.5000000000000001
21.9,15.3,66.0,15.0,25.0,101.15,2012,7,22,4,6,1,0.8660254037844386,0.5000000000000001
-11.1,-16.5,64.0,20.0,25.0,103.135,2012,12,1,2,5,1,0.49999999999999994,0.8660254037844387
0.4,-0.3,95.0,22.0,22.750000000000004,100.71,2012,12,17,12,0,0,1.2246467991473532e-16,-1.0
11.0,4.7,65.0,7.0,25.0,100.94,2012,10,17,18,2,0,-1.0,-1.8369701987210297e-16
-10.5,-11.6,92.0,11.0,22.750000000000004,100.93,2012,12,29,12,5,1,1.2246467991473532e-16,-1.0
-8.3,-13.8,64.0,20.0,26.349999999999998,102.63,2012,2,28,9,1,0,0.7071067811865476,-0.7071067811865475
-18.3,-24.4,59.0,17.0,25.0,101.56,2012,1,14,19,5,1,-0.9659258262890684,0.2588190451025203
26.2,14.7,49.0,19.0,26.349999999999998,100.97,2012,6,17,17,6,1,-0.9659258262890683,-0.25881904510252063
17.7,14.1,79.0,22.0,24.1,100.75,2012,6,13,6,2,0,1.0,6.123233995736766e-17
-1.8,-8.5,60.0,20.0,26.349999999999998,102.06,2012,2,20,16,0,0,-0.8660254037844385,-0.5000000000000004
14.9,5.7,54.0,17.0,25.0,100.9,2012,10,18,20,3,0,-0.8660254037844386,0.5000000000000001
13.8,-0.8,37.0,24.0,26.349999999999998,101.28,2012,4,14,11,5,1,0.258819045102521,-0.9659258262890682
-2.3,-18.4,28.0,24.0,25.0,101.79,2012,3,26,21,0,0,-0.7071067811865477,0.7071067811865474
9.8,-3.1,40.0,19.0,26.349999999999998,102.2,2012,10,13,14,5,1,-0.4999999999999997,-0.8660254037844388
-5.7,-12.4,59.0,11.0,24.1,102.04,2012,1,26,10,3,0,0.49999999999999994,-0.8660254037844387
24.4,9.9,40.0,30.0,22.750000000000004,101.53,2012,5,26,13,5,1,-0.2588190451025208,-0.9659258262890683
26.8,11.4,38.0,11.0,26.349999999999998,101.9,2012,5,20,11,6,1,0.258819045102521,-0.9659258262890682
18.1,-3.5,23.0,17.0,25.0,100.84,2012,5,7,22,0,0,-0.5000000000000004,0.8660254037844384
7.4,-5.1,41.0,19.0,25.0,102.04,2012,4,17,20,1,0,-0.8660254037844386,0.5000000000000001
16.1,13.3,83.0,28.0,24.1,99.57,2012,10,30,10,1,0,0.49999999999999994,-0.8660254037844387
-2.2,-7.2,69.0,28.0,25.0,102.11,2012,12,9,20,6,1,-0.8660254037844386,0.5000000000000001
-8.5,-14.2,63.0,13.0,25.0,102.6,2012,2,27,2,0,0,0.49999999999999994,0.8660254037844387
2.5,-2.4,70.0,11.0,25.0,100.69,2012,11,23,5,4,0,0.9659258262890683,0.25881904510252074
2.3,-7.7,48.0,15.0,26.349999999999998,101.88,2012,11,6,13,1,0,-0.2588190451025208,-0.9659258262890683
-0.7,-6.9,63.0,4.0,25.0,101.97,2012,11,6,21,1,0,-0.7071067811865477,0.7071067811865474
12.9,11.0,88.0,6.0,22.750000000000004,100.59,2012,5,16,4,2,0,0.8660254037844386,0.5000000000000001
15.6,8.4,62.0,15.0,26.349999999999998,100.76,2012,9,9,17,6,1,-0.9659258262890683,-0.25881904510252063
24.2,15.8,59.0,11.0,25.0,101.72,2012,9,13,19,3,0,-0.9659258262890684,0.2588190451025203
28.9,15.9,45.0,20.0,24.1,101.1,2012,8,3,16,4,0,-0.8660254037844385,-0.5000000000000004
-9.5,-16.2,58.0,0.0,25.0,102.64,2012,2,26,23,6,1,-0.25881904510252157,0.9659258262890681
-1.4,-18.7,25.0,28.0,25.0,101.68,2012,3,26,20,0,0,-0.8660254037844386,0.5000000000000001
11.2,8.3,82.0,20.0,25.0,100.9,2012,10,10,5,2,0,0.9659258262890683,0.25881904510252074
17.1,9.6,61.0,6.0,26.349999999999998,101.59,2012,5,14,8,0,0,0.8660254037844387,-0.4999999999999998
20.5,17.5,83.0,6.0,25.0,99.74,2012,5,29,23,1,0,-0.25881904510252157,0.9659258262890681
16.2,15.6,96.0,7.0,24.1,100.33,2012,7,27,5,4,0,0.9659258262890683,0.25881904510252074
5.3,-5.6,45.0,36.5,24.1,99.015,2012,3,3,15,5,1,-0.7071067811865471,-0.7071067811865479
-9.6,-11.3,87.0,4.0,25.0,102.0,2012,12,12,3,2,0,0.7071067811865476,0.7071067811865476
22.1,14.8,63.0,15.0,24.1,100.88,2012,9,17,18,0,0,-1.0,-1.8369701987210297e-16
0.7,0.3,97.0,20.0,22.750000000000004,101.36,2012,3,16,5,4,0,0.9659258262890683,0.25881904510252074
19.9,4.9,37.0,20.0,25.0,100.86,2012,6,1,20,4,0,-0.8660254037844386,0.5000000000000001
-4.8,-7.5,81.0,24.0,22.750000000000004,99.015,2012,1,13,12,4,0,1.2246467991473532e-16,-1.0
11.5,4.9,64.0,4.0,25.0,102.01,2012,9,27,20,3,0,-0.8660254037844386,0.5000000000000001
23.5,14.1,56.0,17.0,24.1,101.01,2012,9,17,13,0,0,-0.2588190451025208,-0.9659258262890683
-1.8,-10.9,50.0,28.0,26.349999999999998,100.22,2012,11,25,15,6,1,-0.7071067811865471,-0.7071067811865479
-7.3,-12.7,65.0,28.0,22.750000000000004,100.69,2012,1,12,7,3,0,0.9659258262890683,-0.25881904510252063
-15.3,-19.7,69.0,6.0,25.0,101.83,2012,1,19,6,3,0,1.0,6.123233995736766e-17
26.3,16.4,54.0,9.0,24.1,101.2,2012,9,14,15,4,0,-0.7071067811865471,-0.7071067811865479
-5.2,-7.6,83.0,26.0,22.750000000000004,99.9,2012,1,12,15,3,0,-0.7071067811865471,-0.7071067811865479
15.5,12.8,84.0,11.0,25.0,101.96,2012,9,13,4,3,0,0.8660254037844386,0.5000000000000001
6.9,-13.6,22.0,19.0,26.349999999999998,100.65,2012,4,2,18,0,0,-1.0,-1.8369701987210297e-16
-7.2,-10.1,80.0,9.0,25.0,100.46,2012,12,23,19,6,1,-0.9659258262890684,0.2588190451025203
24.3,16.8,63.0,9.0,26.349999999999998,100.66,2012,7,5,13,3,0,-0.2588190451025208,-0.9659258262890683
1.2,-1.1,85.0,24.0,22.750000000000004,100.11,2012,1,10,8,1,0,0.8660254037844387,-0.4999999999999998
-8.8,-14.6,63.0,20.0,25.0,100.31,2012,2,13,3,0,0,0.7071067811865476,0.7071067811865476
-0.9,-2.3,90.0,4.0,22.750000000000004,101.84,2012,11,22,4,3,0,0.8660254037844386,0.5000000000000001
26.7,10.8,37.0,22.0,26.349999999999998,101.54,2012,5,21,11,0,0,0.258819045102521,-0.9659258262890682
4.0,3.2,95.0,11.0,22.750000000000004,101.4,2012,3,16,14,4,0,-0.4999999999999997,-0.8660254037844388
12.5,6.7,68.0,15.0,25.0,101.71,2012,3,19,19,0,0,-0.9659258262890684,0.2588190451025203
17.5,6.1,47.0,20.0,26.349999999999998,101.3,2012,9,10,14,0,0,-0.4999999999999997,-0.8660254037844388
5.5,3.7,88.0,19.0,25.0,99.015,2012,4,23,22,0,0,-0.5000000000000004,0.8660254037844384
23.3,18.0,72.0,15.0,24.1,100.74,2012,9,4,17,1,0,-0.9659258262890683,-0.25881904510252063
29.8,17.1,46.0,33.0,26.349999999999998,99.44,2012,6,29,14,4,0,-0.4999999999999997,-0.8660254037844388
4.4,-3.8,55.0,19.0,24.1,101.17,2012,11,8,16,3,0,-0.8660254037844385,-0.5000000000000004
20.3,10.2,52.0,7.0,26.349999999999998,101.33,2012,7,19,11,3,0,0.258819045102521,-0.9659258262890682
7.3,2.7,73.0,9.0,25.0,102.08,2012,10,8,21,0,0,-0.7071067811865477,0.7071067811865474
8.9,-4.4,39.0,13.0,24.1,101.49,2012,3,7,13,2,0,-0.2588190451025208,-0.9659258262890683
2.5,-10.2,39.0,11.0,25.0,101.35,2012,4,7,4,5,1,0.8660254037844386,0.5000000000000001
8.1,4.7,79.0,11.0,24.1,99.29,2012,11,1,11,3,0,0.258819045102521,-0.9659258262890682
20.7,8.1,44.0,20.0,26.349999999999998,101.09,2012,8,29,10,2,0,0.49999999999999994,-0.8660254037844387
22.9,16.8,69.0,24.0,26.349999999999998,101.39,2012,8,23,9,3,0,0.7071067811865476,-0.7071067811865475
0.6,-1.2,88.0,4.0,22.750000000000004,101.61,2012,2,15,9,2,0,0.7071067811865476,-0.7071067811865475
-3.5,-8.3,69.0,32.0,25.0,101.13,2012,1,8,3,6,1,0.7071067811865476,0.7071067811865476
6.4,4.3,86.0,0.0,26.349999999999998,101.86,2012,9,27,6,3,0,1.0,6.123233995736766e-17
7.2,4.9,85.0,7.0,25.0,101.41,2012,9,23,22,6,1,-0.5000000000000004,0.8660254037844384
4.4,-8.6,38.0,15.0,26.349999999999998,101.24,2012,3,30,17,4,0,-0.9659258262890683,-0.25881904510252063
18.3,10.3,60.0,33.0,26.349999999999998,100.01,2012,6,3,16,6,1,-0.8660254037844385,-0.5000000000000004
18.8,17.7,93.0,4.0,22.750000000000004,100.56,2012,8,15,4,2,0,0.8660254037844386,0.5000000000000001
2.8,-11.7,33.0,11.0,25.0,101.74,2012,3,27,19,1,0,-0.9659258262890684,0.2588190451025203
9.2,4.1,70.0,24.0,25.0,99.92,2012,5,10,22,3,0,-0.5000000000000004,0.8660254037844384
15.7,12.7,82.0,17.0,22.750000000000004,100.92,2012,10,5,2,4,0,0.49999999999999994,0.8660254037844387
-0.3,-1.5,92.0,15.0,22.750000000000004,102.34,2012,3,15,5,3,0,0.9659258262890683,0.25881904510252074
25.6,13.6,47.0,24.0,24.1,100.98,2012,6,18,16,0,0,-0.8660254037844385,-0.5000000000000004
-15.4,-24.3,46.0,17.0,26.349999999999998,102.21,2012,1,20,17,4,0,-0.9659258262890683,-0.25881904510252063
14.4,11.2,81.0,19.0,25.0,101.17,2012,9,21,5,4,0,0.9659258262890683,0.25881904510252074
1.5,-8.6,47.0,13.0,25.0,101.33,2012,3,31,0,5,1,0.0,1.0
5.3,0.9,73.0,20.0,25.0,99.42,2012,4,9,23,0,0,-0.25881904510252157,0.9659258262890681
1.2,-0.1,91.0,20.0,22.750000000000004,100.5,2012,12,17,23,0,0,-0.25881904510252157,0.9659258262890681
22.8,13.0,54.0,28.0,25.0,100.47,2012,8,31,4,4,0,0.8660254037844386,0.5000000000000001
-15.7,-18.6,78.0,4.0,24.1,101.93,2012,2,5,7,6,1,0.9659258262890683,-0.25881904510252063
-4.9,-10.5,65.0,15.0,25.0,102.11,2012,2,4,3,5,1,0.7071067811865476,0.7071067811865476
15.9,11.3,74.0,0.0,25.0,100.92,2012,8,21,3,1,0,0.7071067811865476,0.7071067811865476
5.4,-1.3,62.0,9.0,25.0,99.19,2012,4,9,2,0,0,0.49999999999999994,0.8660254037844387
0.1,-4.7,70.0,32.0,25.0,100.75,2012,2,6,2,0,0,0.49999999999999994,0.8660254037844387
15.7,15.4,98.0,7.0,22.750000000000004,100.87,2012,9,22,0,5,1,0.0,1.0
0.8,-6.7,57.0,35.0,24.1,101.34,2012,12,5,14,2,0,-0.4999999999999997,-0.8660254037844388
-4.0,-9.0,68.0,6.0,25.0,102.16,2012,2,20,20,0,0,-0.8660254037844386,0.5000000000000001
15.0,10.3,73.0,0.0,24.1,100.99,2012,8,21,5,1,0,0.9659258262890683,0.25881904510252074
1.6,-0.9,83.0,33.0,24.1,99.58,2012,11,24,9,5,1,0.7071067811865476,-0.7071067811865475
18.6,16.2,86.0,7.0,22.750000000000004,100.89,2012,5,22,4,1,0,0.8660254037844386,0.5000000000000001
0.7,-3.0,76.0,9.0,22.750000000000004,100.25,2012,2,24,10,4,0,0.49999999999999994,-0.8660254037844387
18.7,13.4,71.0,11.0,25.0,100.19,2012,6,27,22,2,0,-0.5000000000000004,0.8660254037844384
-5.8,-15.8,45.0,9.0,26.349999999999998,102.98,2012,3,6,14,1,0,-0.4999999999999997,-0.8660254037844388
21.1,19.3,89.0,13.0,25.0,100.44,2012,8,28,3,1,0,0.7071067811865476,0.7071067811865476
-8.7,-14.6,62.0,11.0,25.0,102.53,2012,2,28,21,1,0,-0.7071067811865477,0.7071067811865474
11.7,9.9,89.0,11.0,25.0,101.19,2012,9,29,3,5,1,0.7071067811865476,0.7071067811865476
15.4,9.5,68.0,11.0,25.0,99.67,2012,5,9,21,2,0,-0.7071067811865477,0.7071067811865474
-7.9,-12.6,69.0,24.0,24.1,100.44,2012,12,23,12,6,1,1.2246467991473532e-16,-1.0
21.1,16.7,76.0,0.0,25.0,100.92,2012,7,27,23,4,0,-0.25881904510252157,0.9659258262890681
23.8,17.3,67.0,7.0,24.1,100.74,2012,8,16,11,3,0,0.258819045102521,-0.9659258262890682
20.5,16.0,75.0,36.5,24.1,99.33,2012,9,8,18,5,1,-1.0,-1.8369701987210297e-16
19.1,14.3,74.0,9.0,25.0,101.11,2012,6,19,2,1,0,0.49999999999999994,0.8660254037844387
17.3,8.7,57.0,11.0,26.349999999999998,101.63,2012,3,18,12,6,1,1.2246467991473532e-16,-1.0
1.2,-1.7,81.0,26.0,25.0,100.07,2012,1,10,4,1,0,0.8660254037844386,0.5000000000000001
10.4,9.7,95.0,9.0,22.750000000000004,100.56,2012,12,4,21,1,0,-0.7071067811865477,0.7071067811865474
2.9,1.1,88.0,4.0,25.0,102.03,2012,12,3,17,0,0,-0.9659258262890683,-0.25881904510252063
23.1,15.4,62.0,15.0,24.1,101.4,2012,7,14,4,5,1,0.8660254037844386,0.5000000000000001
20.9,12.9,60.0,0.0,25.0,101.58,2012,6,16,23,5,1,-0.25881904510252157,0.9659258262890681
2.3,-0.9,79.0,15.0,25.0,99.33,2012,2,22,21,2,0,-0.7071067811865477,0.7071067811865474
-17.5,-23.8,58.0,20.0,26.349999999999998,101.16,2012,1,14,12,5,1,1.2246467991473532e-16,-1.0
-2.2,-7.0,70.0,6.0,25.0,102.09,2012,11,27,17,1,0,-0.9659258262890683,-0.25881904510252063
21.0,18.4,85.0,7.0,25.0,100.55,2012,9,6,1,3,0,0.25881904510252074,0.9659258262890683
16.9,13.2,79.0,19.0,24.1,101.42,2012,10,3,12,2,0,1.2246467991473532e-16,-1.0
19.1,15.9,82.0,11.0,25.0,100.37,2012,7,4,23,2,0,-0.25881904510252157,0.9659258262890681
1.2,-3.2,72.0,11.0,26.349999999999998,101.49,2012,1,23,11,0,0,0.258819045102521,-0.9659258262890682
23.4,15.3,60.0,9.0,26.349999999999998,101.47,2012,6,17,9,6,1,0.7071067811865476,-0.7071067811865475
-0.9,-7.0,63.0,36.5,25.0,100.47,2012,1,29,4,6,1,0.8660254037844386,0.5000000000000001
8.4,2.9,68.0,33.0,24.1,100.67,2012,4,20,16,4,0,-0.8660254037844385,-0.5000000000000004
-1.5,-6.2,70.0,15.0,25.0,100.77,2012,1,9,20,0,0,-0.8660254037844386,0.5000000000000001
0.2,-16.7,27.0,9.0,26.349999999999998,102.31,2012,3,27,12,1,0,1.2246467991473532e-16,-1.0
3.7,1.1,83.0,13.0,25.0,101.91,2012,12,3,23,0,0,-0.25881904510252157,0.9659258262890681
-4.7,-6.2,89.0,33.0,22.750000000000004,101.1,2012,12,10,2,0,0,0.49999999999999994,0.8660254037844387
-14.9,-22.2,54.0,22.0,24.1,101.33,2012,1,3,11,1,0,0.258819045102521,-0.9659258262890682
26.9,19.2,63.0,15.0,24.1,100.48,2012,8,1,14,2,0,-0.4999999999999997,-0.8660254037844388
9.3,6.4,82.0,7.0,25.0,101.56,2012,9,10,23,0,0,-0.25881904510252157,0.9659258262890681
10.7,-2.0,41.0,13.0,26.349999999999998,101.95,2012,10,8,12,0,0,1.2246467991473532e-16,-1.0
27.6,16.6,51.0,15.0,24.1,100.35,2012,7,16,18,0,0,-1.0,-1.8369701987210297e-16
26.5,5.9,27.0,22.0,26.349999999999998,100.84,2012,6,23,16,5,1,-0.8660254037844385,-0.5000000000000004
2.8,-6.3,51.0,7.0,25.0,103.135,2012,11,14,18,2,0,-1.0,-1.8369701987210297e-16
0.7,-0.9,89.0,20.0,22.750000000000004,99.015,2012,1,27,12,4,0,1.2246467991473532e-16,-1.0
-8.2,-10.7,82.0,6.0,22.750000000000004,100.26,2012,1,5,6,3,0,1.0,6.123233995736766e-17
-8.5,-12.3,74.0,11.0,24.1,102.36,2012,2,29,9,2,0,0.7071067811865476,-0.7071067811865475
14.4,4.4,51.0,7.0,26.349999999999998,101.84,2012,10,9,12,1,0,1.2246467991473532e-16,-1.0
-8.6,-11.0,83.0,30.0,22.750000000000004,100.91,2012,2,11,2,5,1,0.49999999999999994,0.8660254037844387
-1.4,-6.5,68.0,7.0,25.0,103.135,2012,11,17,21,5,1,-0.7071067811865477,0.7071067811865474
26.6,16.8,55.0,0.0,24.1,100.57,2012,7,27,14,4,0,-0.4999999999999997,-0.8660254037844388
12.3,0.6,45.0,4.0,26.349999999999998,101.64,2012,5,7,7,0,0,0.9659258262890683,-0.25881904510252063
-5.4,-6.2,94.0,6.0,22.750000000000004,102.61,2012,12,13,4,3,0,0.8660254037844386,0.5000000000000001
-8.0,-11.5,76.0,7.0,25.0,102.29,2012,2,2,22,3,0,-0.5000000000000004,0.8660254037844384
-1.9,-2.8,94.0,33.0,22.750000000000004,100.55,2012,12,10,5,0,0,0.9659258262890683,0.25881904510252074
18.1,14.8,81.0,4.0,24.1,100.62,2012,9,7,0,4,0,0.0,1.0
0.8,0.1,95.0,19.0,22.750000000000004,100.65,2012,12,17,14,0,0,-0.4999999999999997,-0.8660254037844388
7.3,-0.5,58.0,13.0,25.0,101.84,2012,10,25,3,3,0,0.7071067811865476,0.7071067811865476
3.0,-1.3,73.0,15.0,25.0,100.88,2012,11,4,2,6,1,0.49999999999999994,0.8660254037844387
4.3,2.9,91.0,15.0,24.1,99.68,2012,11,2,12,4,0,1.2246467991473532e-16,-1.0
4.2,-4.5,53.0,4.0,25.0,101.11,2012,4,8,2,6,1,0.49999999999999994,0.8660254037844387
2.6,-4.0,62.0,32.0,26.349999999999998,100.77,2012,2,17,11,4,0,0.258819045102521,-0.9659258262890682
3.0,-1.9,70.0,35.0,25.0,99.57,2012,11,24,5,5,1,0.9659258262890683,0.25881904510252074
-22.2,-27.8,60.0,9.0,26.349999999999998,102.57,2012,1,15,9,6,1,0.7071067811865476,-0.7071067811865475
15.4,11.9,80.0,0.0,25.0,100.79,2012,8,20,0,0,0,0.0,1.0
-7.1,-13.2,62.0,6.0,25.0,101.88,2012,1,31,1,1,0,0.25881904510252074,0.9659258262890683
-12.5,-16.7,71.0,26.0,22.750000000000004,100.53,2012,1,6,9,4,0,0.7071067811865476,-0.7071067811865475
1.3,-3.9,68.0,9.0,25.0,101.08,2012,2,14,18,1,0,-1.0,-1.8369701987210297e-16
19.2,9.5,53.0,19.0,26.349999999999998,100.98,2012,9,25,16,1,0,-0.8660254037844385,-0.5000000000000004
-1.8,-9.4,56.0,6.0,26.349999999999998,102.37,2012,12,6,12,3,0,1.2246467991473532e-16,-1.0
-12.9,-17.2,70.0,15.0,22.750000000000004,102.38,2012,1,22,21,6,1,-0.7071067811865477,0.7071067811865474
19.3,9.7,54.0,6.0,26.349999999999998,101.29,2012,7,19,9,3,0,0.7071067811865476,-0.7071067811865475
9.4,5.5,77.0,7.0,25.0,102.01,2012,9,27,21,3,0,-0.7071067811865477,0.7071067811865474
1.4,-14.8,29.0,30.0,26.349999999999998,101.26,2012,3,26,15,0,0,-0.7071067811865471,-0.7071067811865479
3.5,-0.6,74.0,11.0,25.0,100.66,2012,4,26,3,3,0,0.7071067811865476,0.7071067811865476
17.8,-3.1,24.0,7.0,26.349999999999998,101.59,2012,5,7,11,0,0,0.258819045102521,-0.9659258262890682
18.5,1.2,31.0,20.0,26.349999999999998,101.44,2012,6,1,10,4,0,0.49999999999999994,-0.8660254037844387
22.8,8.4,40.0,7.0,25.0,101.51,2012,6,10,21,6,1,-0.7071067811865477,0.7071067811865474
3.3,-7.3,46.0,6.0,26.349999999999998,102.45,2012,11,10,11,5,1,0.258819045102521,-0.9659258262890682
24.6,9.6,39.0,4.0,26.349999999999998,101.35,2012,7,20,18,4,0,-1.0,-1.8369701987210297e-16
5.9,-0.7,63.0,15.0,26.349999999999998,101.55,2012,5,5,6,5,1,1.0,6.123233995736766e-17
-4.2,-11.0,59.0,17.0,26.349999999999998,101.14,2012,11,26,9,0,0,0.7071067811865476,-0.7071067811865475
1.1,-1.1,85.0,36.5,22.750000000000004,100.59,2012,4,23,1,0,0,0.25881904510252074,0.9659258262890683
16.2,14.2,88.0,6.0,25.0,100.84,2012,9,18,0,1,0,0.0,1.0
6.0,3.7,85.0,13.0,24.1,101.31,2012,10,7,7,6,1,0.9659258262890683,-0.25881904510252063
4.2,2.8,91.0,0.0,24.1,101.68,2012,10,23,7,1,0,0.9659258262890683,-0.25881904510252063
21.1,16.4,75.0,15.0,24.1,101.11,2012,9,4,8,1,0,0.8660254037844387,-0.4999999999999998
27.1,8.4,31.0,9.0,26.349999999999998,100.82,2012,6,24,12,6,1,1.2246467991473532e-16,-1.0
17.8,10.6,63.0,24.0,26.349999999999998,101.48,2012,9,1,7,5,1,0.9659258262890683,-0.25881904510252063
26.1,19.2,66.0,19.0,24.1,100.85,2012,6,19,20,1,0,-0.8660254037844386,0.5000000000000001
14.3,9.4,72.0,32.0,24.1,100.48,2012,10,29,11,0,0,0.258819045102521,-0.9659258262890682
0.1,-4.9,69.0,26.0,25.0,101.1,2012,2,9,23,3,0,-0.25881904510252157,0.9659258262890681
-1.3,-6.7,67.0,9.0,25.0,103.135,2012,11,17,23,5,1,-0.25881904510252157,0.9659258262890681
-2.1,-7.2,68.0,4.0,25.0,103.135,2012,11,17,19,5,1,-0.9659258262890684,0.2588190451025203
26.4,18.2,61.0,17.0,24.1,100.95,2012,8,27,14,0,0,-0.4999999999999997,-0.8660254037844388
6.6,4.1,84.0,17.0,25.0,100.62,2012,12,5,5,2,0,0.9659258262890683,0.25881904510252074
-8.8,-12.8,73.0,7.0,25.0,101.76,2012,1,23,6,0,0,1.0,6.123233995736766e-17
0.1,-2.7,81.0,30.0,22.750000000000004,100.13,2012,12,31,19,0,0,-0.9659258262890684,0.2588190451025203
12.2,10.3,88.0,9.0,22.750000000000004,100.29,2012,5,8,17,1,0,-0.9659258262890683,-0.25881904510252063
24.4,5.3,29.0,17.0,26.349999999999998,101.0,2012,7,9,15,0,0,-0.7071067811865471,-0.7071067811865479
1.0,0.9,99.0,0.0,22.750000000000004,102.39,2012,3,17,8,5,1,0.8660254037844387,-0.4999999999999998
27.4,11.4,37.0,15.0,26.349999999999998,100.55,2012,7,3,16,1,0,-0.8660254037844385,-0.5000000000000004
17.3,13.6,79.0,13.0,24.1,100.84,2012,10,5,9,4,0,0.7071067811865476,-0.7071067811865475
16.8,5.8,48.0,11.0,25.0,101.5,2012,5,13,20,6,1,-0.8660254037844386,0.5000000000000001
10.9,5.8,71.0,32.0,24.1,100.31,2012,10,21,10,6,1,0.49999999999999994,-0.8660254037844387
26.9,12.1,40.0,15.0,26.349999999999998,101.13,2012,7,21,17,5,1,-0.9659258262890683,-0.25881904510252063
1.2,-3.9,69.0,15.0,25.0,100.72,2012,2,17,22,4,0,-0.5000000000000004,0.8660254037844384
20.4,15.0,71.0,4.0,24.1,99.99,2012,7,26,8,3,0,0.8660254037844387,-0.4999999999999998
25.7,18.4,64.0,15.0,24.1,100.71,2012,8,14,15,1,0,-0.7071067811865471,-0.7071067811865479
2.5,-1.5,75.0,22.0,26.349999999999998,101.14,2012,1,23,13,0,0,-0.2588190451025208,-0.9659258262890683
4.0,1.6,84.0,9.0,24.1,99.39,2012,4,10,5,1,0,0.9659258262890683,0.25881904510252074
-12.2,-15.7,75.0,26.0,26.349999999999998,100.91,2012,12,30,12,6,1,1.2246467991473532e-16,-1.0
23.9,10.0,41.0,13.0,26.349999999999998,101.42,2012,7,20,14,4,0,-0.4999999999999997,-0.8660254037844388
9.8,0.5,52.0,13.0,26.349999999999998,100.39,2012,4,26,12,3,0,1.2246467991473532e-16,-1.0
12.2,10.1,87.0,24.0,22.750000000000004,100.48,2012,5,8,7,1,0,0.9659258262890683,-0.25881904510252063
26.3,18.5,62.0,17.0,24.1,101.09,2012,6,20,9,2,0,0.7071067811865476,-0.7071067811865475
2.1,-5.9,55.0,30.0,24.1,100.97,2012,4,27,16,4,0,-0.8660254037844385,-0.5000000000000004
-6.5,-9.0,82.0,15.0,22.750000000000004,100.56,2012,2,1,3,2,0,0.7071067811865476,0.7071067811865476
13.8,12.0,89.0,11.0,22.750000000000004,100.71,2012,5,4,10,4,0,0.49999999999999994,-0.8660254037844387
2.2,-0.5,82.0,6.0,25.0,101.88,2012,11,21,21,2,0,-0.7071067811865477,0.7071067811865474
10.3,0.8,52.0,13.0,26.349999999999998,100.24,2012,4,26,13,3,0,-0.2588190451025208,-0.9659258262890683
27.7,15.3,47.0,15.0,26.349999999999998,100.33,2012,7,7,18,5,1,-1.0,-1.8369701987210297e-16
10.9,4.9,66.0,4.0,25.0,100.92,2012,10,18,2,3,0,0.49999999999999994,0.8660254037844387
8.0,4.8,80.0,4.0,25.0,101.91,2012,9,20,3,3,0,0.7071067811865476,0.7071067811865476
20.5,17.2,81.0,7.0,26.349999999999998,100.82,2012,8,16,8,3,0,0.8660254037844387,-0.4999999999999998
9.7,9.1,96.0,19.0,22.750000000000004,100.63,2012,12,4,23,1,0,-0.25881904510252157,0.9659258262890681
27.1,17.3,55.0,13.0,24.1,100.99,2012,8,3,11,4,0,0.258819045102521,-0.9659258262890682
-5.9,-7.8,86.0,36.5,22.750000000000004,99.37,2012,12,22,16,5,1,-0.8660254037844385,-0.5000000000000004
-16.7,-23.5,56.0,19.0,24.1,100.64,2012,2,12,7,6,1,0.9659258262890683,-0.25881904510252063
6.5,0.0,63.0,24.0,26.349999999999998,101.13,2012,4,22,18,6,1,-1.0,-1.8369701987210297e-16
13.6,6.9,64.0,30.0,25.0,100.32,2012,6,3,22,6,1,-0.5000000000000004,0.8660254037844384
18.8,17.6,93.0,30.0,22.750000000000004,99.44,2012,9,18,22,1,0,-0.5000000000000004,0.8660254037844384
19.5,18.8,96.0,4.0,22.750000000000004,100.68,2012,8,12,4,6,1,0.8660254037844386,0.5000000000000001
14.1,8.6,69.0,9.0,25.0,100.87,2012,9,9,20,6,1,-0.8660254037844386,0.5000000000000001
-4.4,-6.4,86.0,7.0,22.750000000000004,102.36,2012,12,12,20,2,0,-0.8660254037844386,0.5000000000000001
-4.5,-6.9,83.0,19.0,22.750000000000004,99.19,2012,1,13,3,4,0,0.7071067811865476,0.7071067811865476
5.8,-1.1,61.0,22.0,24.1,99.4,2012,2,22,13,2,0,-0.2588190451025208,-0.9659258262890683
-3.3,-12.1,51.0,22.0,25.0,101.26,2012,2,8,20,2,0,-0.8660254037844386,0.5000000000000001
27.6,13.5,42.0,22.0,26.349999999999998,101.54,2012,7,12,11,3,0,0.258819045102521,-0.9659258262890682
5.7,0.2,68.0,17.0,25.0,101.89,2012,10,25,5,3,0,0.9659258262890683,0.25881904510252074
25.9,22.2,80.0,7.0,24.1,99.83,2012,7,17,17,1,0,-0.9659258262890683,-0.25881904510252063
15.9,11.8,77.0,7.0,22.750000000000004,102.17,2012,3,21,9,2,0,0.7071067811865476,-0.7071067811865475
15.1,4.6,49.0,24.0,26.349999999999998,101.04,2012,9,23,15,6,1,-0.7071067811865471,-0.7071067811865479
14.9,4.4,49.0,4.0,26.349999999999998,101.95,2012,9,27,14,3,0,-0.4999999999999997,-0.8660254037844388
22.8,17.4,72.0,24.0,24.1,99.61,2012,6,29,8,4,0,0.8660254037844387,-0.4999999999999998
26.0,15.0,51.0,15.0,26.349999999999998,101.27,2012,7,30,11,0,0,0.258819045102521,-0.9659258262890682
29.6,13.6,38.0,24.0,26.349999999999998,101.46,2012,7,12,13,3,0,-0.2588190451025208,-0.9659258262890683
15.0,10.6,75.0,4.0,25.0,101.29,2012,5,24,1,3,0,0.25881904510252074,0.9659258262890683
16.3,9.7,65.0,11.0,25.0,101.04,2012,6,6,21,2,0,-0.7071067811865477,0.7071067811865474
19.1,10.5,57.0,6.0,25.0,100.82,2012,7,2,22,0,0,-0.5000000000000004,0.8660254037844384
-8.0,-14.7,59.0,6.0,22.750000000000004,102.6,2012,1,22,16,6,1,-0.8660254037844385,-0.5000000000000004
13.2,11.2,88.0,11.0,22.750000000000004,100.66,2012,5,4,3,4,0,0.7071067811865476,0.7071067811865476
26.9,14.6,47.0,7.0,25.0,101.36,2012,7,12,20,3,0,-0.8660254037844386,0.5000000000000001
3.0,0.9,86.0,30.0,22.750000000000004,100.54,2012,2,17,6,4,0,1.0,6.123233995736766e-17
7.6,-0.4,57.0,19.0,24.1,100.52,2012,3,8,6,3,0,1.0,6.123233995736766e-17
26.5,10.3,36.0,13.0,26.349999999999998,101.1,2012,7,10,17,1,0,-0.9659258262890683,-0.25881904510252063
11.5,3.2,57.0,22.0,25.0,100.82,2012,5,16,23,2,0,-0.25881904510252157,0.9659258262890681
28.7,19.2,56.0,19.0,24.1,100.79,2012,7,31,13,1,0,-0.2588190451025208,-0.9659258262890683
14.9,9.7,71.0,19.0,24.1,101.5,2012,9,15,9,5,1,0.7071067811865476,-0.7071067811865475
14.3,10.5,78.0,13.0,25.0,101.06,2012,9,25,21,1,0,-0.7071067811865477,0.7071067811865474
19.1,11.5,61.0,4.0,26.349999999999998,101.52,2012,9,2,9,6,1,0.7071067811865476,-0.7071067811865475
-6.6,-10.1,76.0,9.0,24.1,100.42,2012,1,5,9,3,0,0.7071067811865476,-0.7071067811865475
15.4,13.3,87.0,24.0,25.0,100.46,2012,9,22,5,5,1,0.9659258262890683,0.25881904510252074
25.4,13.4,47.0,0.0,26.349999999999998,101.82,2012,8,24,11,4,0,0.258819045102521,-0.9659258262890682
24.8,18.1,66.0,9.0,25.0,100.11,2012,6,22,1,4,0,0.25881904510252074,0.9659258262890683
7.8,1.6,65.0,28.0,24.1,100.35,2012,10,16,12,1,0,1.2246467991473532e-16,-1.0
-13.0,-15.5,81.0,6.0,22.750000000000004,103.04,2012,1,22,11,6,1,0.258819045102521,-0.9659258262890682
-5.5,-6.6,92.0,36.5,22.750000000000004,100.5,2012,12,27,12,3,0,1.2246467991473532e-16,-1.0
-8.5,-11.4,80.0,0.0,22.750000000000004,100.11,2012,1,7,1,5,1,0.25881904510252074,0.9659258262890683
25.1,17.4,62.0,19.0,24.1,100.79,2012,8,13,14,0,0,-0.4999999999999997,-0.8660254037844388
2.2,0.7,90.0,20.0,22.750000000000004,99.48,2012,3,28,16,2,0,-0.8660254037844385,-0.5000000000000004
20.0,18.6,92.0,9.0,25.0,100.72,2012,8,11,22,5,1,-0.5000000000000004,0.8660254037844384
20.7,17.4,81.0,13.0,22.750000000000004,99.84,2012,5,29,17,1,0,-0.9659258262890683,-0.25881904510252063
22.0,17.5,76.0,4.0,25.0,100.48,2012,8,16,22,3,0,-0.5000000000000004,0.8660254037844384
-2.9,-17.8,31.0,28.0,25.0,101.84,2012,3,26,22,0,0,-0.5000000000000004,0.8660254037844384
3.4,-5.6,52.0,20.0,24.1,100.97,2012,3,29,18,3,0,-1.0,-1.8369701987210297e-16
18.7,11.7,64.0,7.0,25.0,101.65,2012,5,21,2,0,0,0.49999999999999994,0.8660254037844387
22.6,18.2,76.0,9.0,26.349999999999998,101.03,2012,7,31,7,1,0,0.9659258262890683,-0.25881904510252063
6.1,-5.6,43.0,17.0,25.0,102.12,2012,4,17,21,1,0,-0.7071067811865477,0.7071067811865474
-5.9,-11.7,64.0,6.0,25.0,101.99,2012,1,26,0,3,0,0.0,1.0
-11.0,-13.9,79.0,13.0,25.0,101.32,2012,12,24,8,0,0,0.8660254037844387,-0.4999999999999998
2.5,-11.0,36.0,15.0,26.349999999999998,101.07,2012,4,3,9,1,0,0.7071067811865476,-0.7071067811865475
26.3,19.2,65.0,13.0,24.1,100.46,2012,8,1,19,2,0,-0.9659258262890684,0.2588190451025203
-9.8,-12.5,81.0,22.0,25.0,101.87,2012,12,26,21,2,0,-0.7071067811865477,0.7071067811865474
-9.9,-15.7,63.0,7.0,25.0,100.85,2012,1,5,22,3,0,-0.5000000000000004,0.8660254037844384
14.6,8.7,68.0,19.0,22.750000000000004,100.58,2012,6,2,2,5,1,0.49999999999999994,0.8660254037844387
22.9,14.4,59.0,9.0,25.0,101.19,2012,7,21,23,5,1,-0.25881904510252157,0.9659258262890681
15.3,12.2,82.0,0.0,24.1,100.7,2012,5,4,12,4,0,1.2246467991473532e-16,-1.0
20.1,9.0,49.0,9.0,24.1,100.69,2012,8,20,19,0,0,-0.9659258262890684,0.2588190451025203
2.6,0.1,84.0,19.0,24.1,99.29,2012,2,22,17,2,0,-0.9659258262890683,-0.25881904510252063
4.4,-1.2,67.0,13.0,24.1,99.45,2012,3,28,14,2,0,-0.4999999999999997,-0.8660254037844388
5.6,0.7,71.0,22.0,24.1,100.24,2012,10,16,8,1,0,0.8660254037844387,-0.4999999999999998
-0.5,-2.1,89.0,17.0,22.750000000000004,102.42,2012,3,15,8,3,0,0.8660254037844387,-0.4999999999999998
26.8,11.6,39.0,17.0,26.349999999999998,101.77,2012,9,12,17,2,0,-0.9659258262890683,-0.25881904510252063
23.3,12.7,51.0,15.0,26.349999999999998,100.93,2012,8,19,12,6,1,1.2246467991473532e-16,-1.0
14.0,12.3,89.0,19.0,24.1,99.8,2012,10,1,9,0,0,0.7071067811865476,-0.7071067811865475
30.1,16.7,45.0,11.0,26.349999999999998,101.84,2012,8,25,13,5,1,-0.2588190451025208,-0.9659258262890683
14.5,4.7,52.0,22.0,26.349999999999998,101.04,2012,10,22,14,0,0,-0.4999999999999997,-0.8660254037844388
11.4,6.7,73.0,15.0,25.0,100.85,2012,6,5,3,1,0,0.7071067811865476,0.7071067811865476
26.1,17.2,58.0,13.0,24.1,100.44,2012,9,5,17,2,0,-0.9659258262890683,-0.25881904510252063
21.2,16.4,74.0,17.0,26.349999999999998,101.01,2012,8,7,8,1,0,0.8660254037844387,-0.4999999999999998
0.6,-2.1,82.0,11.0,25.0,100.27,2012,3,29,4,3,0,0.8660254037844386,0.5000000000000001
11.1,8.3,83.0,7.0,25.0,101.12,2012,9,17,4,0,0,0.8660254037844386,0.5000000000000001
20.2,12.2,60.0,17.0,26.349999999999998,101.57,2012,7,12,6,3,0,1.0,6.123233995736766e-17
14.9,12.2,84.0,17.0,22.750000000000004,100.07,2012,5,9,10,2,0,0.49999999999999994,-0.8660254037844387
17.3,12.6,74.0,7.0,25.0,100.71,2012,7,2,1,0,0,0.25881904510252074,0.9659258262890683
25.8,8.5,33.0,22.0,26.349999999999998,101.14,2012,7,10,13,1,0,-0.2588190451025208,-0.9659258262890683
22.3,16.0,68.0,13.0,25.0,101.71,2012,9,13,21,3,0,-0.7071067811865477,0.7071067811865474
0.3,-4.0,73.0,20.0,25.0,102.23,2012,11,11,5,6,1,0.9659258262890683,0.25881904510252074
6.6,3.7,82.0,13.0,24.1,99.015,2012,4,24,8,1,0,0.8660254037844387,-0.4999999999999998
18.9,9.6,55.0,35.0,25.0,100.42,2012,4,17,1,1,0,0.25881904510252074,0.9659258262890683
13.7,10.4,80.0,26.0,22.750000000000004,100.02,2012,10,10,16,2,0,-0.8660254037844385,-0.5000000000000004
-4.6,-10.0,66.0,13.0,25.0,101.85,2012,11,26,20,0,0,-0.8660254037844386,0.5000000000000001
15.1,8.1,63.0,7.0,25.0,101.7,2012,6,13,21,2,0,-0.7071067811865477,0.7071067811865474
26.9,13.1,43.0,13.0,26.349999999999998,100.74,2012,7,3,13,1,0,-0.2588190451025208,-0.9659258262890683
28.1,19.2,58.0,20.0,24.1,100.92,2012,6,19,15,1,0,-0.7071067811865471,-0.7071067811865479
11.7,9.9,89.0,20.0,22.750000000000004,100.84,2012,9,30,9,6,1,0.7071067811865476,-0.7071067811865475
17.3,7.3,52.0,6.0,25.0,101.71,2012,5,26,22,5,1,-0.5000000000000004,0.8660254037844384
-7.0,-9.6,82.0,13.0,22.750000000000004,100.35,2012,12,23,16,6,1,-0.8660254037844385,-0.5000000000000004
11.5,7.6,77.0,15.0,24.1,101.23,2012,9,10,7,0,0,0.9659258262890683,-0.25881904510252063
11.0,9.7,92.0,13.0,22.750000000000004,100.35,2012,10,6,4,5,1,0.8660254037844386,0.5000000000000001
23.0,7.6,37.0,19.0,26.349999999999998,100.71,2012,6,9,13,5,1,-0.2588190451025208,-0.9659258262890683
3.9,-2.2,64.0,6.0,24.1,100.71,2012,3,29,12,3,0,1.2246467991473532e-16,-1.0
20.0,12.2,61.0,7.0,26.349999999999998,101.03,2012,6,24,7,6,1,0.9659258262890683,-0.25881904510252063
18.2,15.4,84.0,15.0,24.1,100.9,2012,5,15,16,1,0,-0.8660254037844385,-0.5000000000000004
17.9,16.7,93.0,0.0,24.1,101.27,2012,7,30,5,0,0,0.9659258262890683,0.25881904510252074
-3.8,-12.2,52.0,19.0,24.1,101.52,2012,1,26,16,3,0,-0.8660254037844385,-0.5000000000000004
22.3,12.9,55.0,9.0,26.349999999999998,101.24,2012,7,10,9,1,0,0.7071067811865476,-0.7071067811865475
-4.5,-11.0,60.0,22.0,24.1,101.98,2012,1,25,14,2,0,-0.4999999999999997,-0.8660254037844388
6.2,-8.4,34.0,13.0,25.0,101.38,2012,3,24,19,5,1,-0.9659258262890684,0.2588190451025203
25.6,18.6,65.0,17.0,24.1,100.6,2012,6,21,7,3,0,0.9659258262890683,-0.25881904510252063
17.1,11.8,71.0,24.0,25.0,100.13,2012,6,25,22,0,0,-0.5000000000000004,0.8660254037844384
-0.8,-9.5,52.0,9.0,26.349999999999998,101.62,2012,3,30,10,4,0,0.49999999999999994,-0.8660254037844387
14.9,12.0,83.0,20.0,24.1,99.88,2012,10,1,10,0,0,0.49999999999999994,-0.8660254037844387
21.1,14.2,65.0,0.0,26.349999999999998,101.47,2012,7,21,8,5,1,0.8660254037844387,-0.4999999999999998
10.6,5.4,70.0,13.0,24.1,100.74,2012,4,15,6,6,1,1.0,6.123233995736766e-17
20.0,10.4,54.0,6.0,25.0,100.81,2012,7,2,21,0,0,-0.7071067811865477,0.7071067811865474
12.8,4.4,57.0,7.0,25.0,101.18,2012,5,31,23,3,0,-0.25881904510252157,0.9659258262890681
17.7,12.6,72.0,17.0,24.1,100.53,2012,6,8,9,4,0,0.7071067811865476,-0.7071067811865475
16.6,13.7,83.0,13.0,22.750000000000004,100.97,2012,10,4,23,3,0,-0.25881904510252157,0.9659258262890681
8.2,3.3,71.0,6.0,26.349999999999998,101.63,2012,5,7,6,0,0,1.0,6.123233995736766e-17
11.4,9.8,90.0,4.0,25.0,101.93,2012,3,21,3,2,0,0.7071067811865476,0.7071067811865476
-2.4,-6.5,73.0,20.0,25.0,101.91,2012,12,9,21,6,1,-0.7071067811865477,0.7071067811865474
-0.9,-9.9,50.0,26.0,26.349999999999998,101.48,2012,11,26,15,0,0,-0.7071067811865471,-0.7071067811865479
-1.0,-6.2,68.0,0.0,25.0,100.67,2012,4,1,3,6,1,0.7071067811865476,0.7071067811865476
16.2,11.0,71.0,7.0,24.1,101.27,2012,5,3,15,3,0,-0.7071067811865471,-0.7071067811865479
17.1,9.1,59.0,11.0,25.0,101.05,2012,6,6,23,2,0,-0.25881904510252157,0.9659258262890681
-1.0,-3.9,81.0,19.0,25.0,100.68,2012,3,28,5,2,0,0.9659258262890683,0.25881904510252074
-2.9,-9.9,58.0,15.0,25.0,101.68,2012,11,6,0,1,0,0.0,1.0
21.5,14.7,65.0,13.0,25.0,101.13,2012,6,18,23,0,0,-0.25881904510252157,0.9659258262890681
1.8,-3.3,69.0,9.0,25.0,101.27,2012,11,8,19,3,0,-0.9659258262890684,0.2588190451025203
6.6,3.6,81.0,20.0,24.1,99.05,2012,4,9,8,0,0,0.8660254037844387,-0.4999999999999998
6.7,4.7,87.0,7.0,25.0,101.78,2012,3,17,23,5,1,-0.25881904510252157,0.9659258262890681
23.1,16.1,65.0,15.0,24.1,100.42,2012,7,7,9,5,1,0.7071067811865476,-0.7071067811865475
-1.9,-3.7,87.0,9.0,25.0,101.85,2012,11,21,4,2,0,0.8660254037844386,0.5000000000000001
-10.0,-11.1,92.0,22.0,22.750000000000004,100.63,2012,12,29,13,5,1,-0.2588190451025208,-0.9659258262890683
21.5,19.6,89.0,11.0,25.0,100.51,2012,8,2,4,3,0,0.8660254037844386,0.5000000000000001
10.3,8.9,91.0,19.0,25.0,101.23,2012,9,29,5,5,1,0.9659258262890683,0.25881904510252074
2.6,-6.4,51.0,7.0,25.0,102.58,2012,11,10,19,5,1,-0.9659258262890684,0.2588190451025203
5.3,2.8,84.0,19.0,25.0,99.4,2012,11,2,0,4,0,0.0,1.0
-5.1,-10.6,65.0,22.0,25.0,101.71,2012,11,29,1,3,0,0.25881904510252074,0.9659258262890683
-4.3,-10.0,64.0,32.0,25.0,100.25,2012,11,25,5,6,1,0.9659258262890683,0.25881904510252074
-1.5,-7.8,62.0,36.5,25.0,100.59,2012,1,29,5,6,1,0.9659258262890683,0.25881904510252074
18.9,14.1,74.0,9.0,26.349999999999998,101.51,2012,6,17,6,6,1,1.0,6.123233995736766e-17
-1.4,-2.9,89.0,33.0,22.750000000000004,99.015,2012,2,25,7,5,1,0.9659258262890683,-0.25881904510252063
19.0,14.4,75.0,0.0,24.1,100.17,2012,6,8,18,4,0,-1.0,-1.8369701987210297e-16
5.8,3.3,84.0,4.0,25.0,102.08,2012,10,9,1,1,0,0.25881904510252074,0.9659258262890683
13.3,8.9,75.0,15.0,26.349999999999998,102.27,2012,6,15,5,4,0,0.9659258262890683,0.25881904510252074
0.5,-6.6,59.0,17.0,25.0,101.11,2012,2,9,20,3,0,-0.8660254037844386,0.5000000000000001
-7.8,-13.7,63.0,15.0,26.349999999999998,102.55,2012,12,15,15,5,1,-0.7071067811865471,-0.7071067811865479
-4.3,-7.1,81.0,22.0,22.750000000000004,101.04,2012,3,1,23,3,0,-0.25881904510252157,0.9659258262890681
10.0,2.9,61.0,24.0,25.0,100.93,2012,5,17,0,3,0,0.0,1.0
17.7,4.2,41.0,9.0,26.349999999999998,101.58,2012,5,18,19,4,0,-0.9659258262890684,0.2588190451025203
2.8,-2.2,70.0,6.0,25.0,100.9,2012,11,23,3,4,0,0.7071067811865476,0.7071067811865476
9.1,1.3,58.0,6.0,24.1,101.08,2012,10,17,10,2,0,0.49999999999999994,-0.8660254037844387
11.4,9.9,90.0,19.0,22.750000000000004,100.9,2012,9,30,8,6,1,0.8660254037844387,-0.4999999999999998
-1.6,-3.6,86.0,4.0,25.0,102.49,2012,10,13,3,5,1,0.7071067811865476,0.7071067811865476
8.8,8.4,97.0,9.0,22.750000000000004,99.78,2012,10,15,3,0,0,0.7071067811865476,0.7071067811865476
-13.4,-20.7,54.0,26.0,26.349999999999998,101.31,2012,3,5,11,0,0,0.258819045102521,-0.9659258262890682
20.8,6.9,40.0,15.0,26.349999999999998,100.8,2012,8,18,18,5,1,-1.0,-1.8369701987210297e-16
13.9,7.4,65.0,9.0,25.0,101.01,2012,8,28,22,1,0,-0.5000000000000004,0.8660254037844384
25.8,17.1,59.0,9.0,24.1,100.5,2012,9,5,18,2,0,-1.0,-1.8369701987210297e-16
-9.0,-14.5,64.0,20.0,25.0,101.09,2012,2,26,1,6,1,0.25881904510252074,0.9659258262890683
22.0,14.1,61.0,17.0,26.349999999999998,101.5,2012,8,22,10,2,0,0.49999999999999994,-0.8660254037844387
19.3,17.5,89.0,0.0,24.1,100.65,2012,8,15,6,2,0,1.0,6.123233995736766e-17
12.2,3.8,56.0,4.0,24.1,101.59,2012,10,23,13,1,0,-0.2588190451025208,-0.9659258262890683
-6.2,-8.8,82.0,24.0,26.349999999999998,101.24,2012,12,28,11,4,0,0.258819045102521,-0.9659258262890682
25.8,17.9,62.0,15.0,24.1,101.24,2012,7,15,8,6,1,0.8660254037844387,-0.4999999999999998
1.4,-7.7,51.0,6.0,25.0,101.34,2012,3,30,23,4,0,-0.25881904510252157,0.9659258262890681
-8.1,-13.4,66.0,19.0,24.1,102.35,2012,2,28,7,1,0,0.9659258262890683,-0.25881904510252063
15.9,15.2,96.0,19.0,22.750000000000004,100.95,2012,9,21,18,4,0,-1.0,-1.8369701987210297e-16
-3.4,-12.4,50.0,24.0,26.349999999999998,100.54,2012,2,13,15,0,0,-0.7071067811865471,-0.7071067811865479
26.3,14.8,49.0,13.0,26.349999999999998,100.73,2012,8,7,19,1,0,-0.9659258262890684,0.2588190451025203
-5.5,-8.3,81.0,24.0,22.750000000000004,100.58,2012,1,27,1,4,0,0.25881904510252074,0.9659258262890683
12.1,11.2,94.0,17.0,22.750000000000004,99.6,2012,10,1,7,0,0,0.9659258262890683,-0.25881904510252063
-5.4,-6.7,91.0,7.0,25.0,101.22,2012,11,9,5,4,0,0.9659258262890683,0.25881904510252074
21.0,8.9,46.0,20.0,26.349999999999998,101.75,2012,9,11,14,1,0,-0.4999999999999997,-0.8660254037844388
-1.6,-20.6,22.0,6.0,26.349999999999998,102.43,2012,3,27,11,1,0,0.258819045102521,-0.9659258262890682
-6.4,-9.0,82.0,9.0,22.750000000000004,100.1,2012,1,7,8,5,1,0.8660254037844387,-0.4999999999999998
8.4,-0.9,52.0,15.0,25.0,101.89,2012,10,25,2,3,0,0.49999999999999994,0.8660254037844387
25.6,12.5,44.0,9.0,26.349999999999998,100.76,2012,9,7,14,4,0,-0.4999999999999997,-0.8660254037844388
23.9,19.8,78.0,13.0,24.1,100.61,2012,8,11,11,5,1,0.258819045102521,-0.9659258262890682
27.3,13.0,41.0,9.0,26.349999999999998,100.66,2012,7,3,14,1,0,-0.4999999999999997,-0.8660254037844388
-4.3,-7.2,80.0,15.0,22.750000000000004,100.99,2012,2,1,21,2,0,-0.7071067811865477,0.7071067811865474
16.6,3.7,42.0,32.0,26.349999999999998,101.23,2012,9,24,14,0,0,-0.4999999999999997,-0.8660254037844388
2.5,-0.6,80.0,13.0,25.0,101.61,2012,12,14,17,4,0,-0.9659258262890683,-0.25881904510252063
14.4,8.3,67.0,15.0,26.349999999999998,100.5,2012,5,31,6,3,0,1.0,6.123233995736766e-17
16.0,11.5,75.0,9.0,25.0,100.96,2012,8,19,0,6,1,0.0,1.0
10.6,-8.9,24.0,19.0,25.0,101.73,2012,3,23,22,4,0,-0.5000000000000004,0.8660254037844384
11.3,9.9,91.0,17.0,22.750000000000004,101.0,2012,10,19,7,4,0,0.9659258262890683,-0.25881904510252063
-8.8,-16.0,56.0,17.0,26.349999999999998,101.82,2012,1,30,10,0,0,0.49999999999999994,-0.8660254037844387
1.8,1.6,99.0,4.0,22.750000000000004,102.1,2012,3,17,3,5,1,0.7071067811865476,0.7071067811865476
17.5,6.6,49.0,24.0,26.349999999999998,100.94,2012,5,28,15,0,0,-0.7071067811865471,-0.7071067811865479
-7.4,-16.4,49.0,11.0,25.0,102.24,2012,3,27,5,1,0,0.9659258262890683,0.25881904510252074
14.0,11.0,82.0,9.0,25.0,101.9,2012,3,21,0,2,0,0.0,1.0
8.0,-0.8,54.0,13.0,26.349999999999998,101.73,2012,4,13,9,4,0,0.7071067811865476,-0.7071067811865475
10.8,2.1,55.0,7.0,26.349999999999998,100.97,2012,10,17,12,2,0,1.2246467991473532e-16,-1.0
21.3,14.3,64.0,11.0,26.349999999999998,101.65,2012,8,4,5,5,1,0.9659258262890683,0.25881904510252074
6.9,0.0,61.0,28.0,25.0,99.45,2012,4,24,20,1,0,-0.8660254037844386,0.5000000000000001
15.3,9.6,69.0,7.0,24.1,101.14,2012,6,6,8,2,0,0.8660254037844387,-0.4999999999999998
3.4,-3.2,62.0,0.0,25.0,101.27,2012,4,19,4,3,0,0.8660254037844386,0.5000000000000001
14.6,5.2,53.0,13.0,26.349999999999998,101.62,2012,9,28,11,4,0,0.258819045102521,-0.9659258262890682
20.9,17.5,81.0,15.0,25.0,100.68,2012,8,13,1,0,0,0.25881904510252074,0.9659258262890683
25.6,9.1,35.0,19.0,26.349999999999998,101.13,2012,7,10,18,1,0,-1.0,-1.8369701987210297e-16
0.6,-1.0,89.0,13.0,22.750000000000004,101.07,2012,4,22,2,6,1,0.49999999999999994,0.8660254037844387
-12.2,-18.1,61.0,32.0,24.1,101.59,2012,1,20,9,4,0,0.7071067811865476,-0.7071067811865475
3.5,-4.1,57.0,24.0,24.1,100.92,2012,3,29,17,3,0,-0.9659258262890683,-0.25881904510252063
5.7,3.8,88.0,7.0,25.0,101.19,2012,10,7,5,6,1,0.9659258262890683,0.25881904510252074
10.2,6.4,77.0,19.0,25.0,100.05,2012,10,20,23,5,1,-0.25881904510252157,0.9659258262890681
17.6,9.0,57.0,4.0,25.0,101.04,2012,7,9,22,0,0,-0.5000000000000004,0.8660254037844384
-8.8,-11.4,81.0,17.0,25.0,100.91,2012,12,24,2,0,0,0.49999999999999994,0.8660254037844387
-5.8,-8.9,79.0,32.0,22.750000000000004,100.22,2012,1,12,12,3,0,1.2246467991473532e-16,-1.0
18.2,14.9,81.0,11.0,24.1,100.28,2012,8,17,6,4,0,1.0,6.123233995736766e-17
-4.9,-9.2,72.0,11.0,26.349999999999998,101.59,2012,1,23,9,0,0,0.7071067811865476,-0.7071067811865475
6.2,4.1,86.0,28.0,25.0,101.53,2012,11,13,4,1,0,0.8660254037844386,0.5000000000000001
24.6,12.5,47.0,9.0,26.349999999999998,101.96,2012,6,16,13,5,1,-0.2588190451025208,-0.9659258262890683
15.5,3.2,44.0,11.0,26.349999999999998,101.16,2012,9,16,18,6,1,-1.0,-1.8369701987210297e-16
12.7,12.6,99.0,19.0,22.750000000000004,101.53,2012,10,3,9,2,0,0.7071067811865476,-0.7071067811865475
29.4,22.3,66.0,9.0,22.750000000000004,99.66,2012,7,17,13,1,0,-0.2588190451025208,-0.9659258262890683
14.5,9.6,72.0,6.0,25.0,101.86,2012,9,12,2,2,0,0.49999999999999994,0.8660254037844387
6.2,3.3,82.0,17.0,24.1,100.42,2012,4,21,8,5,1,0.8660254037844387,-0.4999999999999998
-8.3,-11.2,80.0,9.0,25.0,101.84,2012,12,11,23,1,0,-0.25881904510252157,0.9659258262890681
6.5,-0.7,60.0,19.0,26.349999999999998,101.62,2012,5,5,7,5,1,0.9659258262890683,-0.25881904510252063
19.2,12.3,64.0,15.0,24.1,101.29,2012,7,29,7,6,1,0.9659258262890683,-0.25881904510252063
-10.5,-12.8,83.0,4.0,25.0,101.48,2012,12,24,23,0,0,-0.25881904510252157,0.9659258262890681
3.7,-4.3,56.0,6.0,26.349999999999998,101.15,2012,12,7,13,4,0,-0.2588190451025208,-0.9659258262890683
7.2,1.7,68.0,26.0,24.1,100.98,2012,4,20,12,4,0,1.2246467991473532e-16,-1.0
15.9,13.1,83.0,11.0,25.0,101.19,2012,5,15,3,1,0,0.7071067811865476,0.7071067811865476
13.1,9.8,80.0,9.0,25.0,101.3,2012,9,28,22,4,0,-0.5000000000000004,0.8660254037844384
21.3,16.0,72.0,0.0,25.0,100.88,2012,7,27,22,4,0,-0.5000000000000004,0.8660254037844384
17.0,10.9,67.0,17.0,25.0,100.53,2012,10,5,23,4,0,-0.25881904510252157,0.9659258262890681
17.2,9.1,59.0,6.0,25.0,101.67,2012,3,21,19,2,0,-0.9659258262890684,0.2588190451025203
25.5,15.6,54.0,7.0,26.349999999999998,101.24,2012,8,3,19,4,0,-0.9659258262890684,0.2588190451025203
11.9,11.7,99.0,4.0,25.0,101.3,2012,10,3,0,2,0,0.0,1.0
5.8,-4.2,49.0,7.0,25.0,100.84,2012,3,25,3,6,1,0.7071067811865476,0.7071067811865476
24.9,16.0,58.0,13.0,24.1,100.68,2012,8,15,18,2,0,-1.0,-1.8369701987210297e-16
4.2,2.6,89.0,15.0,25.0,101.41,2012,12,4,6,1,0,1.0,6.123233995736766e-17
23.8,15.5,60.0,15.0,26.349999999999998,100.61,2012,8,28,10,1,0,0.49999999999999994,-0.8660254037844387
21.7,6.7,38.0,15.0,26.349999999999998,100.89,2012,8,29,19,2,0,-0.9659258262890684,0.2588190451025203
16.5,10.0,65.0,7.0,25.0,101.34,2012,5,13,0,6,1,0.0,1.0
13.7,12.2,91.0,13.0,22.750000000000004,100.08,2012,5,9,6,2,0,1.0,6.123233995736766e-17
3.1,0.6,84.0,36.5,22.750000000000004,99.29,2012,4,23,9,0,0,0.7071067811865476,-0.7071067811865475
0.9,-0.1,93.0,32.0,22.750000000000004,99.64,2012,12,21,7,4,0,0.9659258262890683,-0.25881904510252063
-16.8,-22.5,61.0,9.0,24.1,101.68,2012,1,4,9,2,0,0.7071067811865476,-0.7071067811865475
-2.3,-3.3,93.0,26.0,22.750000000000004,101.01,2012,12,17,1,0,0,0.25881904510252074,0.9659258262890683
-14.2,-15.8,88.0,6.0,25.0,102.52,2012,12,26,3,2,0,0.7071067811865476,0.7071067811865476
0.6,-2.3,81.0,15.0,25.0,101.9,2012,12,13,21,3,0,-0.7071067811865477,0.7071067811865474
-1.1,-5.8,70.0,19.0,25.0,100.83,2012,1,9,19,0,0,-0.9659258262890684,0.2588190451025203
22.5,13.0,55.0,13.0,26.349999999999998,101.15,2012,8,6,14,0,0,-0.4999999999999997,-0.8660254037844388
12.0,11.9,99.0,6.0,22.750000000000004,100.85,2012,10,2,4,1,0,0.8660254037844386,0.5000000000000001
22.0,16.9,73.0,11.0,24.1,101.1,2012,9,4,9,1,0,0.7071067811865476,-0.7071067811865475
14.8,10.6,76.0,6.0,25.0,100.82,2012,4,15,22,6,1,-0.5000000000000004,0.8660254037844384
6.1,-11.4,27.0,19.0,26.349999999999998,101.46,2012,4,28,19,5,1,-0.9659258262890684,0.2588190451025203
11.8,10.8,94.0,6.0,22.750000000000004,101.41,2012,10,27,2,5,1,0.49999999999999994,0.8660254037844387
22.9,17.1,70.0,9.0,24.1,102.1,2012,8,26,7,6,1,0.9659258262890683,-0.25881904510252063
15.5,11.7,78.0,20.0,26.349999999999998,100.97,2012,8,30,5,3,0,0.9659258262890683,0.25881904510252074
1.5,0.7,94.0,20.0,22.750000000000004,101.07,2012,12,9,0,6,1,0.0,1.0
3.5,2.4,92.0,6.0,25.0,101.7,2012,3,18,5,6,1,0.9659258262890683,0.25881904510252074
14.3,3.4,48.0,20.0,26.349999999999998,101.11,2012,9,23,17,6,1,-0.9659258262890683,-0.25881904510252063
10.4,0.4,50.0,24.0,24.1,100.11,2012,11,23,11,4,0,0.258819045102521,-0.9659258262890682
-7.0,-8.7,88.0,35.0,22.750000000000004,101.33,2012,12,16,16,6,1,-0.8660254037844385,-0.5000000000000004
-3.8,-7.4,76.0,7.0,22.750000000000004,102.27,2012,2,3,14,4,0,-0.4999999999999997,-0.8660254037844388
4.1,-0.4,72.0,7.0,25.0,100.73,2012,10,16,22,1,0,-0.5000000000000004,0.8660254037844384
-8.3,-14.3,62.0,19.0,25.0,100.89,2012,2,26,0,6,1,0.0,1.0
9.9,-1.9,44.0,9.0,24.1,101.25,2012,3,7,17,2,0,-0.9659258262890683,-0.25881904510252063
16.4,14.2,87.0,6.0,25.0,101.67,2012,9,14,3,4,0,0.7071067811865476,0.7071067811865476
20.5,17.6,83.0,4.0,24.1,99.94,2012,7,26,20,3,0,-0.8660254037844386,0.5000000000000001
30.8,15.7,40.0,7.0,26.349999999999998,101.79,2012,8,25,14,5,1,-0.4999999999999997,-0.8660254037844388
7.4,2.9,73.0,28.0,24.1,100.54,2012,4,20,18,4,0,-1.0,-1.8369701987210297e-16
-9.8,-16.0,61.0,15.0,25.0,101.55,2012,1,30,7,0,0,0.9659258262890683,-0.25881904510252063
6.6,3.5,81.0,17.0,25.0,100.35,2012,4,20,21,4,0,-0.7071067811865477,0.7071067811865474
7.2,4.5,83.0,7.0,25.0,101.88,2012,9,20,0,3,0,0.0,1.0
23.9,20.0,79.0,26.0,25.0,100.5,2012,8,5,22,6,1,-0.5000000000000004,0.8660254037844384
20.3,13.8,66.0,11.0,25.0,100.12,2012,7,26,2,3,0,0.49999999999999994,0.8660254037844387
5.4,-4.1,50.0,11.0,25.0,100.05,2012,4,4,3,2,0,0.7071067811865476,0.7071067811865476
20.7,12.0,57.0,11.0,24.1,101.29,2012,8,23,0,3,0,0.0,1.0
27.0,18.9,61.0,15.0,24.1,100.39,2012,8,1,18,2,0,-1.0,-1.8369701987210297e-16
12.8,11.2,90.0,36.5,25.0,99.78,2012,9,19,0,2,0,0.0,1.0
15.8,0.5,35.0,19.0,26.349999999999998,101.02,2012,4,19,11,3,0,0.258819045102521,-0.9659258262890682
28.5,15.8,46.0,11.0,25.0,101.35,2012,7,13,20,4,0,-0.8660254037844386,0.5000000000000001
24.3,10.9,43.0,9.0,26.349999999999998,101.59,2012,9,3,11,0,0,0.258819045102521,-0.9659258262890682
-9.6,-18.9,47.0,13.0,25.0,102.15,2012,2,7,21,1,0,-0.7071067811865477,0.7071067811865474
16.4,12.4,77.0,11.0,24.1,101.11,2012,7,10,4,1,0,0.8660254037844386,0.5000000000000001
24.2,5.3,29.0,11.0,26.349999999999998,100.98,2012,7,9,17,0,0,-0.9659258262890683,-0.25881904510252063
14.1,8.3,68.0,13.0,24.1,101.1,2012,6,6,7,2,0,0.9659258262890683,-0.25881904510252063
9.3,1.3,57.0,33.0,24.1,100.91,2012,4,11,17,2,0,-0.9659258262890683,-0.25881904510252063
23.8,14.6,56.0,30.0,24.1,100.04,2012,7,24,13,1,0,-0.2588190451025208,-0.9659258262890683
20.6,12.5,60.0,11.0,25.0,101.5,2012,7,12,3,3,0,0.7071067811865476,0.7071067811865476
-6.4,-14.0,55.0,20.0,25.0,102.42,2012,3,10,5,5,1,0.9659258262890683,0.25881904510252074
16.3,11.5,73.0,17.0,24.1,100.78,2012,4,15,19,6,1,-0.9659258262890684,0.2588190451025203
-11.2,-16.5,65.0,19.0,25.0,101.32,2012,1,11,21,2,0,-0.7071067811865477,0.7071067811865474
-3.2,-8.2,68.0,13.0,24.1,103.135,2012,11,17,7,5,1,0.9659258262890683,-0.25881904510252063
7.1,3.9,80.0,17.0,25.0,100.84,2012,10,22,3,0,0,0.7071067811865476,0.7071067811865476
9.5,6.5,82.0,13.0,25.0,101.23,2012,10,28,4,6,1,0.8660254037844386,0.5000000000000001
17.2,13.8,80.0,15.0,24.1,100.18,2012,6,25,7,0,0,0.9659258262890683,-0.25881904510252063
12.8,9.6,81.0,17.0,25.0,100.46,2012,9,23,1,6,1,0.25881904510252074,0.9659258262890683
15.2,12.4,83.0,13.0,22.750000000000004,99.72,2012,6,27,4,2,0,0.8660254037844386,0.5000000000000001
23.8,17.7,69.0,0.0,24.1,100.78,2012,8,16,10,3,0,0.49999999999999994,-0.8660254037844387
-7.4,-12.2,68.0,17.0,25.0,101.87,2012,11,29,3,3,0,0.7071067811865476,0.7071067811865476
-9.9,-14.5,69.0,17.0,25.0,102.58,2012,12,15,6,5,1,1.0,6.123233995736766e-17
29.1,17.3,49.0,7.0,26.349999999999998,101.92,2012,8,25,12,5,1,1.2246467991473532e-16,-1.0
1.7,-3.6,68.0,19.0,25.0,100.7,2012,2,17,21,4,0,-0.7071067811865477,0.7071067811865474
-4.5,-13.5,49.0,17.0,25.0,101.25,2012,1,26,19,3,0,-0.9659258262890684,0.2588190451025203
3.1,-13.0,30.0,11.0,25.0,100.78,2012,4,2,21,0,0,-0.7071067811865477,0.7071067811865474
10.6,2.1,56.0,11.0,26.349999999999998,101.68,2012,9,19,18,2,0,-1.0,-1.8369701987210297e-16
19.6,13.7,69.0,22.0,25.0,100.77,2012,8,6,2,0,0,0.49999999999999994,0.8660254037844387
25.2,16.5,59.0,7.0,26.349999999999998,101.01,2012,7,30,20,0,0,-0.8660254037844386,0.5000000000000001
1.5,1.1,97.0,15.0,22.750000000000004,99.57,2012,12,10,18,0,0,-1.0,-1.8369701987210297e-16
5.3,2.2,80.0,24.0,24.1,100.45,2012,11,3,11,5,1,0.258819045102521,-0.9659258262890682
2.0,-0.7,82.0,36.5,25.0,99.82,2012,4,23,4,0,0,0.8660254037844386,0.5000000000000001
19.5,19.0,97.0,0.0,22.750000000000004,100.65,2012,8,12,3,6,1,0.7071067811865476,0.7071067811865476
-4.1,-12.7,51.0,24.0,25.0,102.1,2012,3,10,3,5,1,0.7071067811865476,0.7071067811865476
2.6,-1.5,74.0,9.0,25.0,101.93,2012,10,24,5,2,0,0.9659258262890683,0.25881904510252074
20.6,16.8,79.0,13.0,26.349999999999998,100.79,2012,7,6,7,4,0,0.9659258262890683,-0.25881904510252063
21.9,7.7,40.0,11.0,25.0,101.34,2012,7,10,21,1,0,-0.7071067811865477,0.7071067811865474
18.5,11.7,65.0,0.0,25.0,101.65,2012,5,21,3,0,0,0.7071067811865476,0.7071067811865476
-13.3,-19.3,61.0,19.0,25.0,100.85,2012,1,3,6,1,0,1.0,6.123233995736766e-17
16.6,-3.0,26.0,6.0,26.349999999999998,101.61,2012,5,6,15,6,1,-0.7071067811865471,-0.7071067811865479
-10.3,-14.0,74.0,15.0,24.1,102.35,2012,12,26,13,2,0,-0.2588190451025208,-0.9659258262890683
12.6,5.6,62.0,32.0,24.1,100.3,2012,10,21,13,6,1,-0.2588190451025208,-0.9659258262890683
-15.0,-21.5,58.0,22.0,25.0,100.47,2012,3,5,3,0,0,0.7071067811865476,0.7071067811865476
20.0,5.8,39.0,11.0,26.349999999999998,101.53,2012,5,13,15,6,1,-0.7071067811865471,-0.7071067811865479
21.7,14.9,65.0,9.0,25.0,100.37,2012,8,17,21,4,0,-0.7071067811865477,0.7071067811865474
0.9,0.2,95.0,19.0,22.750000000000004,100.63,2012,12,17,15,0,0,-0.7071067811865471,-0.7071067811865479
-10.5,-12.8,83.0,11.0,25.0,101.34,2012,12,31,4,0,0,0.8660254037844386,0.5000000000000001
0.8,-2.5,79.0,9.0,25.0,102.79,2012,11,16,21,4,0,-0.7071067811865477,0.7071067811865474
13.8,7.8,67.0,15.0,25.0,101.22,2012,9,26,20,2,0,-0.8660254037844386,0.5000000000000001
15.9,7.7,58.0,30.0,25.0,100.9,2012,11,12,21,0,0,-0.7071067811865477,0.7071067811865474
27.7,14.8,45.0,15.0,24.1,100.44,2012,8,2,19,3,0,-0.9659258262890684,0.2588190451025203
-7.4,-15.6,52.0,15.0,25.0,101.94,2012,1,30,18,0,0,-1.0,-1.8369701987210297e-16
-13.6,-18.5,66.0,24.0,25.0,100.33,2012,3,5,1,0,0,0.25881904510252074,0.9659258262890683
8.8,8.4,97.0,7.0,22.750000000000004,100.36,2012,10,6,8,5,1,0.8660254037844387,-0.4999999999999998
9.6,3.2,64.0,24.0,24.1,100.8,2012,4,20,14,4,0,-0.4999999999999997,-0.8660254037844388
21.5,12.7,57.0,19.0,25.0,101.26,2012,8,22,23,2,0,-0.25881904510252157,0.9659258262890681
1.7,-0.9,83.0,7.0,22.750000000000004,101.96,2012,2,16,7,3,0,0.9659258262890683,-0.25881904510252063
15.1,12.0,82.0,22.0,25.0,100.42,2012,9,22,23,5,1,-0.25881904510252157,0.9659258262890681
6.0,4.6,91.0,7.0,25.0,101.76,2012,9,27,5,3,0,0.9659258262890683,0.25881904510252074
0.5,-1.5,86.0,11.0,22.750000000000004,100.12,2012,3,29,1,3,0,0.25881904510252074,0.9659258262890683
17.3,11.7,70.0,7.0,26.349999999999998,101.51,2012,9,2,8,6,1,0.8660254037844387,-0.4999999999999998
10.9,-1.3,43.0,36.5,26.349999999999998,101.51,2012,4,17,10,1,0,0.49999999999999994,-0.8660254037844387
4.6,-0.2,71.0,15.0,25.0,100.87,2012,3,13,3,1,0,0.7071067811865476,0.7071067811865476
-11.6,-18.6,56.0,32.0,26.349999999999998,102.32,2012,2,26,9,6,1,0.7071067811865476,-0.7071067811865475
-11.8,-16.0,71.0,19.0,22.750000000000004,100.61,2012,1,6,5,4,0,0.9659258262890683,0.25881904510252074
22.6,14.6,61.0,28.0,24.1,100.45,2012,8,31,5,4,0,0.9659258262890683,0.25881904510252074
1.4,-0.7,86.0,6.0,22.750000000000004,100.93,2012,3,13,22,1,0,-0.5000000000000004,0.8660254037844384
14.6,13.0,90.0,9.0,25.0,101.22,2012,10,2,20,1,0,-0.8660254037844386,0.5000000000000001
-7.6,-12.6,67.0,0.0,25.0,101.63,2012,2,20,1,0,0,0.25881904510252074,0.9659258262890683
-9.0,-14.1,66.0,4.0,25.0,102.15,2012,1,9,2,0,0,0.49999999999999994,0.8660254037844387
-0.8,-3.4,83.0,15.0,25.0,101.51,2012,12,14,3,4,0,0.7071067811865476,0.7071067811865476
8.7,4.0,72.0,22.0,25.0,100.79,2012,10,6,23,5,1,-0.25881904510252157,0.9659258262890681
12.3,7.4,72.0,24.0,25.0,101.02,2012,10,28,20,6,1,-0.8660254037844386,0.5000000000000001
18.7,13.8,73.0,19.0,24.1,100.31,2012,9,18,9,1,0,0.7071067811865476,-0.7071067811865475
11.7,7.6,76.0,7.0,26.349999999999998,101.94,2012,9,20,8,3,0,0.8660254037844387,-0.4999999999999998
25.3,7.4,32.0,9.0,26.349999999999998,101.45,2012,9,2,14,6,1,-0.4999999999999997,-0.8660254037844388
13.4,8.5,72.0,15.0,25.0,101.25,2012,9,20,22,3,0,-0.5000000000000004,0.8660254037844384
8.5,-9.3,27.0,28.0,26.349999999999998,101.08,2012,4,6,16,4,0,-0.8660254037844385,-0.5000000000000004
0.8,-1.0,88.0,17.0,22.750000000000004,99.99,2012,3,28,23,2,0,-0.25881904510252157,0.9659258262890681
-11.2,-15.5,70.0,28.0,22.750000000000004,100.01,2012,1,14,2,5,1,0.49999999999999994,0.8660254037844387
6.5,-3.8,48.0,19.0,24.1,99.98,2012,4,4,19,2,0,-0.9659258262890684,0.2588190451025203
12.8,-0.7,39.0,13.0,26.349999999999998,101.63,2012,5,5,13,5,1,-0.2588190451025208,-0.9659258262890683
25.2,23.0,88.0,24.0,22.750000000000004,100.4,2012,8,5,13,6,1,-0.2588190451025208,-0.9659258262890683
-13.7,-19.1,64.0,20.0,24.1,101.04,2012,2,11,9,5,1,0.7071067811865476,-0.7071067811865475
17.0,7.4,53.0,20.0,26.349999999999998,101.24,2012,5,28,9,0,0,0.7071067811865476,-0.7071067811865475
-2.5,-9.9,57.0,33.0,26.349999999999998,100.21,2012,11,25,12,6,1,1.2246467991473532e-16,-1.0
24.2,22.2,89.0,26.0,22.750000000000004,100.29,2012,8,5,19,6,1,-0.9659258262890684,0.2588190451025203
26.5,11.2,38.0,19.0,26.349999999999998,101.09,2012,7,10,15,1,0,-0.7071067811865471,-0.7071067811865479
20.4,18.2,87.0,36.5,24.1,99.09,2012,9,8,16,5,1,-0.8660254037844385,-0.5000000000000004
-4.0,-6.6,82.0,22.0,22.750000000000004,99.98,2012,1,27,5,4,0,0.9659258262890683,0.25881904510252074
25.7,16.7,58.0,17.0,24.1,101.49,2012,7,14,8,5,1,0.8660254037844387,-0.4999999999999998
12.9,0.1,41.0,9.0,25.0,100.77,2012,4,15,0,6,1,0.0,1.0
-8.1,-10.2,85.0,36.5,22.750000000000004,101.21,2012,12,27,3,3,0,0.7071067811865476,0.7071067811865476
13.5,9.3,76.0,9.0,25.0,101.15,2012,10,27,18,5,1,-1.0,-1.8369701987210297e-16
11.3,5.6,68.0,22.0,25.0,100.6,2012,10,21,19,6,1,-0.9659258262890684,0.2588190451025203
18.4,13.7,74.0,13.0,25.0,101.16,2012,7,29,1,6,1,0.25881904510252074,0.9659258262890683
5.8,5.6,99.0,15.0,22.750000000000004,100.65,2012,12,2,18,6,1,-1.0,-1.8369701987210297e-16
1.1,0.5,96.0,7.0,22.750000000000004,101.57,2012,3,14,10,2,0,0.49999999999999994,-0.8660254037844387
18.3,16.4,89.0,11.0,22.750000000000004,100.92,2012,5,22,7,1,0,0.9659258262890683,-0.25881904510252063
3.0,0.7,85.0,17.0,24.1,100.1,2012,4,1,16,6,1,-0.8660254037844385,-0.5000000000000004
1.4,0.2,92.0,36.5,22.750000000000004,99.015,2012,12,21,16,4,0,-0.8660254037844385,-0.5000000000000004
7.7,5.1,84.0,0.0,25.0,101.42,2012,9,24,0,0,0,0.0,1.0
19.3,6.9,44.0,15.0,26.349999999999998,101.43,2012,9,20,14,3,0,-0.4999999999999997,-0.8660254037844388
2.0,-5.4,58.0,6.0,25.0,101.5,2012,4,13,2,4,0,0.49999999999999994,0.8660254037844387
7.9,-4.2,42.0,4.0,25.0,101.56,2012,4,18,21,2,0,-0.7071067811865477,0.7071067811865474
12.6,9.8,83.0,24.0,24.1,101.19,2012,9,29,11,5,1,0.258819045102521,-0.9659258262890682
14.4,6.5,59.0,15.0,24.1,101.32,2012,9,10,10,0,0,0.49999999999999994,-0.8660254037844387
27.0,16.8,54.0,17.0,26.349999999999998,101.1,2012,6,17,15,6,1,-0.7071067811865471,-0.7071067811865479
0.7,-6.4,59.0,35.0,22.750000000000004,99.7,2012,11,24,15,5,1,-0.7071067811865471,-0.7071067811865479
-7.4,-14.1,59.0,17.0,22.750000000000004,100.27,2012,1,2,23,0,0,-0.25881904510252157,0.9659258262890681
26.2,18.6,63.0,17.0,25.0,101.27,2012,8,4,23,5,1,-0.25881904510252157,0.9659258262890681
-8.6,-12.0,76.0,26.0,25.0,101.34,2012,12,28,17,4,0,-0.9659258262890683,-0.25881904510252063
14.6,12.6,88.0,4.0,25.0,100.71,2012,5,16,0,2,0,0.0,1.0
14.2,10.3,77.0,4.0,25.0,101.9,2012,3,20,22,1,0,-0.5000000000000004,0.8660254037844384
24.3,16.7,63.0,11.0,26.349999999999998,100.69,2012,7,5,15,3,0,-0.7071067811865471,-0.7071067811865479
1.0,-0.5,90.0,13.0,25.0,102.07,2012,11,11,22,6,1,-0.5000000000000004,0.8660254037844384
18.7,9.6,55.0,7.0,26.349999999999998,101.87,2012,5,20,7,6,1,0.9659258262890683,-0.25881904510252063
25.5,15.3,53.0,22.0,26.349999999999998,100.08,2012,6,28,14,3,0,-0.4999999999999997,-0.8660254037844388
17.8,9.3,57.0,30.0,26.349999999999998,100.03,2012,6,3,17,6,1,-0.9659258262890683,-0.25881904510252063
2.9,-8.1,44.0,15.0,26.349999999999998,101.3,2012,3,31,10,5,1,0.49999999999999994,-0.8660254037844387
0.2,-10.4,45.0,7.0,25.0,101.39,2012,4,7,5,5,1,0.9659258262890683,0.25881904510252074
16.2,7.9,58.0,24.0,25.0,101.27,2012,9,20,19,3,0,-0.9659258262890684,0.2588190451025203
17.1,9.9,63.0,9.0,26.349999999999998,101.56,2012,7,20,7,4,0,0.9659258262890683,-0.25881904510252063
1.4,0.2,92.0,19.0,22.750000000000004,100.45,2012,2,17,3,4,0,0.7071067811865476,0.7071067811865476
30.4,13.0,34.0,24.0,26.349999999999998,101.37,2012,7,12,16,3,0,-0.8660254037844385,-0.5000000000000004
0.5,-0.2,95.0,24.0,22.750000000000004,100.0,2012,12,18,7,1,0,0.9659258262890683,-0.25881904510252063
-3.9,-8.7,69.0,11.0,25.0,100.97,2012,3,9,4,4,0,0.8660254037844386,0.5000000000000001
-14.8,-24.1,45.0,24.0,26.349999999999998,102.15,2012,1,20,16,4,0,-0.8660254037844385,-0.5000000000000004
-3.6,-8.6,68.0,17.0,25.0,101.22,2012,2,8,22,2,0,-0.5000000000000004,0.8660254037844384
2.5,-1.2,77.0,9.0,24.1,100.64,2012,3,29,9,3,0,0.7071067811865476,-0.7071067811865475
2.6,-3.9,62.0,26.0,24.1,100.66,2012,2,17,17,4,0,-0.9659258262890683,-0.25881904510252063
20.5,14.4,68.0,20.0,24.1,100.33,2012,6,8,13,4,0,-0.2588190451025208,-0.9659258262890683
-2.9,-9.0,63.0,20.0,25.0,99.7,2012,3,4,4,6,1,0.8660254037844386,0.5000000000000001
12.0,-0.1,43.0,13.0,26.349999999999998,101.9,2012,10,8,16,0,0,-0.8660254037844385,-0.5000000000000004
-1.0,-10.6,48.0,24.0,26.349999999999998,101.34,2012,11,26,13,0,0,-0.2588190451025208,-0.9659258262890683
19.5,13.4,68.0,19.0,24.1,101.0,2012,6,12,4,1,0,0.8660254037844386,0.5000000000000001
23.8,16.9,65.0,19.0,26.349999999999998,100.69,2012,7,6,9,4,0,0.7071067811865476,-0.7071067811865475
21.3,13.4,61.0,11.0,24.1,100.46,2012,7,1,7,6,1,0.9659258262890683,-0.25881904510252063
2.2,-0.2,84.0,7.0,25.0,100.96,2012,10,17,4,2,0,0.8660254037844386,0.5000000000000001
10.1,5.4,73.0,7.0,26.349999999999998,101.95,2012,3,17,18,5,1,-1.0,-1.8369701987210297e-16
1.0,-0.2,92.0,11.0,24.1,100.61,2012,12,19,13,2,0,-0.2588190451025208,-0.9659258262890683
19.0,10.9,59.0,19.0,26.349999999999998,100.84,2012,8,18,11,5,1,0.258819045102521,-0.9659258262890682
26.6,12.8,42.0,13.0,26.349999999999998,101.25,2012,9,3,17,0,0,-0.9659258262890683,-0.25881904510252063
16.6,13.9,84.0,7.0,24.1,101.08,2012,10,2,11,1,0,0.258819045102521,-0.9659258262890682
19.8,11.1,57.0,9.0,25.0,101.68,2012,9,11,19,1,0,-0.9659258262890684,0.2588190451025203
12.4,10.3,87.0,6.0,22.750000000000004,100.23,2012,5,29,7,1,0,0.9659258262890683,-0.25881904510252063
21.2,12.3,57.0,17.0,25.0,99.66,2012,6,30,3,5,1,0.7071067811865476,0.7071067811865476
1.1,-7.0,55.0,11.0,25.0,102.25,2012,4,18,3,2,0,0.7071067811865476,0.7071067811865476
-15.0,-21.9,56.0,19.0,24.1,101.2,2012,1,3,9,1,0,0.7071067811865476,-0.7071067811865475
13.8,12.0,89.0,6.0,25.0,100.65,2012,10,1,21,0,0,-0.7071067811865477,0.7071067811865474
18.9,10.7,59.0,11.0,26.349999999999998,102.2,2012,6,16,9,5,1,0.7071067811865476,-0.7071067811865475
27.3,16.7,52.0,24.0,24.1,100.79,2012,5,25,16,4,0,-0.8660254037844385,-0.5000000000000004
27.3,18.5,59.0,32.0,24.1,99.47,2012,6,29,12,4,0,1.2246467991473532e-16,-1.0
-0.4,-9.4,51.0,30.0,24.1,101.58,2012,12,5,16,2,0,-0.8660254037844385,-0.5000000000000004
-0.9,-5.7,70.0,7.0,25.0,102.81,2012,11,13,22,1,0,-0.5000000000000004,0.8660254037844384
-1.7,-7.1,67.0,7.0,25.0,102.45,2012,3,10,23,5,1,-0.25881904510252157,0.9659258262890681
8.3,0.7,59.0,9.0,26.349999999999998,101.74,2012,5,5,9,5,1,0.7071067811865476,-0.7071067811865475
-11.5,-14.4,79.0,19.0,22.750000000000004,100.06,2012,1,6,15,4,0,-0.7071067811865471,-0.7071067811865479
-5.7,-12.6,58.0,22.0,24.1,99.88,2012,3,4,7,6,1,0.9659258262890683,-0.25881904510252063
-0.8,-6.0,68.0,24.0,25.0,99.46,2012,3,4,1,6,1,0.25881904510252074,0.9659258262890683
-4.3,-10.9,60.0,15.0,26.349999999999998,101.52,2012,3,30,7,4,0,0.9659258262890683,-0.25881904510252063
16.8,-2.7,26.0,22.0,26.349999999999998,100.87,2012,5,11,18,4,0,-1.0,-1.8369701987210297e-16
2.8,-1.9,71.0,15.0,25.0,101.05,2012,11,4,7,6,1,0.9659258262890683,-0.25881904510252063
7.2,-6.4,37.0,7.0,26.349999999999998,102.31,2012,4,30,9,0,0,0.7071067811865476,-0.7071067811865475
2.3,-3.3,66.0,11.0,26.349999999999998,99.94,2012,3,28,10,2,0,0.49999999999999994,-0.8660254037844387
7.2,4.1,81.0,15.0,25.0,100.95,2012,10,22,6,0,0,1.0,6.123233995736766e-17
4.5,1.2,79.0,17.0,25.0,100.14,2012,11,3,3,5,1,0.7071067811865476,0.7071067811865476
5.9,-5.0,45.0,11.0,25.0,101.31,2012,4,7,23,5,1,-0.25881904510252157,0.9659258262890681
11.0,11.0,100.0,11.0,22.750000000000004,101.38,2012,10,3,5,2,0,0.9659258262890683,0.25881904510252074
24.7,18.0,66.0,15.0,24.1,100.83,2012,9,4,14,1,0,-0.4999999999999997,-0.8660254037844388
26.0,6.9,30.0,15.0,26.349999999999998,101.46,2012,5,19,17,5,1,-0.9659258262890683,-0.25881904510252063
12.4,9.6,83.0,22.0,24.1,101.27,2012,9,29,9,5,1,0.7071067811865476,-0.7071067811865475
15.7,12.0,79.0,15.0,24.1,100.61,2012,4,16,6,0,0,1.0,6.123233995736766e-17
24.7,13.8,51.0,22.0,26.349999999999998,100.51,2012,7,25,16,2,0,-0.8660254037844385,-0.5000000000000004
-7.6,-9.4,87.0,32.0,22.750000000000004,101.38,2012,12,16,15,6,1,-0.7071067811865471,-0.7071067811865479
-10.0,-16.3,60.0,15.0,25.0,103.135,2012,11,30,20,4,0,-0.8660254037844386,0.5000000000000001
-11.6,-15.9,70.0,20.0,25.0,101.77,2012,2,26,5,6,1,0.9659258262890683,0.25881904510252074
28.9,17.1,49.0,17.0,26.349999999999998,101.99,2012,8,26,12,6,1,1.2246467991473532e-16,-1.0
7.9,-10.0,27.0,19.0,26.349999999999998,100.6,2012,4,2,15,0,0,-0.7071067811865471,-0.7071067811865479
23.1,8.4,39.0,24.0,26.349999999999998,100.04,2012,5,30,17,2,0,-0.9659258262890683,-0.25881904510252063
5.5,3.9,89.0,9.0,22.750000000000004,101.29,2012,12,4,8,1,0,0.8660254037844387,-0.4999999999999998
19.5,4.0,36.0,17.0,26.349999999999998,101.29,2012,6,1,13,4,0,-0.2588190451025208,-0.9659258262890683
-5.3,-11.2,63.0,26.0,25.0,100.24,2012,2,25,20,5,1,-0.8660254037844386,0.5000000000000001
-12.1,-15.1,78.0,28.0,25.0,101.52,2012,12,30,23,6,1,-0.25881904510252157,0.9659258262890681
5.1,3.5,89.0,6.0,24.1,101.59,2012,10,23,6,1,0,1.0,6.123233995736766e-17
13.8,11.7,87.0,9.0,25.0,100.61,2012,10,1,20,0,0,-0.8660254037844386,0.5000000000000001
1.0,-10.8,41.0,13.0,25.0,101.44,2012,3,27,23,1,0,-0.25881904510252157,0.9659258262890681
14.7,6.8,59.0,9.0,26.349999999999998,101.72,2012,5,19,7,5,1,0.9659258262890683,-0.25881904510252063
19.2,-3.8,21.0,13.0,25.0,100.9,2012,5,7,20,0,0,-0.8660254037844386,0.5000000000000001
12.3,1.4,47.0,6.0,26.349999999999998,101.79,2012,3,12,14,0,0,-0.4999999999999997,-0.8660254037844388
-10.6,-13.7,78.0,11.0,24.1,102.44,2012,2,29,8,2,0,0.8660254037844387,-0.4999999999999998
6.6,-0.3,61.0,11.0,25.0,101.22,2012,3,12,23,0,0,-0.25881904510252157,0.9659258262890681
-9.7,-13.7,73.0,9.0,25.0,100.84,2012,1,17,2,1,0,0.49999999999999994,0.8660254037844387
